amc_name,scheme_code,scheme_name,instrument_name,instrument_type,isin,quantity,market_value_lakhs,portfolio_percent,reporting_date
Axis Mutual Fund,AXIS112,Axis Fixed Term Plan - Series 112 (1143 Days),7.40% Government of India (19/03/2026),Debt,IN000326C040,4726000.0,4672.2276,0.5706,2025-12-31
Axis Mutual Fund,AXIS112,Axis Fixed Term Plan - Series 112 (1143 Days),7.36% Government of India (12/03/2026),Debt,IN000326C057,3532800.0,3496.338,0.427,2025-12-31
Axis Mutual Fund,AXIS113,Axis Fixed Term Plan - Series 113 (1228 Days),7.59% Small Industries Dev Bank of India (10/02/2026) **,Debt,INE556F08KG3,1100.0,1101.7303,0.1108,2025-12-31
Axis Mutual Fund,AXIS113,Axis Fixed Term Plan - Series 113 (1228 Days),7.4% Indian Railway Finance Corporation Limited (18/04/2026) **,Debt,INE053F08239,950.0,952.2211,0.0958,2025-12-31
Axis Mutual Fund,AXIS113,Axis Fixed Term Plan - Series 113 (1228 Days),7.22% National Housing Bank (23/07/2026) **,Debt,INE557F08FR8,900.0,902.3031,0.0907,2025-12-31
Axis Mutual Fund,AXIS113,Axis Fixed Term Plan - Series 113 (1228 Days),7.58% Bharat Petroleum Corporation Limited (17/03/2026) **,Debt,INE029A08073,900.0,902.0322,0.0907,2025-12-31
Axis Mutual Fund,AXIS113,Axis Fixed Term Plan - Series 113 (1228 Days),7.57% National Bank For Agriculture and Rural Development (19/03/2026) **,Debt,INE261F08DW2,900.0,902.0034,0.0907,2025-12-31
Axis Mutual Fund,AXIS113,Axis Fixed Term Plan - Series 113 (1228 Days),7.6% REC Limited (27/02/2026) **,Debt,INE020B08EF4,900.0,901.4571,0.0907,2025-12-31
Axis Mutual Fund,AXIS113,Axis Fixed Term Plan - Series 113 (1228 Days),7.13% Power Finance Corporation Limited (15/07/2026) **,Debt,INE134E08LP1,89.0,890.9808,0.0896,2025-12-31
Axis Mutual Fund,AXIS113,Axis Fixed Term Plan - Series 113 (1228 Days),8.1432% LIC Housing Finance Limited (25/03/2026) **,Debt,INE115A07QG8,75.0,752.451,0.0757,2025-12-31
Axis Mutual Fund,AXIS113,Axis Fixed Term Plan - Series 113 (1228 Days),7.9873% Tata Capital Limited (17/04/2026) **,Debt,INE306N07NH1,75.0,751.4985,0.0756,2025-12-31
Axis Mutual Fund,AXIS113,Axis Fixed Term Plan - Series 113 (1228 Days),7.9237% Bajaj Housing Finance Limited (16/03/2026) **,Debt,INE377Y07375,50.0,501.483,0.0504,2025-12-31
Axis Mutual Fund,AXIS113,Axis Fixed Term Plan - Series 113 (1228 Days),7.35% NTPC Limited (17/04/2026) **,Debt,INE733E08247,500.0,500.853,0.0504,2025-12-31
Axis Mutual Fund,AXIS113,Axis Fixed Term Plan - Series 113 (1228 Days),8.05% NTPC Limited (05/05/2026) **,Debt,INE733E07KA6,25.0,251.0738,0.0253,2025-12-31
Axis Mutual Fund,AXIS113,Axis Fixed Term Plan - Series 113 (1228 Days),7.37% Power Finance Corporation Limited (22/05/2026) **,Debt,INE134E08MO2,50.0,50.0898,0.005,2025-12-31
Axis Mutual Fund,AXIS500,Axis Nifty 500 Index Fund,HDFC Bank Limited,Equity,INE040A01034,238102.0,2360.067,0.0754,2025-12-31
Axis Mutual Fund,AXIS500,Axis Nifty 500 Index Fund,Reliance Industries Limited,Equity,INE002A01018,105096.0,1650.4276,0.0527,2025-12-31
Axis Mutual Fund,AXIS500,Axis Nifty 500 Index Fund,ICICI Bank Limited,Equity,INE090A01021,111174.0,1492.9556,0.0477,2025-12-31
Axis Mutual Fund,AXIS500,Axis Nifty 500 Index Fund,Bharti Airtel Limited,Equity,INE397D01024,43369.0,913.1777,0.0292,2025-12-31
Axis Mutual Fund,AXIS500,Axis Nifty 500 Index Fund,Infosys Limited,Equity,INE009A01021,54525.0,880.7969,0.0281,2025-12-31
Axis Mutual Fund,AXIS500,Axis Nifty 500 Index Fund,Larsen & Toubro Limited,Equity,INE018A01030,18277.0,746.3413,0.0238,2025-12-31
Axis Mutual Fund,AXIS500,Axis Nifty 500 Index Fund,State Bank of India,Equity,INE062A01020,64585.0,634.3539,0.0203,2025-12-31
Axis Mutual Fund,AXIS500,Axis Nifty 500 Index Fund,ITC Limited,Equity,INE154A01025,150043.0,604.6733,0.0193,2025-12-31
Axis Mutual Fund,AXIS500,Axis Nifty 500 Index Fund,Axis Bank Limited,Equity,INE238A01034,44620.0,566.4063,0.0181,2025-12-31
Axis Mutual Fund,AXIS500,Axis Nifty 500 Index Fund,Mahindra & Mahindra Limited,Equity,INE101A01026,13899.0,515.5417,0.0165,2025-12-31
Axis Mutual Fund,AXIS500,Axis Nifty 500 Index Fund,Tata Consultancy Services Limited,Equity,INE467B01029,15917.0,510.3309,0.0163,2025-12-31
Axis Mutual Fund,AXIS500,Axis Nifty 500 Index Fund,Kotak Mahindra Bank Limited,Equity,INE237A01028,22887.0,503.7658,0.0161,2025-12-31
Axis Mutual Fund,AXIS500,Axis Nifty 500 Index Fund,Bajaj Finance Limited,Equity,INE296A01032,41328.0,407.8247,0.013,2025-12-31
Axis Mutual Fund,AXIS500,Axis Nifty 500 Index Fund,Maruti Suzuki India Limited,Equity,INE585B01010,2042.0,340.9527,0.0109,2025-12-31
Axis Mutual Fund,AXIS500,Axis Nifty 500 Index Fund,Hindustan Unilever Limited,Equity,INE030A01027,13832.0,320.3353,0.0102,2025-12-31
Axis Mutual Fund,AXIS500,Axis Nifty 500 Index Fund,Eternal Limited,Equity,INE758T01015,111874.0,311.0657,0.0099,2025-12-31
Axis Mutual Fund,AXIS500,Axis Nifty 500 Index Fund,Sun Pharmaceutical Industries Limited,Equity,INE044A01036,16428.0,282.5123,0.009,2025-12-31
Axis Mutual Fund,AXIS500,Axis Nifty 500 Index Fund,HCL Technologies Limited,Equity,INE860A01027,16421.0,266.5621,0.0085,2025-12-31
Axis Mutual Fund,AXIS500,Axis Nifty 500 Index Fund,Titan Company Limited,Equity,INE280A01028,6431.0,260.552,0.0083,2025-12-31
Axis Mutual Fund,AXIS500,Axis Nifty 500 Index Fund,NTPC Limited,Equity,INE733E01010,73956.0,243.722,0.0078,2025-12-31
Axis Mutual Fund,AXIS500,Axis Nifty 500 Index Fund,Tata Steel Limited,Equity,INE081A01020,129250.0,232.7534,0.0074,2025-12-31
Axis Mutual Fund,AXIS500,Axis Nifty 500 Index Fund,Bharat Electronics Limited,Equity,INE263A01024,55848.0,223.1686,0.0071,2025-12-31
Axis Mutual Fund,AXIS500,Axis Nifty 500 Index Fund,UltraTech Cement Limited,Equity,INE481G01011,1852.0,218.2397,0.007,2025-12-31
Axis Mutual Fund,AXIS500,Axis Nifty 500 Index Fund,Shriram Finance Limited,Equity,INE721A01047,21886.0,218.0283,0.007,2025-12-31
Axis Mutual Fund,AXIS500,Axis Nifty 500 Index Fund,Hindalco Industries Limited,Equity,INE038A01020,22631.0,200.6691,0.0064,2025-12-31
Axis Mutual Fund,AXIS500,Axis Nifty 500 Index Fund,Asian Paints Limited,Equity,INE021A01026,7063.0,195.6098,0.0063,2025-12-31
Axis Mutual Fund,AXIS500,Axis Nifty 500 Index Fund,Power Grid Corporation of India Limited,Equity,INE752E01010,70846.0,187.4585,0.006,2025-12-31
Axis Mutual Fund,AXIS500,Axis Nifty 500 Index Fund,Bajaj Finserv Limited,Equity,INE918I01026,8920.0,181.9591,0.0058,2025-12-31
Axis Mutual Fund,AXIS500,Axis Nifty 500 Index Fund,InterGlobe Aviation Limited,Equity,INE646L01027,3522.0,178.1956,0.0057,2025-12-31
Axis Mutual Fund,AXIS500,Axis Nifty 500 Index Fund,JSW Steel Limited,Equity,INE019A01038,14638.0,170.5034,0.0054,2025-12-31
Axis Mutual Fund,AXIS500,Axis Nifty 500 Index Fund,BSE Limited,Equity,INE118H01025,6382.0,167.987,0.0054,2025-12-31
Axis Mutual Fund,AXIS500,Axis Nifty 500 Index Fund,Grasim Industries Limited,Equity,INE047A01021,5923.0,167.5617,0.0054,2025-12-31
Axis Mutual Fund,AXIS500,Axis Nifty 500 Index Fund,Bajaj Auto Limited,Equity,INE917I01010,1731.0,161.7273,0.0052,2025-12-31
Axis Mutual Fund,AXIS500,Axis Nifty 500 Index Fund,Vedanta Limited,Equity,INE205A01025,26305.0,158.9874,0.0051,2025-12-31
Axis Mutual Fund,AXIS500,Axis Nifty 500 Index Fund,Adani Ports and Special Economic Zone Limited,Equity,INE742F01042,10771.0,158.3122,0.0051,2025-12-31
Axis Mutual Fund,AXIS500,Axis Nifty 500 Index Fund,Tech Mahindra Limited,Equity,INE669C01036,9832.0,156.4173,0.005,2025-12-31
Axis Mutual Fund,AXIS500,Axis Nifty 500 Index Fund,Eicher Motors Limited,Equity,INE066A01021,2130.0,155.7563,0.005,2025-12-31
Axis Mutual Fund,AXIS500,Axis Nifty 500 Index Fund,Jio Financial Services Limited,Equity,INE758E01017,51239.0,151.1294,0.0048,2025-12-31
Axis Mutual Fund,AXIS500,Axis Nifty 500 Index Fund,Trent Limited,Equity,INE849A01020,3439.0,147.1548,0.0047,2025-12-31
Axis Mutual Fund,AXIS500,Axis Nifty 500 Index Fund,Oil & Natural Gas Corporation Limited,Equity,INE213A01029,60225.0,144.7689,0.0046,2025-12-31
Axis Mutual Fund,AXIS500,Axis Nifty 500 Index Fund,Nestle India Limited,Equity,INE239A01024,11119.0,143.2127,0.0046,2025-12-31
Axis Mutual Fund,AXIS500,Axis Nifty 500 Index Fund,SBI Life Insurance Company Limited,Equity,INE123W01016,6943.0,141.2831,0.0045,2025-12-31
Axis Mutual Fund,AXIS500,Axis Nifty 500 Index Fund,Coal India Limited,Equity,INE522F01014,35194.0,140.4241,0.0045,2025-12-31
Axis Mutual Fund,AXIS500,Axis Nifty 500 Index Fund,TVS Motor Company Limited,Equity,INE494B01023,3630.0,135.0287,0.0043,2025-12-31
Axis Mutual Fund,AXIS500,Axis Nifty 500 Index Fund,Cipla Limited,Equity,INE059A01026,8714.0,131.6947,0.0042,2025-12-31
Axis Mutual Fund,AXIS500,Axis Nifty 500 Index Fund,Hindustan Aeronautics Limited,Equity,INE066F01020,2937.0,128.8961,0.0041,2025-12-31
Axis Mutual Fund,AXIS500,Axis Nifty 500 Index Fund,Divi's Laboratories Limited,Equity,INE361B01024,1986.0,126.9551,0.0041,2025-12-31
Axis Mutual Fund,AXIS500,Axis Nifty 500 Index Fund,HDFC Life Insurance Company Limited,Equity,INE795G01014,16636.0,124.745,0.004,2025-12-31
Axis Mutual Fund,AXIS500,Axis Nifty 500 Index Fund,Max Healthcare Institute Limited,Equity,INE027H01010,11532.0,120.5209,0.0039,2025-12-31
Axis Mutual Fund,AXIS500,Axis Nifty 500 Index Fund,Tata Consumer Products Limited,Equity,INE192A01025,10095.0,120.3324,0.0038,2025-12-31
Axis Mutual Fund,AXIS500,Axis Nifty 500 Index Fund,Dr. Reddy's Laboratories Limited,Equity,INE089A01031,9442.0,120.0456,0.0038,2025-12-31
Axis Mutual Fund,AXIS500,Axis Nifty 500 Index Fund,Tata Motors Passenger Vehicles Limited,Equity,INE155A01022,32360.0,118.8745,0.0038,2025-12-31
Axis Mutual Fund,AXIS500,Axis Nifty 500 Index Fund,Wipro Limited,Equity,INE075A01022,44148.0,116.2329,0.0037,2025-12-31
Axis Mutual Fund,AXIS500,Axis Nifty 500 Index Fund,Hero MotoCorp Limited,Equity,INE158A01026,2011.0,116.0548,0.0037,2025-12-31
Axis Mutual Fund,AXIS500,Axis Nifty 500 Index Fund,Bharat Petroleum Corporation Limited,Equity,INE029A01011,30019.0,115.273,0.0037,2025-12-31
Axis Mutual Fund,AXIS500,Axis Nifty 500 Index Fund,Apollo Hospitals Enterprise Limited,Equity,INE437A01024,1604.0,112.9617,0.0036,2025-12-31
Axis Mutual Fund,AXIS500,Axis Nifty 500 Index Fund,Cholamandalam Investment and Finance Company Ltd,Equity,INE121A01024,6536.0,111.2558,0.0036,2025-12-31
Axis Mutual Fund,AXIS500,Axis Nifty 500 Index Fund,Britannia Industries Limited,Equity,INE216A01030,1824.0,110.0054,0.0035,2025-12-31
Axis Mutual Fund,AXIS500,Axis Nifty 500 Index Fund,Persistent Systems Limited,Equity,INE262H01021,1677.0,105.1814,0.0034,2025-12-31
Axis Mutual Fund,AXIS500,Axis Nifty 500 Index Fund,Varun Beverages Limited,Equity,INE200M01039,21179.0,103.7453,0.0033,2025-12-31
Axis Mutual Fund,AXIS500,Axis Nifty 500 Index Fund,The Federal Bank Limited,Equity,INE171A01029,38563.0,103.0018,0.0033,2025-12-31
Axis Mutual Fund,AXIS500,Axis Nifty 500 Index Fund,The Indian Hotels Company Limited,Equity,INE053A01029,13618.0,100.6166,0.0032,2025-12-31
Axis Mutual Fund,AXIS500,Axis Nifty 500 Index Fund,Suzlon Energy Limited,Equity,INE040H01021,187379.0,98.6925,0.0032,2025-12-31
Axis Mutual Fund,AXIS500,Axis Nifty 500 Index Fund,Tata Power Company Limited,Equity,INE245A01021,25999.0,98.6922,0.0032,2025-12-31
Axis Mutual Fund,AXIS500,Axis Nifty 500 Index Fund,Indian Oil Corporation Limited,Equity,INE242A01010,57974.0,96.5035,0.0031,2025-12-31
Axis Mutual Fund,AXIS500,Axis Nifty 500 Index Fund,PB Fintech Limited,Equity,INE417T01026,5225.0,95.3876,0.003,2025-12-31
Axis Mutual Fund,AXIS500,Axis Nifty 500 Index Fund,Cummins India Limited,Equity,INE298A01020,2094.0,92.8563,0.003,2025-12-31
Axis Mutual Fund,AXIS500,Axis Nifty 500 Index Fund,Adani Enterprises Limited,Equity,INE423A01024,4030.0,90.2599,0.0029,2025-12-31
Axis Mutual Fund,AXIS500,Axis Nifty 500 Index Fund,IndusInd Bank Limited,Equity,INE095A01012,10362.0,89.5484,0.0029,2025-12-31
Axis Mutual Fund,AXIS500,Axis Nifty 500 Index Fund,Multi Commodity Exchange of India Limited,Equity,INE745G01035,799.0,88.9766,0.0028,2025-12-31
Axis Mutual Fund,AXIS500,Axis Nifty 500 Index Fund,LTIMindtree Limited,Equity,INE214T01019,1457.0,88.3452,0.0028,2025-12-31
Axis Mutual Fund,AXIS500,Axis Nifty 500 Index Fund,IDFC First Bank Limited,Equity,INE092T01019,102907.0,88.0987,0.0028,2025-12-31
Axis Mutual Fund,AXIS500,Axis Nifty 500 Index Fund,AU Small Finance Bank Limited,Equity,INE949L01017,8842.0,87.9337,0.0028,2025-12-31
Axis Mutual Fund,AXIS500,Axis Nifty 500 Index Fund,Adani Power Limited,Equity,INE814H01029,61063.0,87.314,0.0028,2025-12-31
Axis Mutual Fund,AXIS500,Axis Nifty 500 Index Fund,Coforge Limited,Equity,INE591G01025,5250.0,87.3075,0.0028,2025-12-31
Axis Mutual Fund,AXIS500,Axis Nifty 500 Index Fund,Avenue Supermarts Limited,Equity,INE192R01011,2278.0,86.1585,0.0028,2025-12-31
Axis Mutual Fund,AXIS500,Axis Nifty 500 Index Fund,Indus Towers Limited,Equity,INE121J01017,20445.0,85.6134,0.0027,2025-12-31
Axis Mutual Fund,AXIS500,Axis Nifty 500 Index Fund,Bank of Baroda,Equity,INE028A01039,28561.0,84.512,0.0027,2025-12-31
Axis Mutual Fund,AXIS500,Axis Nifty 500 Index Fund,HDFC Asset Management Company Limited,Equity,INE127D01025,3150.0,84.1743,0.0027,2025-12-31
Axis Mutual Fund,AXIS500,Axis Nifty 500 Index Fund,Samvardhana Motherson International Limited,Equity,INE775A01035,69664.0,83.555,0.0027,2025-12-31
Axis Mutual Fund,AXIS500,Axis Nifty 500 Index Fund,Canara Bank,Equity,INE476A01022,53029.0,82.1472,0.0026,2025-12-31
Axis Mutual Fund,AXIS500,Axis Nifty 500 Index Fund,One 97 Communications Limited,Equity,INE982J01020,6310.0,81.9606,0.0026,2025-12-31
Axis Mutual Fund,AXIS500,Axis Nifty 500 Index Fund,Ashok Leyland Limited,Equity,INE208A01029,45022.0,80.6749,0.0026,2025-12-31
Axis Mutual Fund,AXIS500,Axis Nifty 500 Index Fund,Lupin Limited,Equity,INE326A01037,3808.0,80.3298,0.0026,2025-12-31
Axis Mutual Fund,AXIS500,Axis Nifty 500 Index Fund,Info Edge (India) Limited,Equity,INE663F01032,6016.0,80.2294,0.0026,2025-12-31
Axis Mutual Fund,AXIS500,Axis Nifty 500 Index Fund,Power Finance Corporation Limited,Equity,INE134E01011,22567.0,80.2031,0.0026,2025-12-31
Axis Mutual Fund,AXIS500,Axis Nifty 500 Index Fund,Swiggy Limited,Equity,INE00H001014,20681.0,79.8804,0.0026,2025-12-31
Axis Mutual Fund,AXIS500,Axis Nifty 500 Index Fund,Godrej Consumer Products Limited,Equity,INE102D01028,6306.0,77.0719,0.0025,2025-12-31
Axis Mutual Fund,AXIS500,Axis Nifty 500 Index Fund,Bajaj Holdings & Investment Limited,Equity,INE118A01012,680.0,77.0304,0.0025,2025-12-31
Axis Mutual Fund,AXIS500,Axis Nifty 500 Index Fund,Dixon Technologies (India) Limited,Equity,INE935N01020,634.0,76.7267,0.0025,2025-12-31
Axis Mutual Fund,AXIS500,Axis Nifty 500 Index Fund,Hindustan Petroleum Corporation Limited,Equity,INE094A01015,15161.0,75.661,0.0024,2025-12-31
Axis Mutual Fund,AXIS500,Axis Nifty 500 Index Fund,ICICI Lombard General Insurance Company Limited,Equity,INE765G01017,3768.0,73.9319,0.0024,2025-12-31
Axis Mutual Fund,AXIS500,Axis Nifty 500 Index Fund,Fortis Healthcare Limited,Equity,INE061F01013,8209.0,72.5676,0.0023,2025-12-31
Axis Mutual Fund,AXIS500,Axis Nifty 500 Index Fund,Pidilite Industries Limited,Equity,INE318A01026,4869.0,72.1781,0.0023,2025-12-31
Axis Mutual Fund,AXIS500,Axis Nifty 500 Index Fund,GAIL (India) Limited,Equity,INE129A01019,41721.0,71.8269,0.0023,2025-12-31
Axis Mutual Fund,AXIS500,Axis Nifty 500 Index Fund,SRF Limited,Equity,INE647A01010,2284.0,70.233,0.0022,2025-12-31
Axis Mutual Fund,AXIS500,Axis Nifty 500 Index Fund,REC Limited,Equity,INE020B01018,19668.0,70.1754,0.0022,2025-12-31
Axis Mutual Fund,AXIS500,Axis Nifty 500 Index Fund,UPL Limited,Equity,INE628A01036,8777.0,69.7903,0.0022,2025-12-31
Axis Mutual Fund,AXIS500,Axis Nifty 500 Index Fund,DLF Limited,Equity,INE271C01023,10106.0,69.4686,0.0022,2025-12-31
Axis Mutual Fund,AXIS500,Axis Nifty 500 Index Fund,Max Financial Services Limited,Equity,INE180A01020,4149.0,69.363,0.0022,2025-12-31
Axis Mutual Fund,AXIS500,Axis Nifty 500 Index Fund,CG Power and Industrial Solutions Limited,Equity,INE067A01029,10650.0,69.0014,0.0022,2025-12-31
Axis Mutual Fund,AXIS500,Axis Nifty 500 Index Fund,Laurus Labs Limited,Equity,INE947Q01028,6172.0,68.3858,0.0022,2025-12-31
Axis Mutual Fund,AXIS500,Axis Nifty 500 Index Fund,Punjab National Bank,Equity,INE160A01022,54425.0,67.2584,0.0021,2025-12-31
Axis Mutual Fund,AXIS500,Axis Nifty 500 Index Fund,United Spirits Limited,Equity,INE854D01024,4656.0,67.2187,0.0021,2025-12-31
Axis Mutual Fund,AXIS500,Axis Nifty 500 Index Fund,Muthoot Finance Limited,Equity,INE414G01012,1689.0,64.3796,0.0021,2025-12-31
Axis Mutual Fund,AXIS500,Axis Nifty 500 Index Fund,Torrent Pharmaceuticals Limited,Equity,INE685A01028,1648.0,63.448,0.002,2025-12-31
Axis Mutual Fund,AXIS500,Axis Nifty 500 Index Fund,Marico Limited,Equity,INE196A01026,8340.0,62.6,0.002,2025-12-31
Axis Mutual Fund,AXIS500,Axis Nifty 500 Index Fund,Polycab India Limited,Equity,INE455K01017,819.0,62.3996,0.002,2025-12-31
Axis Mutual Fund,AXIS500,Axis Nifty 500 Index Fund,Bharat Forge Limited,Equity,INE465A01025,4214.0,61.9627,0.002,2025-12-31
Axis Mutual Fund,AXIS500,Axis Nifty 500 Index Fund,GE Vernova T&D India Limited,Equity,INE200A01026,1962.0,61.4597,0.002,2025-12-31
Axis Mutual Fund,AXIS500,Axis Nifty 500 Index Fund,Jindal Steel Limited,Equity,INE749A01030,5799.0,61.1099,0.002,2025-12-31
Axis Mutual Fund,AXIS500,Axis Nifty 500 Index Fund,Yes Bank Limited,Equity,INE528G01035,273920.0,59.1667,0.0019,2025-12-31
Axis Mutual Fund,AXIS500,Axis Nifty 500 Index Fund,GMR Airports Limited,Equity,INE776C01039,56594.0,59.0672,0.0019,2025-12-31
Axis Mutual Fund,AXIS500,Axis Nifty 500 Index Fund,Bharat Heavy Electricals Limited,Equity,INE257A01026,20221.0,58.1253,0.0019,2025-12-31
Axis Mutual Fund,AXIS500,Axis Nifty 500 Index Fund,Sundaram Finance Limited,Equity,INE660A01013,1082.0,57.1599,0.0018,2025-12-31
Axis Mutual Fund,AXIS500,Axis Nifty 500 Index Fund,FSN E-Commerce Ventures Limited,Equity,INE388Y01029,21442.0,56.8535,0.0018,2025-12-31
Axis Mutual Fund,AXIS500,Axis Nifty 500 Index Fund,Havells India Limited,Equity,INE176B01034,3977.0,56.6683,0.0018,2025-12-31
Axis Mutual Fund,AXIS500,Axis Nifty 500 Index Fund,Shree Cement Limited,Equity,INE070A01015,210.0,55.8075,0.0018,2025-12-31
Axis Mutual Fund,AXIS500,Axis Nifty 500 Index Fund,Adani Energy Solutions Limited,Equity,INE931S01010,5377.0,55.2406,0.0018,2025-12-31
Axis Mutual Fund,AXIS500,Axis Nifty 500 Index Fund,APL Apollo Tubes Limited,Equity,INE702C01027,2852.0,54.5873,0.0017,2025-12-31
Axis Mutual Fund,AXIS500,Axis Nifty 500 Index Fund,The Phoenix Mills Limited,Equity,INE211B01039,2937.0,54.4373,0.0017,2025-12-31
Axis Mutual Fund,AXIS500,Axis Nifty 500 Index Fund,Ambuja Cements Limited,Equity,INE079A01024,9674.0,53.8213,0.0017,2025-12-31
Axis Mutual Fund,AXIS500,Axis Nifty 500 Index Fund,Aurobindo Pharma Limited,Equity,INE406A01037,4416.0,52.2413,0.0017,2025-12-31
Axis Mutual Fund,AXIS500,Axis Nifty 500 Index Fund,Hyundai Motor India Ltd,Equity,INE0V6F01027,2221.0,51.0386,0.0016,2025-12-31
Axis Mutual Fund,AXIS500,Axis Nifty 500 Index Fund,Mphasis Limited,Equity,INE356A01018,1794.0,50.0741,0.0016,2025-12-31
Axis Mutual Fund,AXIS500,Axis Nifty 500 Index Fund,Alkem Laboratories Limited,Equity,INE540L01014,908.0,49.999,0.0016,2025-12-31
Axis Mutual Fund,AXIS500,Axis Nifty 500 Index Fund,Adani Green Energy Limited,Equity,INE364U01010,4846.0,49.1917,0.0016,2025-12-31
Axis Mutual Fund,AXIS500,Axis Nifty 500 Index Fund,MRF Limited,Equity,INE883A01011,32.0,48.9136,0.0016,2025-12-31
Axis Mutual Fund,AXIS500,Axis Nifty 500 Index Fund,Voltas Limited,Equity,INE226A01021,3582.0,48.7582,0.0016,2025-12-31
Axis Mutual Fund,AXIS500,Axis Nifty 500 Index Fund,Bosch Limited,Equity,INE323A01026,135.0,48.654,0.0016,2025-12-31
Axis Mutual Fund,AXIS500,Axis Nifty 500 Index Fund,Glenmark Pharmaceuticals Limited,Equity,INE935A01035,2382.0,48.4785,0.0015,2025-12-31
Axis Mutual Fund,AXIS500,Axis Nifty 500 Index Fund,Godrej Properties Limited,Equity,INE484J01027,2377.0,47.6446,0.0015,2025-12-31
Axis Mutual Fund,AXIS500,Axis Nifty 500 Index Fund,360 One WAM Limited,Equity,INE466L01038,3954.0,47.0526,0.0015,2025-12-31
Axis Mutual Fund,AXIS500,Axis Nifty 500 Index Fund,Dabur India Limited,Equity,INE016A01026,9298.0,46.8247,0.0015,2025-12-31
Axis Mutual Fund,AXIS500,Axis Nifty 500 Index Fund,Solar Industries India Limited,Equity,INE343H01029,382.0,46.8026,0.0015,2025-12-31
Axis Mutual Fund,AXIS500,Axis Nifty 500 Index Fund,Lodha Developers Limited,Equity,INE670K01029,4408.0,46.7821,0.0015,2025-12-31
Axis Mutual Fund,AXIS500,Axis Nifty 500 Index Fund,Union Bank of India,Equity,INE692A01016,30421.0,46.7753,0.0015,2025-12-31
Axis Mutual Fund,AXIS500,Axis Nifty 500 Index Fund,Indian Bank,Equity,INE562A01011,5576.0,46.6851,0.0015,2025-12-31
Axis Mutual Fund,AXIS500,Axis Nifty 500 Index Fund,Vodafone Idea Limited,Equity,INE669E01016,433420.0,46.636,0.0015,2025-12-31
Axis Mutual Fund,AXIS500,Axis Nifty 500 Index Fund,NMDC Limited,Equity,INE584A01023,54491.0,45.3202,0.0014,2025-12-31
Axis Mutual Fund,AXIS500,Axis Nifty 500 Index Fund,National Aluminium Company Limited,Equity,INE139A01034,14093.0,44.2943,0.0014,2025-12-31
Axis Mutual Fund,AXIS500,Axis Nifty 500 Index Fund,Waaree Energies Limited,Equity,INE377N01017,1474.0,43.7498,0.0014,2025-12-31
Axis Mutual Fund,AXIS500,Axis Nifty 500 Index Fund,Vishal Mega Mart Limited,Equity,INE01EA01019,31908.0,43.5129,0.0014,2025-12-31
Axis Mutual Fund,AXIS500,Axis Nifty 500 Index Fund,KEI Industries Limited,Equity,INE878B01027,973.0,43.3977,0.0014,2025-12-31
Axis Mutual Fund,AXIS500,Axis Nifty 500 Index Fund,Tube Investments of India Limited,Equity,INE974X01010,1650.0,43.1327,0.0014,2025-12-31
Axis Mutual Fund,AXIS500,Axis Nifty 500 Index Fund,Colgate Palmolive (India) Limited,Equity,INE259A01022,2073.0,43.0293,0.0014,2025-12-31
Axis Mutual Fund,AXIS500,Axis Nifty 500 Index Fund,Siemens Limited,Equity,INE003A01024,1399.0,42.8556,0.0014,2025-12-31
Axis Mutual Fund,AXIS500,Axis Nifty 500 Index Fund,Jindal Stainless Limited,Equity,INE220G01021,5092.0,42.7346,0.0014,2025-12-31
Axis Mutual Fund,AXIS500,Axis Nifty 500 Index Fund,ABB India Limited,Equity,INE117A01022,826.0,42.7042,0.0014,2025-12-31
Axis Mutual Fund,AXIS500,Axis Nifty 500 Index Fund,Prestige Estates Projects Limited,Equity,INE811K01011,2666.0,42.5174,0.0014,2025-12-31
Axis Mutual Fund,AXIS500,Axis Nifty 500 Index Fund,Aditya Birla Capital Limited,Equity,INE674K01013,11827.0,42.3052,0.0014,2025-12-31
Axis Mutual Fund,AXIS500,Axis Nifty 500 Index Fund,Coromandel International Limited,Equity,INE169A01031,1859.0,42.1324,0.0013,2025-12-31
Axis Mutual Fund,AXIS500,Axis Nifty 500 Index Fund,Mahindra & Mahindra Financial Services Limited,Equity,INE774D01024,10417.0,41.9805,0.0013,2025-12-31
Axis Mutual Fund,AXIS500,Axis Nifty 500 Index Fund,PI Industries Limited,Equity,INE603J01030,1278.0,41.3842,0.0013,2025-12-31
Axis Mutual Fund,AXIS500,Axis Nifty 500 Index Fund,ICICI Prudential Life Insurance Company Limited,Equity,INE726G01019,6149.0,41.0907,0.0013,2025-12-31
Axis Mutual Fund,AXIS500,Axis Nifty 500 Index Fund,Hindustan Zinc Limited,Equity,INE267A01025,6672.0,40.8627,0.0013,2025-12-31
Axis Mutual Fund,AXIS500,Axis Nifty 500 Index Fund,SBI Cards and Payment Services Limited,Equity,INE018E01016,4716.0,40.6378,0.0013,2025-12-31
Axis Mutual Fund,AXIS500,Axis Nifty 500 Index Fund,JSW Energy Limited,Equity,INE121E01018,8414.0,40.5933,0.0013,2025-12-31
Axis Mutual Fund,AXIS500,Axis Nifty 500 Index Fund,Central Depository Services (India) Limited,Equity,INE736A01011,2807.0,40.5219,0.0013,2025-12-31
Axis Mutual Fund,AXIS500,Axis Nifty 500 Index Fund,Radico Khaitan Limited,Equity,INE944F01028,1226.0,40.4384,0.0013,2025-12-31
Axis Mutual Fund,AXIS500,Axis Nifty 500 Index Fund,L&T Finance Limited,Equity,INE498L01015,12671.0,40.034,0.0013,2025-12-31
Axis Mutual Fund,AXIS500,Axis Nifty 500 Index Fund,NHPC Limited,Equity,INE848E01016,49856.0,39.4959,0.0013,2025-12-31
Axis Mutual Fund,AXIS500,Axis Nifty 500 Index Fund,Torrent Power Limited,Equity,INE813H01021,3002.0,39.2271,0.0013,2025-12-31
Axis Mutual Fund,AXIS500,Axis Nifty 500 Index Fund,Karur Vysya Bank Limited,Equity,INE036D01028,14832.0,39.1313,0.0013,2025-12-31
Axis Mutual Fund,AXIS500,Axis Nifty 500 Index Fund,Mankind Pharma Limited,Equity,INE634S01028,1781.0,39.1197,0.0013,2025-12-31
Axis Mutual Fund,AXIS500,Axis Nifty 500 Index Fund,Biocon Limited,Equity,INE376G01013,9356.0,36.8533,0.0012,2025-12-31
Axis Mutual Fund,AXIS500,Axis Nifty 500 Index Fund,Hitachi Energy India Limited,Equity,INE07Y701011,200.0,36.62,0.0012,2025-12-31
Axis Mutual Fund,AXIS500,Axis Nifty 500 Index Fund,JK Cement Limited,Equity,INE823G01014,659.0,36.4493,0.0012,2025-12-31
Axis Mutual Fund,AXIS500,Axis Nifty 500 Index Fund,Oil India Limited,Equity,INE274J01014,8571.0,36.371,0.0012,2025-12-31
Axis Mutual Fund,AXIS500,Axis Nifty 500 Index Fund,UNO Minda Limited,Equity,INE405E01023,2819.0,36.2467,0.0012,2025-12-31
Axis Mutual Fund,AXIS500,Axis Nifty 500 Index Fund,Zydus Lifesciences Limited,Equity,INE010B01027,3937.0,35.998,0.0012,2025-12-31
Axis Mutual Fund,AXIS500,Axis Nifty 500 Index Fund,Blue Star Limited,Equity,INE472A01039,2038.0,35.2717,0.0011,2025-12-31
Axis Mutual Fund,AXIS500,Axis Nifty 500 Index Fund,Indian Railway Finance Corporation Limited,Equity,INE053F01010,28296.0,35.2625,0.0011,2025-12-31
Axis Mutual Fund,AXIS500,Axis Nifty 500 Index Fund,Siemens Energy India Limited,Equity,INE1NPP01017,1370.0,35.0734,0.0011,2025-12-31
Axis Mutual Fund,AXIS500,Axis Nifty 500 Index Fund,Page Industries Limited,Equity,INE761H01022,96.0,34.6032,0.0011,2025-12-31
Axis Mutual Fund,AXIS500,Axis Nifty 500 Index Fund,Supreme Industries Limited,Equity,INE195A01028,1015.0,34.0411,0.0011,2025-12-31
Axis Mutual Fund,AXIS500,Axis Nifty 500 Index Fund,Sona BLW Precision Forgings Limited,Equity,INE073K01018,7095.0,34.0134,0.0011,2025-12-31
Axis Mutual Fund,AXIS500,Axis Nifty 500 Index Fund,Tata Communications Limited,Equity,INE151A01013,1851.0,33.7863,0.0011,2025-12-31
Axis Mutual Fund,AXIS500,Axis Nifty 500 Index Fund,Petronet LNG Limited,Equity,INE347G01014,11869.0,33.7198,0.0011,2025-12-31
Axis Mutual Fund,AXIS500,Axis Nifty 500 Index Fund,Jubilant Foodworks Limited,Equity,INE797F01020,6009.0,33.5663,0.0011,2025-12-31
Axis Mutual Fund,AXIS500,Axis Nifty 500 Index Fund,Steel Authority of India Limited,Equity,INE114A01011,22731.0,33.4123,0.0011,2025-12-31
Axis Mutual Fund,AXIS500,Axis Nifty 500 Index Fund,City Union Bank Limited,Equity,INE491A01021,11407.0,33.1716,0.0011,2025-12-31
Axis Mutual Fund,AXIS500,Axis Nifty 500 Index Fund,Delhivery Limited,Equity,INE148O01028,8093.0,32.6836,0.001,2025-12-31
Axis Mutual Fund,AXIS500,Axis Nifty 500 Index Fund,Indian Railway Catering And Tourism Corporation Limited,Equity,INE335Y01020,4742.0,32.4637,0.001,2025-12-31
Axis Mutual Fund,AXIS500,Axis Nifty 500 Index Fund,Navin Fluorine International Limited,Equity,INE048G01026,548.0,32.4416,0.001,2025-12-31
Axis Mutual Fund,AXIS500,Axis Nifty 500 Index Fund,Rail Vikas Nigam Limited,Equity,INE415G01027,8926.0,31.8881,0.001,2025-12-31
Axis Mutual Fund,AXIS500,Axis Nifty 500 Index Fund,IPCA Laboratories Limited,Equity,INE571A01038,2203.0,31.2584,0.001,2025-12-31
Axis Mutual Fund,AXIS500,Axis Nifty 500 Index Fund,Oberoi Realty Limited,Equity,INE093I01010,1860.0,31.0732,0.001,2025-12-31
Axis Mutual Fund,AXIS500,Axis Nifty 500 Index Fund,KPIT Technologies Limited,Equity,INE04I401011,2567.0,30.0981,0.001,2025-12-31
Axis Mutual Fund,AXIS500,Axis Nifty 500 Index Fund,Life Insurance Corporation Of India,Equity,INE0J1Y01017,3506.0,29.9728,0.001,2025-12-31
Axis Mutual Fund,AXIS500,Axis Nifty 500 Index Fund,RBL Bank Limited,Equity,INE976G01028,9422.0,29.7547,0.001,2025-12-31
Axis Mutual Fund,AXIS500,Axis Nifty 500 Index Fund,Kalyan Jewellers India Limited,Equity,INE303R01014,6078.0,29.4996,0.0009,2025-12-31
Axis Mutual Fund,AXIS500,Axis Nifty 500 Index Fund,Balkrishna Industries Limited,Equity,INE787D01026,1266.0,29.3674,0.0009,2025-12-31
Axis Mutual Fund,AXIS500,Axis Nifty 500 Index Fund,Mazagon Dock Shipbuilders Limited,Equity,INE249Z01020,1176.0,29.2848,0.0009,2025-12-31
Axis Mutual Fund,AXIS500,Axis Nifty 500 Index Fund,ITC Hotels Limited,Equity,INE379A01028,14502.0,28.6313,0.0009,2025-12-31
Axis Mutual Fund,AXIS500,Axis Nifty 500 Index Fund,Patanjali Foods Limited,Equity,INE619A01035,5240.0,28.5842,0.0009,2025-12-31
Axis Mutual Fund,AXIS500,Axis Nifty 500 Index Fund,Tata Elxsi Limited,Equity,INE670A01012,544.0,28.5083,0.0009,2025-12-31
Axis Mutual Fund,AXIS500,Axis Nifty 500 Index Fund,Oracle Financial Services Software Limited,Equity,INE881D01027,370.0,28.4419,0.0009,2025-12-31
Axis Mutual Fund,AXIS500,Axis Nifty 500 Index Fund,Container Corporation of India Limited,Equity,INE111A01025,5412.0,28.4103,0.0009,2025-12-31
Axis Mutual Fund,AXIS500,Axis Nifty 500 Index Fund,Cholamandalam Financial Holdings Limited,Equity,INE149A01033,1565.0,28.3719,0.0009,2025-12-31
Axis Mutual Fund,AXIS500,Axis Nifty 500 Index Fund,Computer Age Management Services Limited,Equity,INE596I01020,3762.0,27.8727,0.0009,2025-12-31
Axis Mutual Fund,AXIS500,Axis Nifty 500 Index Fund,Bank of India,Equity,INE084A01016,19193.0,27.6091,0.0009,2025-12-31
Axis Mutual Fund,AXIS500,Axis Nifty 500 Index Fund,PNB Housing Finance Limited,Equity,INE572E01012,2888.0,27.4793,0.0009,2025-12-31
Axis Mutual Fund,AXIS500,Axis Nifty 500 Index Fund,Lloyds Metals And Energy Limited,Equity,INE281B01032,2053.0,27.1263,0.0009,2025-12-31
Axis Mutual Fund,AXIS500,Axis Nifty 500 Index Fund,Astral Limited,Equity,INE006I01046,1943.0,26.9786,0.0009,2025-12-31
Axis Mutual Fund,AXIS500,Axis Nifty 500 Index Fund,Hindustan Copper Limited,Equity,INE531E01026,5187.0,26.8842,0.0009,2025-12-31
Axis Mutual Fund,AXIS500,Axis Nifty 500 Index Fund,Dalmia Bharat Limited,Equity,INE00R701025,1258.0,26.8067,0.0009,2025-12-31
Axis Mutual Fund,AXIS500,Axis Nifty 500 Index Fund,Manappuram Finance Limited,Equity,INE522D01027,8597.0,26.526,0.0008,2025-12-31
Axis Mutual Fund,AXIS500,Axis Nifty 500 Index Fund,Exide Industries Limited,Equity,INE302A01020,7151.0,25.9009,0.0008,2025-12-31
Axis Mutual Fund,AXIS500,Axis Nifty 500 Index Fund,LIC Housing Finance Limited,Equity,INE115A01026,4760.0,25.6826,0.0008,2025-12-31
Axis Mutual Fund,AXIS500,Axis Nifty 500 Index Fund,Authum Investment And Infrastructure Limited,Equity,INE206F01022,819.0,25.6625,0.0008,2025-12-31
Axis Mutual Fund,AXIS500,Axis Nifty 500 Index Fund,Crompton Greaves Consumer Electricals Limited,Equity,INE299U01018,10136.0,25.5681,0.0008,2025-12-31
Axis Mutual Fund,AXIS500,Axis Nifty 500 Index Fund,Redington Limited,Equity,INE891D01026,9346.0,25.4538,0.0008,2025-12-31
Axis Mutual Fund,AXIS500,Axis Nifty 500 Index Fund,Apollo Tyres Limited,Equity,INE438A01022,5055.0,25.275,0.0008,2025-12-31
Axis Mutual Fund,AXIS500,Axis Nifty 500 Index Fund,AIA Engineering Limited,Equity,INE212H01026,610.0,24.5068,0.0008,2025-12-31
Axis Mutual Fund,AXIS500,Axis Nifty 500 Index Fund,Schaeffler India Limited,Equity,INE513A01022,629.0,24.3989,0.0008,2025-12-31
Axis Mutual Fund,AXIS500,Axis Nifty 500 Index Fund,Nippon Life India Asset Management Limited,Equity,INE298J01013,2756.0,24.2432,0.0008,2025-12-31
Axis Mutual Fund,AXIS500,Axis Nifty 500 Index Fund,Berger Paints (I) Limited,Equity,INE463A01038,4503.0,24.1608,0.0008,2025-12-31
Axis Mutual Fund,AXIS500,Axis Nifty 500 Index Fund,Abbott India Limited,Equity,INE358A01014,83.0,24.0908,0.0008,2025-12-31
Axis Mutual Fund,AXIS500,Axis Nifty 500 Index Fund,Krishna Institute Of Medical Sciences Limited,Equity,INE967H01025,3885.0,23.6441,0.0008,2025-12-31
Axis Mutual Fund,AXIS500,Axis Nifty 500 Index Fund,Gujarat Fluorochemicals Limited,Equity,INE09N301011,641.0,23.501,0.0008,2025-12-31
Axis Mutual Fund,AXIS500,Axis Nifty 500 Index Fund,Angel One Limited,Equity,INE732I01013,991.0,23.229,0.0007,2025-12-31
Axis Mutual Fund,AXIS500,Axis Nifty 500 Index Fund,JB Chemicals & Pharmaceuticals Limited,Equity,INE572A01036,1255.0,22.8372,0.0007,2025-12-31
Axis Mutual Fund,AXIS500,Axis Nifty 500 Index Fund,KFin Technologies Limited,Equity,INE138Y01010,2069.0,22.3866,0.0007,2025-12-31
Axis Mutual Fund,AXIS500,Axis Nifty 500 Index Fund,IIFL Finance Limited,Equity,INE530B01024,3650.0,22.2833,0.0007,2025-12-31
Axis Mutual Fund,AXIS500,Axis Nifty 500 Index Fund,Apar Industries Limited,Equity,INE372A01015,263.0,22.0065,0.0007,2025-12-31
Axis Mutual Fund,AXIS500,Axis Nifty 500 Index Fund,Aster DM Healthcare Limited,Equity,INE914M01019,3546.0,21.8735,0.0007,2025-12-31
Axis Mutual Fund,AXIS500,Axis Nifty 500 Index Fund,Poonawalla Fincorp Limited,Equity,INE511C01022,4523.0,21.8438,0.0007,2025-12-31
Axis Mutual Fund,AXIS500,Axis Nifty 500 Index Fund,Bharti Hexacom Limited,Equity,INE343G01021,1189.0,21.66,0.0007,2025-12-31
Axis Mutual Fund,AXIS500,Axis Nifty 500 Index Fund,Cochin Shipyard Limited,Equity,INE704P01025,1334.0,21.6121,0.0007,2025-12-31
Axis Mutual Fund,AXIS500,Axis Nifty 500 Index Fund,Gland Pharma Limited,Equity,INE068V01023,1251.0,21.5422,0.0007,2025-12-31
Axis Mutual Fund,AXIS500,Axis Nifty 500 Index Fund,Indraprastha Gas Limited,Equity,INE203G01027,11063.0,21.5253,0.0007,2025-12-31
Axis Mutual Fund,AXIS500,Axis Nifty 500 Index Fund,Kalpataru Projects International Limited,Equity,INE220B01022,1788.0,21.4989,0.0007,2025-12-31
Axis Mutual Fund,AXIS500,Axis Nifty 500 Index Fund,Bharat Dynamics Limited,Equity,INE171Z01026,1453.0,21.3082,0.0007,2025-12-31
Axis Mutual Fund,AXIS500,Axis Nifty 500 Index Fund,The Ramco Cements Limited,Equity,INE331A01037,1993.0,21.058,0.0007,2025-12-31
Axis Mutual Fund,AXIS500,Axis Nifty 500 Index Fund,Neuland Laboratories Limited,Equity,INE794A01010,137.0,20.7898,0.0007,2025-12-31
Axis Mutual Fund,AXIS500,Axis Nifty 500 Index Fund,Amber Enterprises India Limited,Equity,INE371P01015,323.0,20.63,0.0007,2025-12-31
Axis Mutual Fund,AXIS500,Axis Nifty 500 Index Fund,Anand Rathi Wealth Limited,Equity,INE463V01026,660.0,20.5418,0.0007,2025-12-31
Axis Mutual Fund,AXIS500,Axis Nifty 500 Index Fund,Motilal Oswal Financial Services Limited,Equity,INE338I01027,2366.0,20.247,0.0006,2025-12-31
Axis Mutual Fund,AXIS500,Axis Nifty 500 Index Fund,Narayana Hrudayalaya Limited,Equity,INE410P01011,1063.0,20.112,0.0006,2025-12-31
Axis Mutual Fund,AXIS500,Axis Nifty 500 Index Fund,NBCC (India) Limited,Equity,INE095N01031,16354.0,19.9143,0.0006,2025-12-31
Axis Mutual Fund,AXIS500,Axis Nifty 500 Index Fund,Linde India Limited,Equity,INE473A01011,331.0,19.7127,0.0006,2025-12-31
Axis Mutual Fund,AXIS500,Axis Nifty 500 Index Fund,Bank of Maharashtra,Equity,INE457A01014,31563.0,19.5848,0.0006,2025-12-31
Axis Mutual Fund,AXIS500,Axis Nifty 500 Index Fund,Syngene International Limited,Equity,INE398R01022,2987.0,19.4454,0.0006,2025-12-31
Axis Mutual Fund,AXIS500,Axis Nifty 500 Index Fund,Brigade Enterprises Limited,Equity,INE791I01019,2192.0,19.3992,0.0006,2025-12-31
Axis Mutual Fund,AXIS500,Axis Nifty 500 Index Fund,Motherson Sumi Wiring India Limited,Equity,INE0FS801015,39825.0,19.3231,0.0006,2025-12-31
Axis Mutual Fund,AXIS500,Axis Nifty 500 Index Fund,Kaynes Technology India Limited,Equity,INE918Z01012,481.0,19.3025,0.0006,2025-12-31
Axis Mutual Fund,AXIS500,Axis Nifty 500 Index Fund,L&T Technology Services Limited,Equity,INE010V01017,432.0,19.2767,0.0006,2025-12-31
Axis Mutual Fund,AXIS500,Axis Nifty 500 Index Fund,Escorts Kubota Limited,Equity,INE042A01014,518.0,19.2686,0.0006,2025-12-31
Axis Mutual Fund,AXIS500,Axis Nifty 500 Index Fund,Sai Life Sciences Limited,Equity,INE570L01029,2121.0,19.2672,0.0006,2025-12-31
Axis Mutual Fund,AXIS500,Axis Nifty 500 Index Fund,Bandhan Bank Limited,Equity,INE545U01014,13130.0,19.1462,0.0006,2025-12-31
Axis Mutual Fund,AXIS500,Axis Nifty 500 Index Fund,Tata Chemicals Limited,Equity,INE092A01019,2484.0,19.0163,0.0006,2025-12-31
Axis Mutual Fund,AXIS500,Axis Nifty 500 Index Fund,Wockhardt Limited,Equity,INE049B01025,1309.0,18.9308,0.0006,2025-12-31
Axis Mutual Fund,AXIS500,Axis Nifty 500 Index Fund,Deepak Nitrite Limited,Equity,INE288B01029,1077.0,18.6504,0.0006,2025-12-31
Axis Mutual Fund,AXIS500,Axis Nifty 500 Index Fund,General Insurance Corporation of India,Equity,INE481Y01014,4889.0,18.6173,0.0006,2025-12-31
Axis Mutual Fund,AXIS500,Axis Nifty 500 Index Fund,Inox Wind Limited,Equity,INE066P01011,14972.0,18.4949,0.0006,2025-12-31
Axis Mutual Fund,AXIS500,Axis Nifty 500 Index Fund,Thermax Limited,Equity,INE152A01029,606.0,18.317,0.0006,2025-12-31
Axis Mutual Fund,AXIS500,Axis Nifty 500 Index Fund,United Breweries Limited,Equity,INE686F01025,1126.0,18.2603,0.0006,2025-12-31
Axis Mutual Fund,AXIS500,Axis Nifty 500 Index Fund,Ajanta Pharma Limited,Equity,INE031B01049,658.0,18.2194,0.0006,2025-12-31
Axis Mutual Fund,AXIS500,Axis Nifty 500 Index Fund,Procter & Gamble Hygiene and Health Care Limited,Equity,INE179A01014,139.0,18.0297,0.0006,2025-12-31
Axis Mutual Fund,AXIS500,Axis Nifty 500 Index Fund,Housing & Urban Development Corporation Limited,Equity,INE031A01017,7891.0,18.0017,0.0006,2025-12-31
Axis Mutual Fund,AXIS500,Axis Nifty 500 Index Fund,Affle 3i Limited,Equity,INE00WC01027,1000.0,17.994,0.0006,2025-12-31
Axis Mutual Fund,AXIS500,Axis Nifty 500 Index Fund,Himadri Speciality Chemical Limited,Equity,INE019C01026,3671.0,17.909,0.0006,2025-12-31
Axis Mutual Fund,AXIS500,Axis Nifty 500 Index Fund,Sammaan Capital Limited,Equity,INE148I01020,12226.0,17.8059,0.0006,2025-12-31
Axis Mutual Fund,AXIS500,Axis Nifty 500 Index Fund,Amara Raja Energy & Mobility Ltd,Equity,INE885A01032,1942.0,17.6635,0.0006,2025-12-31
Axis Mutual Fund,AXIS500,Axis Nifty 500 Index Fund,The Great Eastern Shipping Company Limited,Equity,INE017A01032,1560.0,17.6124,0.0006,2025-12-31
Axis Mutual Fund,AXIS500,Axis Nifty 500 Index Fund,Hexaware Technologies Limited,Equity,INE093A01041,2295.0,17.5694,0.0006,2025-12-31
Axis Mutual Fund,AXIS500,Axis Nifty 500 Index Fund,Asahi India Glass Limited,Equity,INE439A01020,1721.0,17.4682,0.0006,2025-12-31
Axis Mutual Fund,AXIS500,Axis Nifty 500 Index Fund,PTC Industries Limited,Equity,INE596F01018,94.0,17.4671,0.0006,2025-12-31
Axis Mutual Fund,AXIS500,Axis Nifty 500 Index Fund,Godfrey Phillips India Limited,Equity,INE260B01028,632.0,17.4577,0.0006,2025-12-31
Axis Mutual Fund,AXIS500,Axis Nifty 500 Index Fund,Nuvama Wealth Management Limited,Equity,INE531F01023,1175.0,17.3959,0.0006,2025-12-31
Axis Mutual Fund,AXIS500,Axis Nifty 500 Index Fund,Indian Renewable Energy Development Agency Limited,Equity,INE202E01016,12407.0,17.3574,0.0006,2025-12-31
Axis Mutual Fund,AXIS500,Axis Nifty 500 Index Fund,Dr. Lal Path Labs Limited,Equity,INE600L01024,1164.0,17.2575,0.0006,2025-12-31
Axis Mutual Fund,AXIS500,Axis Nifty 500 Index Fund,AWL Agri Business Limited,Equity,INE699H01024,7267.0,17.2446,0.0006,2025-12-31
Axis Mutual Fund,AXIS500,Axis Nifty 500 Index Fund,Tata Technologies Limited,Equity,INE142M01025,2669.0,17.1617,0.0005,2025-12-31
Axis Mutual Fund,AXIS500,Axis Nifty 500 Index Fund,ACC Limited,Equity,INE012A01025,974.0,16.9252,0.0005,2025-12-31
Axis Mutual Fund,AXIS500,Axis Nifty 500 Index Fund,Timken India Limited,Equity,INE325A01013,561.0,16.8474,0.0005,2025-12-31
Axis Mutual Fund,AXIS500,Axis Nifty 500 Index Fund,Firstsource Solutions Limited,Equity,INE684F01012,5006.0,16.8101,0.0005,2025-12-31
Axis Mutual Fund,AXIS500,Axis Nifty 500 Index Fund,Ather Energy Limited,Equity,INE0LEZ01016,2227.0,16.8083,0.0005,2025-12-31
Axis Mutual Fund,AXIS500,Axis Nifty 500 Index Fund,Piramal Pharma Limited,Equity,INE0DK501011,9730.0,16.756,0.0005,2025-12-31
Axis Mutual Fund,AXIS500,Axis Nifty 500 Index Fund,Welspun Corp Limited,Equity,INE191B01025,2053.0,16.7196,0.0005,2025-12-31
Axis Mutual Fund,AXIS500,Axis Nifty 500 Index Fund,CESC Limited,Equity,INE486A01021,9946.0,16.6655,0.0005,2025-12-31
Axis Mutual Fund,AXIS500,Axis Nifty 500 Index Fund,EID Parry India Limited,Equity,INE126A01031,1608.0,16.638,0.0005,2025-12-31
Axis Mutual Fund,AXIS500,Axis Nifty 500 Index Fund,ZF Commercial Vehicle Control Systems India Limited,Equity,INE342J01019,111.0,16.5146,0.0005,2025-12-31
Axis Mutual Fund,AXIS500,Axis Nifty 500 Index Fund,Emami Limited,Equity,INE548C01032,3105.0,16.413,0.0005,2025-12-31
Axis Mutual Fund,AXIS500,Axis Nifty 500 Index Fund,HBL Engineering Limited,Equity,INE292B01021,1767.0,16.373,0.0005,2025-12-31
Axis Mutual Fund,AXIS500,Axis Nifty 500 Index Fund,CRISIL Limited,Equity,INE007A01025,378.0,16.3356,0.0005,2025-12-31
Axis Mutual Fund,AXIS500,Axis Nifty 500 Index Fund,GlaxoSmithKline Pharmaceuticals Limited,Equity,INE159A01016,655.0,16.2021,0.0005,2025-12-31
Axis Mutual Fund,AXIS500,Axis Nifty 500 Index Fund,Sundram Fasteners Limited,Equity,INE387A01021,1732.0,16.1881,0.0005,2025-12-31
Axis Mutual Fund,AXIS500,Axis Nifty 500 Index Fund,K.P.R. Mill Limited,Equity,INE930H01031,1713.0,16.1433,0.0005,2025-12-31
Axis Mutual Fund,AXIS500,Axis Nifty 500 Index Fund,Elgi Equipments Limited,Equity,INE285A01027,3395.0,16.0838,0.0005,2025-12-31
Axis Mutual Fund,AXIS500,Axis Nifty 500 Index Fund,Indian Energy Exchange Limited,Equity,INE022Q01020,11942.0,16.0286,0.0005,2025-12-31
Axis Mutual Fund,AXIS500,Axis Nifty 500 Index Fund,Five Star Business Finance Limited,Equity,INE128S01021,2938.0,16.0224,0.0005,2025-12-31
Axis Mutual Fund,AXIS500,Axis Nifty 500 Index Fund,Kirloskar Oil Engines Limited,Equity,INE146L01010,1303.0,15.881,0.0005,2025-12-31
Axis Mutual Fund,AXIS500,Axis Nifty 500 Index Fund,eClerx Services Limited,Equity,INE738I01010,337.0,15.8232,0.0005,2025-12-31
Axis Mutual Fund,AXIS500,Axis Nifty 500 Index Fund,Global Health Limited,Equity,INE474Q01031,1324.0,15.7079,0.0005,2025-12-31
Axis Mutual Fund,AXIS500,Axis Nifty 500 Index Fund,Reliance Power Limited,Equity,INE614G01033,44261.0,15.425,0.0005,2025-12-31
Axis Mutual Fund,AXIS500,Axis Nifty 500 Index Fund,Home First Finance Company India Limited,Equity,INE481N01025,1399.0,15.4198,0.0005,2025-12-31
Axis Mutual Fund,AXIS500,Axis Nifty 500 Index Fund,Carborundum Universal Limited,Equity,INE120A01034,1799.0,15.3976,0.0005,2025-12-31
Axis Mutual Fund,AXIS500,Axis Nifty 500 Index Fund,Atul Limited,Equity,INE100A01010,250.0,15.3525,0.0005,2025-12-31
Axis Mutual Fund,AXIS500,Axis Nifty 500 Index Fund,Aptus Value Housing Finance India Limited,Equity,INE852O01025,5499.0,15.3477,0.0005,2025-12-31
Axis Mutual Fund,AXIS500,Axis Nifty 500 Index Fund,Star Health And Allied Insurance Company Limited,Equity,INE575P01011,3305.0,15.0378,0.0005,2025-12-31
Axis Mutual Fund,AXIS500,Axis Nifty 500 Index Fund,Premier Energies Limited,Equity,INE0BS701011,1778.0,14.9734,0.0005,2025-12-31
Axis Mutual Fund,AXIS500,Axis Nifty 500 Index Fund,Cyient Limited,Equity,INE136B01020,1337.0,14.945,0.0005,2025-12-31
Axis Mutual Fund,AXIS500,Axis Nifty 500 Index Fund,Onesource Specialty Pharma Limited,Equity,INE013P01021,824.0,14.9193,0.0005,2025-12-31
Axis Mutual Fund,AXIS500,Axis Nifty 500 Index Fund,Force Motors Limited,Equity,INE451A01017,72.0,14.8075,0.0005,2025-12-31
Axis Mutual Fund,AXIS500,Axis Nifty 500 Index Fund,Castrol India Limited,Equity,INE172A01027,7622.0,14.6762,0.0005,2025-12-31
Axis Mutual Fund,AXIS500,Axis Nifty 500 Index Fund,PG Electroplast Limited,Equity,INE457L01029,2516.0,14.4745,0.0005,2025-12-31
Axis Mutual Fund,AXIS500,Axis Nifty 500 Index Fund,JSW Infrastructure Ltd,Equity,INE880J01026,5017.0,14.2884,0.0005,2025-12-31
Axis Mutual Fund,AXIS500,Axis Nifty 500 Index Fund,Endurance Technologies Limited,Equity,INE913H01037,551.0,14.2703,0.0005,2025-12-31
Axis Mutual Fund,AXIS500,Axis Nifty 500 Index Fund,Aegis Logistics Limited,Equity,INE208C01025,1981.0,14.2157,0.0005,2025-12-31
Axis Mutual Fund,AXIS500,Axis Nifty 500 Index Fund,3M India Limited,Equity,INE470A01017,40.0,14.046,0.0004,2025-12-31
Axis Mutual Fund,AXIS500,Axis Nifty 500 Index Fund,KEC International Limited,Equity,INE389H01022,1901.0,14.0275,0.0004,2025-12-31
Axis Mutual Fund,AXIS500,Axis Nifty 500 Index Fund,Tata Investment Corporation Limited,Equity,INE672A01026,2010.0,14.0208,0.0004,2025-12-31
Axis Mutual Fund,AXIS500,Axis Nifty 500 Index Fund,Intellect Design Arena Limited,Equity,INE306R01017,1440.0,13.9824,0.0004,2025-12-31
Axis Mutual Fund,AXIS500,Axis Nifty 500 Index Fund,Bajaj Housing Finance Limited,Equity,INE377Y01014,14601.0,13.7731,0.0004,2025-12-31
Axis Mutual Fund,AXIS500,Axis Nifty 500 Index Fund,Gujarat State Petronet Limited,Equity,INE246F01010,4497.0,13.7721,0.0004,2025-12-31
Axis Mutual Fund,AXIS500,Axis Nifty 500 Index Fund,Aditya Birla Real Estate Limited,Equity,INE055A01016,821.0,13.7501,0.0004,2025-12-31
Axis Mutual Fund,AXIS500,Axis Nifty 500 Index Fund,NTPC Green Energy Limited,Equity,INE0ONG01011,14465.0,13.6767,0.0004,2025-12-31
Axis Mutual Fund,AXIS500,Axis Nifty 500 Index Fund,Deepak Fertilizers and Petrochemicals Corporation Limited,Equity,INE501A01019,1059.0,13.6304,0.0004,2025-12-31
Axis Mutual Fund,AXIS500,Axis Nifty 500 Index Fund,Granules India Limited,Equity,INE101D01020,2273.0,13.6039,0.0004,2025-12-31
Axis Mutual Fund,AXIS500,Axis Nifty 500 Index Fund,Craftsman Automation Limited,Equity,INE00LO01017,176.0,13.5335,0.0004,2025-12-31
Axis Mutual Fund,AXIS500,Axis Nifty 500 Index Fund,Cohance Lifesciences Limited,Equity,INE03QK01018,2542.0,13.437,0.0004,2025-12-31
Axis Mutual Fund,AXIS500,Axis Nifty 500 Index Fund,Jyoti CNC Automation Ltd,Equity,INE980O01024,1342.0,13.2764,0.0004,2025-12-31
Axis Mutual Fund,AXIS500,Axis Nifty 500 Index Fund,Nava Limited,Equity,INE725A01030,2311.0,13.1126,0.0004,2025-12-31
Axis Mutual Fund,AXIS500,Axis Nifty 500 Index Fund,Zee Entertainment Enterprises Limited,Equity,INE256A01028,14574.0,13.1108,0.0004,2025-12-31
Axis Mutual Fund,AXIS500,Axis Nifty 500 Index Fund,IRB Infrastructure Developers Limited,Equity,INE821I01022,31158.0,13.1019,0.0004,2025-12-31
Axis Mutual Fund,AXIS500,Axis Nifty 500 Index Fund,Jaiprakash Power Ventures Limited,Equity,INE351F01018,75594.0,12.987,0.0004,2025-12-31
Axis Mutual Fund,AXIS500,Axis Nifty 500 Index Fund,Jubilant Pharmova Limited,Equity,INE700A01033,1206.0,12.944,0.0004,2025-12-31
Axis Mutual Fund,AXIS500,Axis Nifty 500 Index Fund,Kajaria Ceramics Limited,Equity,INE217B01036,1323.0,12.8133,0.0004,2025-12-31
Axis Mutual Fund,AXIS500,Axis Nifty 500 Index Fund,NLC India Limited,Equity,INE589A01014,5113.0,12.7937,0.0004,2025-12-31
Axis Mutual Fund,AXIS500,Axis Nifty 500 Index Fund,Zensar Technologies Limited,Equity,INE520A01027,1809.0,12.729,0.0004,2025-12-31
Axis Mutual Fund,AXIS500,Axis Nifty 500 Index Fund,Eris Lifesciences Limited,Equity,INE406M01024,844.0,12.7073,0.0004,2025-12-31
Axis Mutual Fund,AXIS500,Axis Nifty 500 Index Fund,CEAT Limited,Equity,INE482A01020,332.0,12.6578,0.0004,2025-12-31
Axis Mutual Fund,AXIS500,Axis Nifty 500 Index Fund,Usha Martin Limited,Equity,INE228A01035,2738.0,12.4305,0.0004,2025-12-31
Axis Mutual Fund,AXIS500,Axis Nifty 500 Index Fund,Lemon Tree Hotels Limited,Equity,INE970X01018,7775.0,12.3825,0.0004,2025-12-31
Axis Mutual Fund,AXIS500,Axis Nifty 500 Index Fund,Sagility Limited,Equity,INE0W2G01015,23800.0,12.3808,0.0004,2025-12-31
Axis Mutual Fund,AXIS500,Axis Nifty 500 Index Fund,Go Digit General Insurance Limited,Equity,INE03JT01014,3547.0,12.223,0.0004,2025-12-31
Axis Mutual Fund,AXIS500,Axis Nifty 500 Index Fund,Aarti Industries Limited,Equity,INE769A01020,3246.0,12.1368,0.0004,2025-12-31
Axis Mutual Fund,AXIS500,Axis Nifty 500 Index Fund,Pfizer Limited,Equity,INE182A01018,242.0,12.0702,0.0004,2025-12-31
Axis Mutual Fund,AXIS500,Axis Nifty 500 Index Fund,Inventurus Knowledge Solutions Limited,Equity,INE115Q01022,721.0,11.9527,0.0004,2025-12-31
Axis Mutual Fund,AXIS500,Axis Nifty 500 Index Fund,Anant Raj Limited,Equity,INE242C01024,2151.0,11.7724,0.0004,2025-12-31
Axis Mutual Fund,AXIS500,Axis Nifty 500 Index Fund,Maharashtra Scooters Limited,Equity,INE288A01013,82.0,11.6629,0.0004,2025-12-31
Axis Mutual Fund,AXIS500,Axis Nifty 500 Index Fund,Natco Pharma Limited,Equity,INE987B01026,1273.0,11.4958,0.0004,2025-12-31
Axis Mutual Fund,AXIS500,Axis Nifty 500 Index Fund,Chambal Fertilizers & Chemicals Limited,Equity,INE085A01013,2377.0,11.4595,0.0004,2025-12-31
Axis Mutual Fund,AXIS500,Axis Nifty 500 Index Fund,PVR INOX Limited,Equity,INE191H01014,1122.0,11.3905,0.0004,2025-12-31
Axis Mutual Fund,AXIS500,Axis Nifty 500 Index Fund,Birlasoft Limited,Equity,INE836A01035,2627.0,11.3828,0.0004,2025-12-31
Axis Mutual Fund,AXIS500,Axis Nifty 500 Index Fund,Titagarh Rail Systems Limited,Equity,INE615H01020,1266.0,11.2921,0.0004,2025-12-31
Axis Mutual Fund,AXIS500,Axis Nifty 500 Index Fund,Garden Reach Shipbuilders & Engineers Limited,Equity,INE382Z01011,460.0,11.2429,0.0004,2025-12-31
Axis Mutual Fund,AXIS500,Axis Nifty 500 Index Fund,Gujarat Gas Limited,Equity,INE844O01030,2718.0,11.2036,0.0004,2025-12-31
Axis Mutual Fund,AXIS500,Axis Nifty 500 Index Fund,Honeywell Automation India Limited,Equity,INE671A01010,34.0,11.1537,0.0004,2025-12-31
Axis Mutual Fund,AXIS500,Axis Nifty 500 Index Fund,BEML Limited,Equity,INE258A01024,598.0,11.1222,0.0004,2025-12-31
Axis Mutual Fund,AXIS500,Axis Nifty 500 Index Fund,Sonata Software Limited,Equity,INE269A01021,3073.0,11.0582,0.0004,2025-12-31
Axis Mutual Fund,AXIS500,Axis Nifty 500 Index Fund,Capri Global Capital Limited,Equity,INE180C01042,6025.0,11.0161,0.0004,2025-12-31
Axis Mutual Fund,AXIS500,Axis Nifty 500 Index Fund,Data Patterns (India) Limited,Equity,INE0IX101010,419.0,11.0055,0.0004,2025-12-31
Axis Mutual Fund,AXIS500,Axis Nifty 500 Index Fund,EIH Limited,Equity,INE230A01023,2986.0,10.9959,0.0004,2025-12-31
Axis Mutual Fund,AXIS500,Axis Nifty 500 Index Fund,Can Fin Homes Limited,Equity,INE477A01020,1176.0,10.9374,0.0003,2025-12-31
Axis Mutual Fund,AXIS500,Axis Nifty 500 Index Fund,CreditAccess Grameen Limited,Equity,INE741K01010,841.0,10.711,0.0003,2025-12-31
Axis Mutual Fund,AXIS500,Axis Nifty 500 Index Fund,Gillette India Limited,Equity,INE322A01010,128.0,10.704,0.0003,2025-12-31
Axis Mutual Fund,AXIS500,Axis Nifty 500 Index Fund,Poly Medicure Limited,Equity,INE205C01021,602.0,10.6777,0.0003,2025-12-31
Axis Mutual Fund,AXIS500,Axis Nifty 500 Index Fund,Indiamart Intermesh Limited,Equity,INE933S01016,476.0,10.5839,0.0003,2025-12-31
Axis Mutual Fund,AXIS500,Axis Nifty 500 Index Fund,JK Tyre & Industries Limited,Equity,INE573A01042,2095.0,10.5316,0.0003,2025-12-31
Axis Mutual Fund,AXIS500,Axis Nifty 500 Index Fund,Rainbow Childrens Medicare Limited,Equity,INE961O01016,788.0,10.4016,0.0003,2025-12-31
Axis Mutual Fund,AXIS500,Axis Nifty 500 Index Fund,Godawari Power And Ispat limited,Equity,INE177H01039,3905.0,10.39,0.0003,2025-12-31
Axis Mutual Fund,AXIS500,Axis Nifty 500 Index Fund,Mahanagar Gas Limited,Equity,INE002S01010,899.0,10.2135,0.0003,2025-12-31
Axis Mutual Fund,AXIS500,Axis Nifty 500 Index Fund,HFCL Limited,Equity,INE548A01028,14681.0,9.9522,0.0003,2025-12-31
Axis Mutual Fund,AXIS500,Axis Nifty 500 Index Fund,Ola Electric Mobility Ltd,Equity,INE0LXG01040,27127.0,9.8308,0.0003,2025-12-31
Axis Mutual Fund,AXIS500,Axis Nifty 500 Index Fund,Triveni Turbine Limited,Equity,INE152M01016,1824.0,9.8177,0.0003,2025-12-31
Axis Mutual Fund,AXIS500,Axis Nifty 500 Index Fund,Chalet Hotels Limited,Equity,INE427F01016,1123.0,9.7763,0.0003,2025-12-31
Axis Mutual Fund,AXIS500,Axis Nifty 500 Index Fund,Zen Technologies Limited,Equity,INE251B01027,714.0,9.7704,0.0003,2025-12-31
Axis Mutual Fund,AXIS500,Axis Nifty 500 Index Fund,Choice International Limited,Equity,INE102B01014,1163.0,9.7279,0.0003,2025-12-31
Axis Mutual Fund,AXIS500,Axis Nifty 500 Index Fund,Sapphire Foods India Limited,Equity,INE806T01020,3735.0,9.6008,0.0003,2025-12-31
Axis Mutual Fund,AXIS500,Axis Nifty 500 Index Fund,Bata India Limited,Equity,INE176A01028,1007.0,9.496,0.0003,2025-12-31
Axis Mutual Fund,AXIS500,Axis Nifty 500 Index Fund,NCC Limited,Equity,INE868B01028,5904.0,9.4724,0.0003,2025-12-31
Axis Mutual Fund,AXIS500,Axis Nifty 500 Index Fund,Devyani International Limited,Equity,INE872J01023,6394.0,9.4599,0.0003,2025-12-31
Axis Mutual Fund,AXIS500,Axis Nifty 500 Index Fund,Brainbees Solutions Ltd,Equity,INE02RE01045,3264.0,9.3644,0.0003,2025-12-31
Axis Mutual Fund,AXIS500,Axis Nifty 500 Index Fund,CCL Products (India) Limited,Equity,INE421D01022,987.0,9.3193,0.0003,2025-12-31
Axis Mutual Fund,AXIS500,Axis Nifty 500 Index Fund,Bayer Cropscience Limited,Equity,INE462A01022,201.0,9.1616,0.0003,2025-12-31
Axis Mutual Fund,AXIS500,Axis Nifty 500 Index Fund,Jubilant Ingrevia Limited,Equity,INE0BY001018,1298.0,9.1308,0.0003,2025-12-31
Axis Mutual Fund,AXIS500,Axis Nifty 500 Index Fund,Gravita India Limited,Equity,INE024L01027,490.0,9.1032,0.0003,2025-12-31
Axis Mutual Fund,AXIS500,Axis Nifty 500 Index Fund,Swan Corp Limited,Equity,INE665A01038,1934.0,9.0676,0.0003,2025-12-31
Axis Mutual Fund,AXIS500,Axis Nifty 500 Index Fund,Sobha Limited,Equity,INE671H01015,617.0,9.0039,0.0003,2025-12-31
Axis Mutual Fund,AXIS500,Axis Nifty 500 Index Fund,Aavas Financiers Limited,Equity,INE216P01012,615.0,9.0036,0.0003,2025-12-31
Axis Mutual Fund,AXIS500,Axis Nifty 500 Index Fund,Finolex Cables Limited,Equity,INE235A01022,1189.0,8.9139,0.0003,2025-12-31
Axis Mutual Fund,AXIS500,Axis Nifty 500 Index Fund,Whirlpool of India Limited,Equity,INE716A01013,982.0,8.8292,0.0003,2025-12-31
Axis Mutual Fund,AXIS500,Axis Nifty 500 Index Fund,Afcons Infrastructure Limited,Equity,INE101I01011,2272.0,8.7904,0.0003,2025-12-31
Axis Mutual Fund,AXIS500,Axis Nifty 500 Index Fund,Syrma SGS Technology Limited,Equity,INE0DYJ01015,1196.0,8.7685,0.0003,2025-12-31
Axis Mutual Fund,AXIS500,Axis Nifty 500 Index Fund,Aditya Birla Lifestyle Brands Limited,Equity,INE14LE01019,6861.0,8.7533,0.0003,2025-12-31
Axis Mutual Fund,AXIS500,Axis Nifty 500 Index Fund,TBO Tek Limited,Equity,INE673O01025,516.0,8.5795,0.0003,2025-12-31
Axis Mutual Fund,AXIS500,Axis Nifty 500 Index Fund,Ramkrishna Forgings Limited,Equity,INE399G01023,1623.0,8.4907,0.0003,2025-12-31
Axis Mutual Fund,AXIS500,Axis Nifty 500 Index Fund,SJVN Limited,Equity,INE002L01015,11343.0,8.48,0.0003,2025-12-31
Axis Mutual Fund,AXIS500,Axis Nifty 500 Index Fund,PCBL Chemical Limited,Equity,INE602A01031,2812.0,8.4782,0.0003,2025-12-31
Axis Mutual Fund,AXIS500,Axis Nifty 500 Index Fund,Techno Electric & Engineering Company Limited,Equity,INE285K01026,783.0,8.4728,0.0003,2025-12-31
Axis Mutual Fund,AXIS500,Axis Nifty 500 Index Fund,JM Financial Limited,Equity,INE780C01023,5632.0,8.4536,0.0003,2025-12-31
Axis Mutual Fund,AXIS500,Axis Nifty 500 Index Fund,V-Guard Industries Limited,Equity,INE951I01027,2573.0,8.4394,0.0003,2025-12-31
Axis Mutual Fund,AXIS500,Axis Nifty 500 Index Fund,DCM Shriram Limited,Equity,INE499A01024,668.0,8.364,0.0003,2025-12-31
Axis Mutual Fund,AXIS500,Axis Nifty 500 Index Fund,Indegene Limited,Equity,INE065X01017,1604.0,8.348,0.0003,2025-12-31
Axis Mutual Fund,AXIS500,Axis Nifty 500 Index Fund,Newgen Software Technologies Limited,Equity,INE619B01017,980.0,8.282,0.0003,2025-12-31
Axis Mutual Fund,AXIS500,Axis Nifty 500 Index Fund,Sumitomo Chemical India Limited,Equity,INE258G01013,1757.0,8.2755,0.0003,2025-12-31
Axis Mutual Fund,AXIS500,Axis Nifty 500 Index Fund,Indian Overseas Bank,Equity,INE565A01014,22764.0,8.2246,0.0003,2025-12-31
Axis Mutual Fund,AXIS500,Axis Nifty 500 Index Fund,IRCON International Limited,Equity,INE962Y01021,4625.0,8.2163,0.0003,2025-12-31
Axis Mutual Fund,AXIS500,Axis Nifty 500 Index Fund,Shyam Metalics and Energy Limited,Equity,INE810G01011,969.0,8.2137,0.0003,2025-12-31
Axis Mutual Fund,AXIS500,Axis Nifty 500 Index Fund,Fertilizers and Chemicals Travancore Limited,Equity,INE188A01015,896.0,8.1756,0.0003,2025-12-31
Axis Mutual Fund,AXIS500,Axis Nifty 500 Index Fund,Sun TV Network Limited,Equity,INE424H01027,1380.0,8.1082,0.0003,2025-12-31
Axis Mutual Fund,AXIS500,Axis Nifty 500 Index Fund,Netweb Technologies India Limited,Equity,INE0NT901020,260.0,8.0881,0.0003,2025-12-31
Axis Mutual Fund,AXIS500,Axis Nifty 500 Index Fund,Aditya Birla Sun Life AMC Limited,Equity,INE404A01024,984.0,7.9237,0.0003,2025-12-31
Axis Mutual Fund,AXIS500,Axis Nifty 500 Index Fund,IDBI Bank Limited,Equity,INE008A01015,7615.0,7.8427,0.0003,2025-12-31
Axis Mutual Fund,AXIS500,Axis Nifty 500 Index Fund,Engineers India Limited,Equity,INE510A01028,3872.0,7.792,0.0002,2025-12-31
Axis Mutual Fund,AXIS500,Axis Nifty 500 Index Fund,Aadhar Housing Finance Limited,Equity,INE883F01010,1586.0,7.6929,0.0002,2025-12-31
Axis Mutual Fund,AXIS500,Axis Nifty 500 Index Fund,AstraZeneca Pharma India Limited,Equity,INE203A01020,85.0,7.6747,0.0002,2025-12-31
Axis Mutual Fund,AXIS500,Axis Nifty 500 Index Fund,Godrej Industries Limited,Equity,INE233A01035,758.0,7.5982,0.0002,2025-12-31
Axis Mutual Fund,AXIS500,Axis Nifty 500 Index Fund,LT Foods Limited,Equity,INE818H01020,1908.0,7.4307,0.0002,2025-12-31
Axis Mutual Fund,AXIS500,Axis Nifty 500 Index Fund,HEG Limited,Equity,INE545A01024,1177.0,7.3427,0.0002,2025-12-31
Axis Mutual Fund,AXIS500,Axis Nifty 500 Index Fund,Jupiter Wagons Limited,Equity,INE209L01016,2133.0,7.2469,0.0002,2025-12-31
Axis Mutual Fund,AXIS500,Axis Nifty 500 Index Fund,Balrampur Chini Mills Limited,Equity,INE119A01028,1627.0,7.2304,0.0002,2025-12-31
Axis Mutual Fund,AXIS500,Axis Nifty 500 Index Fund,Niva Bupa Health Insurance Company Limited,Equity,INE995S01015,9567.0,7.2135,0.0002,2025-12-31
Axis Mutual Fund,AXIS500,Axis Nifty 500 Index Fund,BASF India Limited,Equity,INE373A01013,181.0,7.1643,0.0002,2025-12-31
Axis Mutual Fund,AXIS500,Axis Nifty 500 Index Fund,Reliance Infrastructure Limited,Equity,INE036A01016,4338.0,7.1377,0.0002,2025-12-31
Axis Mutual Fund,AXIS500,Axis Nifty 500 Index Fund,NMDC Steel Limited,Equity,INE0NNS01018,16096.0,7.1225,0.0002,2025-12-31
Axis Mutual Fund,AXIS500,Axis Nifty 500 Index Fund,Finolex Industries Limited,Equity,INE183A01024,4026.0,7.0056,0.0002,2025-12-31
Axis Mutual Fund,AXIS500,Axis Nifty 500 Index Fund,Vijaya Diagnostic Centre Limited,Equity,INE043W01024,656.0,6.9602,0.0002,2025-12-31
Axis Mutual Fund,AXIS500,Axis Nifty 500 Index Fund,Gujarat Mineral Development Corporation Limited,Equity,INE131A01031,1161.0,6.9515,0.0002,2025-12-31
Axis Mutual Fund,AXIS500,Axis Nifty 500 Index Fund,Century Plyboards (India) Limited,Equity,INE348B01021,837.0,6.9371,0.0002,2025-12-31
Axis Mutual Fund,AXIS500,Axis Nifty 500 Index Fund,R R Kabel Limited,Equity,INE777K01022,477.0,6.9294,0.0002,2025-12-31
Axis Mutual Fund,AXIS500,Axis Nifty 500 Index Fund,Metropolis Healthcare Limited,Equity,INE112L01020,359.0,6.9248,0.0002,2025-12-31
Axis Mutual Fund,AXIS500,Axis Nifty 500 Index Fund,Olectra Greentech Limited,Equity,INE260D01016,569.0,6.8223,0.0002,2025-12-31
Axis Mutual Fund,AXIS500,Axis Nifty 500 Index Fund,Akzo Nobel India Limited,Equity,INE133A01011,212.0,6.7359,0.0002,2025-12-31
Axis Mutual Fund,AXIS500,Axis Nifty 500 Index Fund,Sarda Energy & Minerals Limited,Equity,INE385C01021,1281.0,6.6682,0.0002,2025-12-31
Axis Mutual Fund,AXIS500,Axis Nifty 500 Index Fund,Clean Science and Technology Limited,Equity,INE227W01023,760.0,6.658,0.0002,2025-12-31
Axis Mutual Fund,AXIS500,Axis Nifty 500 Index Fund,Doms Industries Limited,Equity,INE321T01012,253.0,6.617,0.0002,2025-12-31
Axis Mutual Fund,AXIS500,Axis Nifty 500 Index Fund,BIKAJI FOODS INTERNATIONAL LIMITED,Equity,INE00E101023,874.0,6.5533,0.0002,2025-12-31
Axis Mutual Fund,AXIS500,Axis Nifty 500 Index Fund,Alembic Pharmaceuticals Limited,Equity,INE901L01018,767.0,6.49,0.0002,2025-12-31
Axis Mutual Fund,AXIS500,Axis Nifty 500 Index Fund,UTI Asset Management Company Limited,Equity,INE094J01016,569.0,6.4269,0.0002,2025-12-31
Axis Mutual Fund,AXIS500,Axis Nifty 500 Index Fund,Kirloskar Brothers Limited,Equity,INE732A01036,398.0,6.4086,0.0002,2025-12-31
Axis Mutual Fund,AXIS500,Axis Nifty 500 Index Fund,Minda Corporation Limited,Equity,INE842C01021,1114.0,6.3955,0.0002,2025-12-31
Axis Mutual Fund,AXIS500,Axis Nifty 500 Index Fund,Welspun Living Limited,Equity,INE192B01031,4818.0,6.2909,0.0002,2025-12-31
Axis Mutual Fund,AXIS500,Axis Nifty 500 Index Fund,Emcure Pharmaceuticals Limited,Equity,INE168P01015,457.0,6.2358,0.0002,2025-12-31
Axis Mutual Fund,AXIS500,Axis Nifty 500 Index Fund,Vardhman Textiles Limited,Equity,INE825A01020,1425.0,6.2351,0.0002,2025-12-31
Axis Mutual Fund,AXIS500,Axis Nifty 500 Index Fund,The Jammu & Kashmir Bank Limited,Equity,INE168A01041,6204.0,6.2226,0.0002,2025-12-31
Axis Mutual Fund,AXIS500,Axis Nifty 500 Index Fund,Concord Biotech Limited,Equity,INE338H01029,454.0,6.109,0.0002,2025-12-31
Axis Mutual Fund,AXIS500,Axis Nifty 500 Index Fund,Happiest Minds Technologies Limited,Equity,INE419U01012,1298.0,5.976,0.0002,2025-12-31
Axis Mutual Fund,AXIS500,Axis Nifty 500 Index Fund,Elecon Engineering Company Limited,Equity,INE205B01031,1232.0,5.9315,0.0002,2025-12-31
Axis Mutual Fund,AXIS500,Axis Nifty 500 Index Fund,Graphite India Limited,Equity,INE371A01025,922.0,5.9165,0.0002,2025-12-31
Axis Mutual Fund,AXIS500,Axis Nifty 500 Index Fund,Dr Agarwals Health Care Limited,Equity,INE943P01029,1159.0,5.8918,0.0002,2025-12-31
Axis Mutual Fund,AXIS500,Axis Nifty 500 Index Fund,Jindal Saw Limited,Equity,INE324A01032,3457.0,5.8057,0.0002,2025-12-31
Axis Mutual Fund,AXIS500,Axis Nifty 500 Index Fund,SignatureGlobal (India) Limited,Equity,INE903U01023,514.0,5.7948,0.0002,2025-12-31
Axis Mutual Fund,AXIS500,Axis Nifty 500 Index Fund,Schneider Electric Infrastructure Limited,Equity,INE839M01018,801.0,5.7904,0.0002,2025-12-31
Axis Mutual Fund,AXIS500,Axis Nifty 500 Index Fund,KSB Limited,Equity,INE999A01023,764.0,5.7663,0.0002,2025-12-31
Axis Mutual Fund,AXIS500,Axis Nifty 500 Index Fund,Aditya Birla Fashion and Retail Limited,Equity,INE647O01011,7375.0,5.6625,0.0002,2025-12-31
Axis Mutual Fund,AXIS500,Axis Nifty 500 Index Fund,Tejas Networks Limited,Equity,INE010J01012,1256.0,5.6476,0.0002,2025-12-31
Axis Mutual Fund,AXIS500,Axis Nifty 500 Index Fund,Praj Industries Limited,Equity,INE074A01025,1732.0,5.5874,0.0002,2025-12-31
Axis Mutual Fund,AXIS500,Axis Nifty 500 Index Fund,Honasa Consumer Limited,Equity,INE0J5401028,1944.0,5.5647,0.0002,2025-12-31
Axis Mutual Fund,AXIS500,Axis Nifty 500 Index Fund,Chennai Petroleum Corporation Limited,Equity,INE178A01016,662.0,5.5356,0.0002,2025-12-31
Axis Mutual Fund,AXIS500,Axis Nifty 500 Index Fund,SBFC Finance Limited,Equity,INE423Y01016,5316.0,5.5313,0.0002,2025-12-31
Axis Mutual Fund,AXIS500,Axis Nifty 500 Index Fund,Central Bank of India,Equity,INE483A01010,14707.0,5.5004,0.0002,2025-12-31
Axis Mutual Fund,AXIS500,Axis Nifty 500 Index Fund,Kwality Walls (India) Limited,Equity,INE2KCE01013,13593.0,5.4644,0.0002,2025-12-31
Axis Mutual Fund,AXIS500,Axis Nifty 500 Index Fund,Jyothy Labs Limited,Equity,INE668F01031,1910.0,5.3986,0.0002,2025-12-31
Axis Mutual Fund,AXIS500,Axis Nifty 500 Index Fund,The New India Assurance Company Limited,Equity,INE470Y01017,3447.0,5.3711,0.0002,2025-12-31
Axis Mutual Fund,AXIS500,Axis Nifty 500 Index Fund,Nuvoco Vistas Corporation Limited,Equity,INE118D01016,1488.0,5.2965,0.0002,2025-12-31
Axis Mutual Fund,AXIS500,Axis Nifty 500 Index Fund,IFCI Limited,Equity,INE039A01010,9978.0,5.2784,0.0002,2025-12-31
Axis Mutual Fund,AXIS500,Axis Nifty 500 Index Fund,Shipping Corporation Of India Limited,Equity,INE109A01011,2274.0,5.2702,0.0002,2025-12-31
Axis Mutual Fund,AXIS500,Axis Nifty 500 Index Fund,UCO Bank,Equity,INE691A01018,17878.0,5.2651,0.0002,2025-12-31
Axis Mutual Fund,AXIS500,Axis Nifty 500 Index Fund,BLS International Services Limited,Equity,INE153T01027,1637.0,5.2564,0.0002,2025-12-31
Axis Mutual Fund,AXIS500,Axis Nifty 500 Index Fund,Action Construction Equipment Limited,Equity,INE731H01025,555.0,5.2539,0.0002,2025-12-31
Axis Mutual Fund,AXIS500,Axis Nifty 500 Index Fund,International Gemmological Institute India Ltd,Equity,INE0Q9301021,1547.0,5.1825,0.0002,2025-12-31
Axis Mutual Fund,AXIS500,Axis Nifty 500 Index Fund,Caplin Point Laboratories Limited,Equity,INE475E01026,274.0,5.0364,0.0002,2025-12-31
Axis Mutual Fund,AXIS500,Axis Nifty 500 Index Fund,Vedant Fashions Limited,Equity,INE825V01034,843.0,4.9071,0.0002,2025-12-31
Axis Mutual Fund,AXIS500,Axis Nifty 500 Index Fund,Transformers And Rectifiers (India) Limited,Equity,INE763I01026,1677.0,4.7836,0.0002,2025-12-31
Axis Mutual Fund,AXIS500,Axis Nifty 500 Index Fund,Triveni Engineering & Industries Limited,Equity,INE256C01024,1202.0,4.6914,0.0001,2025-12-31
Axis Mutual Fund,AXIS500,Axis Nifty 500 Index Fund,C.E. Info Systems Limited,Equity,INE0BV301023,267.0,4.6116,0.0001,2025-12-31
Axis Mutual Fund,AXIS500,Axis Nifty 500 Index Fund,Trident Limited,Equity,INE064C01022,17211.0,4.6005,0.0001,2025-12-31
Axis Mutual Fund,AXIS500,Axis Nifty 500 Index Fund,RITES Limited,Equity,INE320J01015,1882.0,4.5697,0.0001,2025-12-31
Axis Mutual Fund,AXIS500,Axis Nifty 500 Index Fund,Bombay Burmah Trading Corporation Limited,Equity,INE050A01025,241.0,4.5527,0.0001,2025-12-31
Axis Mutual Fund,AXIS500,Axis Nifty 500 Index Fund,RailTel Corporation of India Limited,Equity,INE0DD101019,1222.0,4.5403,0.0001,2025-12-31
Axis Mutual Fund,AXIS500,Axis Nifty 500 Index Fund,Blue Dart Express Limited,Equity,INE233B01017,81.0,4.472,0.0001,2025-12-31
Axis Mutual Fund,AXIS500,Axis Nifty 500 Index Fund,Latent View Analytics Limited,Equity,INE0I7C01011,971.0,4.454,0.0001,2025-12-31
Axis Mutual Fund,AXIS500,Axis Nifty 500 Index Fund,Leela Palaces Hotels & Resorts Limited,Equity,INE0AQ201015,988.0,4.2835,0.0001,2025-12-31
Axis Mutual Fund,AXIS500,Axis Nifty 500 Index Fund,Cera Sanitaryware Limited,Equity,INE739E01017,80.0,4.1884,0.0001,2025-12-31
Axis Mutual Fund,AXIS500,Axis Nifty 500 Index Fund,Valor Estate Limited,Equity,INE879I01012,3469.0,4.1122,0.0001,2025-12-31
Axis Mutual Fund,AXIS500,Axis Nifty 500 Index Fund,Aegis Vopak Terminals Limited,Equity,INE0INX01018,1618.0,4.0345,0.0001,2025-12-31
Axis Mutual Fund,AXIS500,Axis Nifty 500 Index Fund,JSW Cement Limited,Equity,INE718I01012,3388.0,4.027,0.0001,2025-12-31
Axis Mutual Fund,AXIS500,Axis Nifty 500 Index Fund,Inox India Limited,Equity,INE616N01034,354.0,4.0147,0.0001,2025-12-31
Axis Mutual Fund,AXIS500,Axis Nifty 500 Index Fund,ITI Limited,Equity,INE248A01017,1288.0,3.9909,0.0001,2025-12-31
Axis Mutual Fund,AXIS500,Axis Nifty 500 Index Fund,RHI Magnesita India Limited,Equity,INE743M01012,835.0,3.8331,0.0001,2025-12-31
Axis Mutual Fund,AXIS500,Axis Nifty 500 Index Fund,Acme Solar Holdings Ltd,Equity,INE622W01025,1590.0,3.7761,0.0001,2025-12-31
Axis Mutual Fund,AXIS500,Axis Nifty 500 Index Fund,Mangalore Refinery and Petrochemicals Limited,Equity,INE103A01014,2481.0,3.7719,0.0001,2025-12-31
Axis Mutual Fund,AXIS500,Axis Nifty 500 Index Fund,Godrej Agrovet Limited,Equity,INE850D01014,653.0,3.7299,0.0001,2025-12-31
Axis Mutual Fund,AXIS500,Axis Nifty 500 Index Fund,Saregama India Limited,Equity,INE979A01025,1053.0,3.696,0.0001,2025-12-31
Axis Mutual Fund,AXIS500,Axis Nifty 500 Index Fund,Tata Teleservices (Maharashtra) Limited,Equity,INE517B01013,7144.0,3.5413,0.0001,2025-12-31
Axis Mutual Fund,AXIS500,Axis Nifty 500 Index Fund,JBM Auto Limited,Equity,INE927D01051,553.0,3.4692,0.0001,2025-12-31
Axis Mutual Fund,AXIS500,Axis Nifty 500 Index Fund,Maharashtra Seamless Limited,Equity,INE271B01025,579.0,3.2502,0.0001,2025-12-31
Axis Mutual Fund,AXIS500,Axis Nifty 500 Index Fund,Ventive Hospitality Limited,Equity,INE781S01027,423.0,3.2271,0.0001,2025-12-31
Axis Mutual Fund,AXIS500,Axis Nifty 500 Index Fund,The India Cements Limited,Equity,INE383A01012,722.0,3.1425,0.0001,2025-12-31
Axis Mutual Fund,AXIS500,Axis Nifty 500 Index Fund,Alkyl Amines Chemicals Limited,Equity,INE150B01039,191.0,3.0486,0.0001,2025-12-31
Axis Mutual Fund,AXIS500,Axis Nifty 500 Index Fund,Blue Jet Healthcare Ltd,Equity,INE0KBH01020,556.0,2.9479,0.0001,2025-12-31
Axis Mutual Fund,AXIS500,Axis Nifty 500 Index Fund,Campus Activewear Limited,Equity,INE278Y01022,1122.0,2.9391,0.0001,2025-12-31
Axis Mutual Fund,AXIS500,Axis Nifty 500 Index Fund,Rashtriya Chemicals and Fertilizers Limited,Equity,INE027A01015,1931.0,2.8239,0.0001,2025-12-31
Axis Mutual Fund,AXIS500,Axis Nifty 500 Index Fund,Alok Industries Limited,Equity,INE270A01029,17533.0,2.8105,0.0001,2025-12-31
Axis Mutual Fund,AXIS500,Axis Nifty 500 Index Fund,Akums Drugs and Pharmaceuticals Limited,Equity,INE09XN01023,432.0,1.9587,0.0001,2025-12-31
Axis Mutual Fund,AXIS500,Axis Nifty 500 Index Fund,MMTC Limited,Equity,INE123F01029,2103.0,1.4138,$0.00%,2025-12-31
Axis Mutual Fund,AXIS500,Axis Nifty 500 Index Fund,6% TVS Motor Co Non Conv Rede Pref Shares 01SEP26 **,Equity,INE494B04019,14520.0,1.479,$0.00%,2025-12-31
Axis Mutual Fund,AXISASD,Axis Income Plus Arbitrage Active FOF,Axis Corporate Bond Fund - Direct Plan Growth,Other,INF846K01ZM8,444225397.332,82911.1166,0.3655,2025-12-31
Axis Mutual Fund,AXISASD,Axis Income Plus Arbitrage Active FOF,Axis Arbitrage Fund Direct Plan Growth,Other,INF846K01PZ1,237933947.551,49849.3034,0.2198,2025-12-31
Axis Mutual Fund,AXISASD,Axis Income Plus Arbitrage Active FOF,Aditya Birla Sun Life Arbitrage Fund - Growth - Direct Plan,Other,INF209K01VP1,99648167.462,29455.2011,0.1299,2025-12-31
Axis Mutual Fund,AXISASD,Axis Income Plus Arbitrage Active FOF,Kotak Arbitrage Fund - Growth - Direct,Other,INF174K01LC6,44718748.499,18474.7013,0.0814,2025-12-31
Axis Mutual Fund,AXISASD,Axis Income Plus Arbitrage Active FOF,Nippon India Corporate Bond Fund - Direct Plan-Growth Plan,Other,INF204K01C15,28343818.806,18387.5989,0.0811,2025-12-31
Axis Mutual Fund,AXISASD,Axis Income Plus Arbitrage Active FOF,Axis Gilt Fund - Direct Plan - Growth Option,Other,INF846K01DD4,41235552.11,11369.4252,0.0501,2025-12-31
Axis Mutual Fund,AXISASD,Axis Income Plus Arbitrage Active FOF,Aditya Birla SL Corp Bond Fund(G)-Direct Plan,Other,INF209K01S38,7132225.869,8421.825,0.0371,2025-12-31
Axis Mutual Fund,AXISASD,Axis Income Plus Arbitrage Active FOF,ICICI Prudential Equity Arbitrage Fund - Direct Plan - Growth,Other,INF109K016O4,10575066.308,4012.7935,0.0177,2025-12-31
Axis Mutual Fund,AXISBCF,Axis Business Cycles Fund,ICICI Bank Limited,Other,INE090A01021,1081650.0,14525.4779,0.0656,2025-12-31
Axis Mutual Fund,AXISBCF,Axis Business Cycles Fund,HDFC Bank Limited,Other,INE040A01034,900368.0,8924.4476,0.0403,2025-12-31
Axis Mutual Fund,AXISBCF,Axis Business Cycles Fund,Infosys Limited,Other,INE009A01021,479008.0,7737.8952,0.035,2025-12-31
Axis Mutual Fund,AXISBCF,Axis Business Cycles Fund,Larsen & Toubro Limited,Other,INE018A01030,183097.0,7476.766,0.0338,2025-12-31
Axis Mutual Fund,AXISBCF,Axis Business Cycles Fund,UltraTech Cement Limited,Other,INE481G01011,59775.0,7043.886,0.0318,2025-12-31
Axis Mutual Fund,AXISBCF,Axis Business Cycles Fund,Bharti Airtel Limited,Other,INE397D01024,278159.0,5856.9159,0.0265,2025-12-31
Axis Mutual Fund,AXISBCF,Axis Business Cycles Fund,Kotak Mahindra Bank Limited,Other,INE237A01028,262890.0,5786.4718,0.0261,2025-12-31
Axis Mutual Fund,AXISBCF,Axis Business Cycles Fund,State Bank of India,Other,INE062A01020,581363.0,5710.1474,0.0258,2025-12-31
Axis Mutual Fund,AXISBCF,Axis Business Cycles Fund,Shriram Finance Limited,Other,INE721A01047,551614.0,5495.1787,0.0248,2025-12-31
Axis Mutual Fund,AXISBCF,Axis Business Cycles Fund,Mahindra & Mahindra Limited,Other,INE101A01026,133350.0,4946.2182,0.0224,2025-12-31
Axis Mutual Fund,AXISBCF,Axis Business Cycles Fund,GE Vernova T&D India Limited,Other,INE200A01026,139377.0,4365.9845,0.0197,2025-12-31
Axis Mutual Fund,AXISBCF,Axis Business Cycles Fund,Hindustan Unilever Limited,Other,INE030A01027,169188.0,3918.2249,0.0177,2025-12-31
Axis Mutual Fund,AXISBCF,Axis Business Cycles Fund,Vedanta Limited,Other,INE205A01025,602411.0,3640.9721,0.0165,2025-12-31
Axis Mutual Fund,AXISBCF,Axis Business Cycles Fund,Jyoti CNC Automation Ltd,Other,INE980O01024,363600.0,3597.0948,0.0163,2025-12-31
Axis Mutual Fund,AXISBCF,Axis Business Cycles Fund,HDFC Life Insurance Company Limited,Other,INE795G01014,470304.0,3526.5745,0.0159,2025-12-31
Axis Mutual Fund,AXISBCF,Axis Business Cycles Fund,Tata Consultancy Services Limited,Other,INE467B01029,109496.0,3510.6608,0.0159,2025-12-31
Axis Mutual Fund,AXISBCF,Axis Business Cycles Fund,Hindustan Copper Limited,Other,INE531E01026,662015.0,3431.2237,0.0155,2025-12-31
Axis Mutual Fund,AXISBCF,Axis Business Cycles Fund,PTC Industries Limited,Other,INE596F01018,18318.0,3403.8508,0.0154,2025-12-31
Axis Mutual Fund,AXISBCF,Axis Business Cycles Fund,RHI Magnesita India Limited,Other,INE743M01012,728943.0,3346.2128,0.0151,2025-12-31
Axis Mutual Fund,AXISBCF,Axis Business Cycles Fund,Vishal Mega Mart Limited,Other,INE01EA01019,2431431.0,3315.7425,0.015,2025-12-31
Axis Mutual Fund,AXISBCF,Axis Business Cycles Fund,Cummins India Limited,Other,INE298A01020,70038.0,3105.7651,0.014,2025-12-31
Axis Mutual Fund,AXISBCF,Axis Business Cycles Fund,Aether Industries Limited,Other,INE0BWX01014,360558.0,3101.1594,0.014,2025-12-31
Axis Mutual Fund,AXISBCF,Axis Business Cycles Fund,BSE Limited,Other,INE118H01025,112715.0,2966.8842,0.0134,2025-12-31
Axis Mutual Fund,AXISBCF,Axis Business Cycles Fund,One 97 Communications Limited,Other,INE982J01020,223550.0,2903.691,0.0131,2025-12-31
Axis Mutual Fund,AXISBCF,Axis Business Cycles Fund,Mankind Pharma Limited,Other,INE634S01028,125812.0,2763.4606,0.0125,2025-12-31
Axis Mutual Fund,AXISBCF,Axis Business Cycles Fund,Hyundai Motor India Ltd,Other,INE0V6F01027,119495.0,2745.9951,0.0124,2025-12-31
Axis Mutual Fund,AXISBCF,Axis Business Cycles Fund,CG Power and Industrial Solutions Limited,Other,INE067A01029,420786.0,2726.2725,0.0123,2025-12-31
Axis Mutual Fund,AXISBCF,Axis Business Cycles Fund,REC Limited,Other,INE020B01018,717430.0,2559.7902,0.0116,2025-12-31
Axis Mutual Fund,AXISBCF,Axis Business Cycles Fund,Endurance Technologies Limited,Other,INE913H01037,97137.0,2515.7512,0.0114,2025-12-31
Axis Mutual Fund,AXISBCF,Axis Business Cycles Fund,Max Healthcare Institute Limited,Other,INE027H01010,236443.0,2471.0658,0.0112,2025-12-31
Axis Mutual Fund,AXISBCF,Axis Business Cycles Fund,City Union Bank Limited,Other,INE491A01021,805483.0,2342.3446,0.0106,2025-12-31
Axis Mutual Fund,AXISBCF,Axis Business Cycles Fund,Delhivery Limited,Other,INE148O01028,579958.0,2342.1604,0.0106,2025-12-31
Axis Mutual Fund,AXISBCF,Axis Business Cycles Fund,Bajaj Finserv Limited,Other,INE918I01026,111744.0,2279.4659,0.0103,2025-12-31
Axis Mutual Fund,AXISBCF,Axis Business Cycles Fund,Trent Limited,Other,INE849A01020,52662.0,2253.407,0.0102,2025-12-31
Axis Mutual Fund,AXISBCF,Axis Business Cycles Fund,Ambuja Cements Limited,Other,INE079A01024,404373.0,2249.7292,0.0102,2025-12-31
Axis Mutual Fund,AXISBCF,Axis Business Cycles Fund,Solar Industries India Limited,Other,INE343H01029,17966.0,2201.1943,0.0099,2025-12-31
Axis Mutual Fund,AXISBCF,Axis Business Cycles Fund,Brigade Enterprises Limited,Other,INE791I01019,248365.0,2198.0303,0.0099,2025-12-31
Axis Mutual Fund,AXISBCF,Axis Business Cycles Fund,InterGlobe Aviation Limited,Other,INE646L01027,43015.0,2176.3439,0.0098,2025-12-31
Axis Mutual Fund,AXISBCF,Axis Business Cycles Fund,Info Edge (India) Limited,Other,INE663F01032,159855.0,2131.8263,0.0096,2025-12-31
Axis Mutual Fund,AXISBCF,Axis Business Cycles Fund,Eternal Limited,Other,INE758T01015,765891.0,2129.5599,0.0096,2025-12-31
Axis Mutual Fund,AXISBCF,Axis Business Cycles Fund,Titagarh Rail Systems Limited,Other,INE615H01020,233078.0,2078.9392,0.0094,2025-12-31
Axis Mutual Fund,AXISBCF,Axis Business Cycles Fund,Varun Beverages Limited,Other,INE200M01039,418552.0,2050.277,0.0093,2025-12-31
Axis Mutual Fund,AXISBCF,Axis Business Cycles Fund,Torrent Pharmaceuticals Limited,Other,INE685A01028,52078.0,2005.003,0.0091,2025-12-31
Axis Mutual Fund,AXISBCF,Axis Business Cycles Fund,RBL Bank Limited,Other,INE976G01028,628772.0,1985.662,0.009,2025-12-31
Axis Mutual Fund,AXISBCF,Axis Business Cycles Fund,Sona BLW Precision Forgings Limited,Other,INE073K01018,408618.0,1958.9147,0.0089,2025-12-31
Axis Mutual Fund,AXISBCF,Axis Business Cycles Fund,Ashok Leyland Limited,Other,INE208A01029,1090221.0,1953.567,0.0088,2025-12-31
Axis Mutual Fund,AXISBCF,Axis Business Cycles Fund,Jindal Steel Limited,Other,INE749A01030,183793.0,1936.8106,0.0088,2025-12-31
Axis Mutual Fund,AXISBCF,Axis Business Cycles Fund,L&T Finance Limited,Other,INE498L01015,608748.0,1923.3393,0.0087,2025-12-31
Axis Mutual Fund,AXISBCF,Axis Business Cycles Fund,Sun Pharmaceutical Industries Limited,Other,INE044A01036,110535.0,1900.8704,0.0086,2025-12-31
Axis Mutual Fund,AXISBCF,Axis Business Cycles Fund,K.P.R. Mill Limited,Other,INE930H01031,196924.0,1855.8118,0.0084,2025-12-31
Axis Mutual Fund,AXISBCF,Axis Business Cycles Fund,CreditAccess Grameen Limited,Other,INE741K01010,145648.0,1854.9729,0.0084,2025-12-31
Axis Mutual Fund,AXISBCF,Axis Business Cycles Fund,TVS Motor Company Limited,Other,INE494B01023,49585.0,1844.4628,0.0083,2025-12-31
Axis Mutual Fund,AXISBCF,Axis Business Cycles Fund,Jubilant Ingrevia Limited,Other,INE0BY001018,250000.0,1758.625,0.0079,2025-12-31
Axis Mutual Fund,AXISBCF,Axis Business Cycles Fund,Tech Mahindra Limited,Other,INE669C01036,107342.0,1707.7039,0.0077,2025-12-31
Axis Mutual Fund,AXISBCF,Axis Business Cycles Fund,Tenneco Clean Air India Limited,Other,INE19RI01016,308058.0,1564.6266,0.0071,2025-12-31
Axis Mutual Fund,AXISBCF,Axis Business Cycles Fund,Pine Labs Limited,Other,INE15B701018,617225.0,1477.2046,0.0067,2025-12-31
Axis Mutual Fund,AXISBCF,Axis Business Cycles Fund,Vijaya Diagnostic Centre Limited,Other,INE043W01024,137100.0,1454.631,0.0066,2025-12-31
Axis Mutual Fund,AXISBCF,Axis Business Cycles Fund,Gujarat Fluorochemicals Limited,Other,INE09N301011,37562.0,1377.1356,0.0062,2025-12-31
Axis Mutual Fund,AXISBCF,Axis Business Cycles Fund,Samvardhana Motherson International Limited,Other,INE775A01035,1140071.0,1367.4012,0.0062,2025-12-31
Axis Mutual Fund,AXISBCF,Axis Business Cycles Fund,Arvind Fashions Limited,Other,INE955V01021,265269.0,1324.0902,0.006,2025-12-31
Axis Mutual Fund,AXISBCF,Axis Business Cycles Fund,National Securities Depository Limited,Other,INE301O01023,119304.0,1268.3805,0.0057,2025-12-31
Axis Mutual Fund,AXISBCF,Axis Business Cycles Fund,Divi's Laboratories Limited,Other,INE361B01024,19673.0,1257.5965,0.0057,2025-12-31
Axis Mutual Fund,AXISBCF,Axis Business Cycles Fund,Cholamandalam Investment and Finance Company Ltd,Other,INE121A01024,72041.0,1226.2819,0.0055,2025-12-31
Axis Mutual Fund,AXISBCF,Axis Business Cycles Fund,Anant Raj Limited,Other,INE242C01024,223319.0,1222.2249,0.0055,2025-12-31
Axis Mutual Fund,AXISBCF,Axis Business Cycles Fund,Bharat Heavy Electricals Limited,Other,INE257A01026,417214.0,1199.2816,0.0054,2025-12-31
Axis Mutual Fund,AXISBCF,Axis Business Cycles Fund,Gabriel India Limited,Other,INE524A01029,118171.0,1193.2908,0.0054,2025-12-31
Axis Mutual Fund,AXISBCF,Axis Business Cycles Fund,JK Cement Limited,Other,INE823G01014,21371.0,1182.03,0.0053,2025-12-31
Axis Mutual Fund,AXISBCF,Axis Business Cycles Fund,Anthem Biosciences Limited,Other,INE0CZ201020,181017.0,1179.3258,0.0053,2025-12-31
Axis Mutual Fund,AXISBCF,Axis Business Cycles Fund,Hindalco Industries Limited,Other,INE038A01020,127678.0,1132.1208,0.0051,2025-12-31
Axis Mutual Fund,AXISBCF,Axis Business Cycles Fund,Reliance Industries Limited,Other,INE002A01018,71954.0,1129.9656,0.0051,2025-12-31
Axis Mutual Fund,AXISBCF,Axis Business Cycles Fund,Corona Remedies Limited,Other,INE02ZQ01018,78024.0,1080.5544,0.0049,2025-12-31
Axis Mutual Fund,AXISBCF,Axis Business Cycles Fund,PI Industries Limited,Other,INE603J01030,32168.0,1041.6642,0.0047,2025-12-31
Axis Mutual Fund,AXISBCF,Axis Business Cycles Fund,Tata Capital Limited,Other,INE976I01016,301898.0,1032.0383,0.0047,2025-12-31
Axis Mutual Fund,AXISBCF,Axis Business Cycles Fund,Aditya Birla Real Estate Limited,Other,INE055A01016,58447.0,978.8704,0.0044,2025-12-31
Axis Mutual Fund,AXISBCF,Axis Business Cycles Fund,Tata Communications Limited,Other,INE151A01013,47888.0,874.0997,0.004,2025-12-31
Axis Mutual Fund,AXISBCF,Axis Business Cycles Fund,Jyothy Labs Limited,Other,INE668F01031,275000.0,777.2875,0.0035,2025-12-31
Axis Mutual Fund,AXISBCF,Axis Business Cycles Fund,Crompton Greaves Consumer Electricals Limited,Other,INE299U01018,305093.0,769.5971,0.0035,2025-12-31
Axis Mutual Fund,AXISBCF,Axis Business Cycles Fund,Bharat Petroleum Corporation Limited,Other,INE029A01011,158017.0,606.7853,0.0027,2025-12-31
Axis Mutual Fund,AXISBCF,Axis Business Cycles Fund,Ceigall India Ltd,Other,INE0AG901020,159581.0,428.9856,0.0019,2025-12-31
Axis Mutual Fund,AXISBCF,Axis Business Cycles Fund,Havells India Limited,Other,INE176B01034,21848.0,311.3122,0.0014,2025-12-31
Axis Mutual Fund,AXISBCF,Axis Business Cycles Fund,Tata Power Company Limited,Other,INE245A01021,81408.0,309.0248,0.0014,2025-12-31
Axis Mutual Fund,AXISBCF,Axis Business Cycles Fund,Siemens Energy India Limited,Other,INE1NPP01017,10617.0,271.8058,0.0012,2025-12-31
Axis Mutual Fund,AXISBCF,Axis Business Cycles Fund,Tata Technologies Limited,Other,INE142M01025,32885.0,211.4506,0.001,2025-12-31
Axis Mutual Fund,AXISBCF,Axis Business Cycles Fund,ICICI Prudential Life Insurance Company Limited,Other,INE726G01019,28887.0,193.0374,0.0009,2025-12-31
Axis Mutual Fund,AXISBCF,Axis Business Cycles Fund,P N Gadgil Jewellers Limited,Other,INE953R01016,28562.0,173.4999,0.0008,2025-12-31
Axis Mutual Fund,AXISBCF,Axis Business Cycles Fund,LG Electronics India Ltd,Other,INE324D01010,8932.0,135.8914,0.0006,2025-12-31
Axis Mutual Fund,AXISBCF,Axis Business Cycles Fund,Tube Investments of India Limited,Other,INE974X01010,3913.0,102.2897,0.0005,2025-12-31
Axis Mutual Fund,AXISBCF,Axis Business Cycles Fund,Kwality Walls (India) Limited,Other,INE2KCE01013,169188.0,68.0136,0.0003,2025-12-31
Axis Mutual Fund,AXISBCF,Axis Business Cycles Fund,6% TVS Motor Co Non Conv Rede Pref Shares 01SEP26 **,Other,INE494B04019,293328.0,29.8784,0.0001,2025-12-31
Axis Mutual Fund,AXISBCF,Axis Business Cycles Fund,91 Days Tbill (MD 12/03/2026),Other,IN002025X372,1000000.0,990.143,0.0045,2025-12-31
Axis Mutual Fund,AXISBDF,Axis Banking & PSU Debt Fund,7.1% Export Import Bank of India (18/03/2026) **,Debt,INE514E08GA6,5790.0,58004.9148,0.0427,2025-12-31
Axis Mutual Fund,AXISBDF,Axis Banking & PSU Debt Fund,7.42% Power Finance Corporation Limited (15/04/2028) **,Debt,INE134E08NL6,47500.0,48065.6775,0.0354,2025-12-31
Axis Mutual Fund,AXISBDF,Axis Banking & PSU Debt Fund,7.59% REC Limited (31/05/2027) **,Debt,INE020B08FA2,46500.0,46959.978,0.0346,2025-12-31
Axis Mutual Fund,AXISBDF,Axis Banking & PSU Debt Fund,6.79% Government of India (07/10/2034),Debt,IN0020240126,44000000.0,44394.372,0.0327,2025-12-31
Axis Mutual Fund,AXISBDF,Axis Banking & PSU Debt Fund,7.4% Indian Railway Finance Corporation Limited (18/04/2026) **,Debt,INE053F08239,44050.0,44152.9889,0.0325,2025-12-31
Axis Mutual Fund,AXISBDF,Axis Banking & PSU Debt Fund,7.44% National Bank For Agriculture and Rural Development (24/02/2028),Debt,INE261F08EK5,39500.0,39962.15,0.0294,2025-12-31
Axis Mutual Fund,AXISBDF,Axis Banking & PSU Debt Fund,7.18% Government of India (14/08/2033),Debt,IN0020230085,38000000.0,39206.69,0.0289,2025-12-31
Axis Mutual Fund,AXISBDF,Axis Banking & PSU Debt Fund,7.34% Small Industries Dev Bank of India (26/02/2029) **,Debt,INE556F08KS8,35000.0,35341.355,0.026,2025-12-31
Axis Mutual Fund,AXISBDF,Axis Banking & PSU Debt Fund,7.48% National Bank For Agriculture and Rural Development (15/09/2028),Debt,INE261F08EO7,25500.0,25833.336,0.019,2025-12-31
Axis Mutual Fund,AXISBDF,Axis Banking & PSU Debt Fund,6.80% National Housing Bank (02/04/2032),Debt,INE557F08GE4,22500.0,22192.1775,0.0163,2025-12-31
Axis Mutual Fund,AXISBDF,Axis Banking & PSU Debt Fund,6.18% Indian Bank (13/01/2031) **,Debt,INE562A08081,2150.0,21497.3985,0.0158,2025-12-31
Axis Mutual Fund,AXISBDF,Axis Banking & PSU Debt Fund,7.12% Power Grid Corporation of India Limited (24/12/2034) **,Debt,INE752E08775,19500.0,19515.873,0.0144,2025-12-31
Axis Mutual Fund,AXISBDF,Axis Banking & PSU Debt Fund,7.69% REC Limited (31/03/2033) **,Debt,INE020B08EG2,18500.0,18957.986,0.014,2025-12-31
Axis Mutual Fund,AXISBDF,Axis Banking & PSU Debt Fund,7.42% Small Industries Dev Bank of India (12/03/2029) **,Debt,INE556F08KW0,18000.0,18210.276,0.0134,2025-12-31
Axis Mutual Fund,AXISBDF,Axis Banking & PSU Debt Fund,7.288% Kotak Mahindra Prime Limited (24/10/2028) **,Debt,INE916DA7TE6,17500.0,17511.76,0.0129,2025-12-31
Axis Mutual Fund,AXISBDF,Axis Banking & PSU Debt Fund,6.85% National Bank For Agriculture and Rural Development (19/01/2029) **,Debt,INE261F08EQ2,17500.0,17449.495,0.0129,2025-12-31
Axis Mutual Fund,AXISBDF,Axis Banking & PSU Debt Fund,7.32% NTPC Limited (17/07/2029) **,Debt,INE733E07KL3,1500.0,15240.945,0.0112,2025-12-31
Axis Mutual Fund,AXISBDF,Axis Banking & PSU Debt Fund,6.66% Small Industries Dev Bank of India (25/10/2028) **,Debt,INE556F08KZ3,15000.0,14907.675,0.011,2025-12-31
Axis Mutual Fund,AXISBDF,Axis Banking & PSU Debt Fund,6.74% Small Industries Dev Bank of India (10/01/2029) **,Debt,INE556F08LA4,15000.0,14903.475,0.011,2025-12-31
Axis Mutual Fund,AXISBDF,Axis Banking & PSU Debt Fund,7.29% National Housing Bank (04/07/2031) **,Debt,INE557F08GC8,13500.0,13659.1785,0.0101,2025-12-31
Axis Mutual Fund,AXISBDF,Axis Banking & PSU Debt Fund,7.51% Small Industries Dev Bank of India (12/06/2028) **,Debt,INE556F08KU4,12500.0,12678.875,0.0093,2025-12-31
Axis Mutual Fund,AXISBDF,Axis Banking & PSU Debt Fund,7.53% National Bank For Agriculture and Rural Development (24/03/2028),Debt,INE261F08EM1,12500.0,12666.2875,0.0093,2025-12-31
Axis Mutual Fund,AXISBDF,Axis Banking & PSU Debt Fund,7.79% Small Industries Dev Bank of India (14/05/2027) **,Debt,INE556F08KM1,12500.0,12660.9625,0.0093,2025-12-31
Axis Mutual Fund,AXISBDF,Axis Banking & PSU Debt Fund,7.59% National Housing Bank (14/07/2027),Debt,INE557F08FY4,12500.0,12642.4,0.0093,2025-12-31
Axis Mutual Fund,AXISBDF,Axis Banking & PSU Debt Fund,7.123% Tata Capital Housing Finance Limited (21/07/2027) **,Debt,INE033L07IO1,12500.0,12504.5875,0.0092,2025-12-31
Axis Mutual Fund,AXISBDF,Axis Banking & PSU Debt Fund,7.08% Power Grid Corporation of India Limited (25/10/2034) **,Debt,INE752E08767,12500.0,12471.4875,0.0092,2025-12-31
Axis Mutual Fund,AXISBDF,Axis Banking & PSU Debt Fund,6.60% REC Limited (30/06/2027) **,Debt,INE020B08FZ9,12500.0,12461.05,0.0092,2025-12-31
Axis Mutual Fund,AXISBDF,Axis Banking & PSU Debt Fund,6.92% Indian Railway Finance Corporation Limited (29/08/2031) **,Debt,INE053F08122,1250.0,12414.325,0.0091,2025-12-31
Axis Mutual Fund,AXISBDF,Axis Banking & PSU Debt Fund,7.26% Government of India (06/02/2033),Debt,IN0020220151,10500000.0,10870.8915,0.008,2025-12-31
Axis Mutual Fund,AXISBDF,Axis Banking & PSU Debt Fund,8.18% Mahindra & Mahindra Financial Services Limited (31/05/2029) **,Debt,INE774D07VF8,10000.0,10216.27,0.0075,2025-12-31
Axis Mutual Fund,AXISBDF,Axis Banking & PSU Debt Fund,7.49% Small Industries Dev Bank of India (11/06/2029) **,Debt,INE556F08KX8,10000.0,10137.64,0.0075,2025-12-31
Axis Mutual Fund,AXISBDF,Axis Banking & PSU Debt Fund,7.75% Small Industries Dev Bank of India (10/06/2027) **,Debt,INE556F08KN9,10000.0,10129.26,0.0075,2025-12-31
Axis Mutual Fund,AXISBDF,Axis Banking & PSU Debt Fund,7.90% Bajaj Finance Limited (13/04/2028) **,Debt,INE296A07SI8,1000.0,10124.56,0.0075,2025-12-31
Axis Mutual Fund,AXISBDF,Axis Banking & PSU Debt Fund,7.43% National Bank For Financing Infrastructure And Development (04/07/2034) **,Debt,INE0KUG08035,10000.0,10095.52,0.0074,2025-12-31
Axis Mutual Fund,AXISBDF,Axis Banking & PSU Debt Fund,7.5519% HDB Financial Services Limited (04/04/2029) **,Debt,INE756I07FE0,10000.0,10046.15,0.0074,2025-12-31
Axis Mutual Fund,AXISBDF,Axis Banking & PSU Debt Fund,7.70% National Bank For Agriculture and Rural Development (30/09/2027) **,Debt,INE261F08EI9,9700.0,9830.6881,0.0072,2025-12-31
Axis Mutual Fund,AXISBDF,Axis Banking & PSU Debt Fund,7.35% Export Import Bank of India (27/07/2028),Debt,INE514E08GE8,9000.0,9122.76,0.0067,2025-12-31
Axis Mutual Fund,AXISBDF,Axis Banking & PSU Debt Fund,7.64% National Bank For Agriculture and Rural Development (06/12/2029) **,Debt,INE261F08EJ7,7500.0,7662.6,0.0056,2025-12-31
Axis Mutual Fund,AXISBDF,Axis Banking & PSU Debt Fund,7.59% Small Industries Dev Bank of India (10/02/2026) **,Debt,INE556F08KG3,7600.0,7611.9548,0.0056,2025-12-31
Axis Mutual Fund,AXISBDF,Axis Banking & PSU Debt Fund,7.59% National Housing Bank (08/09/2027) **,Debt,INE557F08FZ1,7500.0,7594.3875,0.0056,2025-12-31
Axis Mutual Fund,AXISBDF,Axis Banking & PSU Debt Fund,7.04% Tamilnadu State Development Loans (19/03/2030),Debt,IN3120240707,7500000.0,7551.3375,0.0056,2025-12-31
Axis Mutual Fund,AXISBDF,Axis Banking & PSU Debt Fund,7.6937% Nexus Select Trust - REIT (28/05/2027) **,Debt,INE0NDH07043,7500.0,7546.95,0.0056,2025-12-31
Axis Mutual Fund,AXISBDF,Axis Banking & PSU Debt Fund,7.51% REC Limited (31/07/2026) **,Debt,INE020B08EI8,7500.0,7520.6325,0.0055,2025-12-31
Axis Mutual Fund,AXISBDF,Axis Banking & PSU Debt Fund,7.35% Bharti Telecom Limited (15/10/2027) **,Debt,INE403D08272,7500.0,7479.72,0.0055,2025-12-31
Axis Mutual Fund,AXISBDF,Axis Banking & PSU Debt Fund,6.52% REC Limited (31/01/2028),Debt,INE020B08FW6,7500.0,7464.27,0.0055,2025-12-31
Axis Mutual Fund,AXISBDF,Axis Banking & PSU Debt Fund,6.94% Power Grid Corporation of India Limited (15/04/2035) **,Debt,INE752E08783,7500.0,7410.915,0.0055,2025-12-31
Axis Mutual Fund,AXISBDF,Axis Banking & PSU Debt Fund,7.64% REC Limited (30/04/2027) **,Debt,INE020B08EX7,7000.0,7069.671,0.0052,2025-12-31
Axis Mutual Fund,AXISBDF,Axis Banking & PSU Debt Fund,7.8% Tata Capital Housing Finance Limited (05/08/2027) **,Debt,INE033L07HU0,680.0,6869.4892,0.0051,2025-12-31
Axis Mutual Fund,AXISBDF,Axis Banking & PSU Debt Fund,8.23% Indian Railway Finance Corporation Limited (29/03/2029) **,Debt,INE053F07BE7,650.0,6742.1705,0.005,2025-12-31
Axis Mutual Fund,AXISBDF,Axis Banking & PSU Debt Fund,7.71% LIC Housing Finance Limited (09/05/2033) **,Debt,INE115A07QI4,600.0,6108.93,0.0045,2025-12-31
Axis Mutual Fund,AXISBDF,Axis Banking & PSU Debt Fund,7.7951% Bajaj Finance Limited (10/12/2027) **,Debt,INE296A07TF2,6000.0,6065.904,0.0045,2025-12-31
Axis Mutual Fund,AXISBDF,Axis Banking & PSU Debt Fund,7.81% Uttar Pradesh State Development Loans (19/10/2034),Debt,IN3320220046,5500000.0,5658.6585,0.0042,2025-12-31
Axis Mutual Fund,AXISBDF,Axis Banking & PSU Debt Fund,HDB Financial Services Limited (13/01/2026) (ZCB) **,Debt,INE756I07EK0,436.0,5583.9959,0.0041,2025-12-31
Axis Mutual Fund,AXISBDF,Axis Banking & PSU Debt Fund,7.56% REC Limited (31/08/2027) **,Debt,INE020B08FF1,5500.0,5561.0885,0.0041,2025-12-31
Axis Mutual Fund,AXISBDF,Axis Banking & PSU Debt Fund,7.64% Power Finance Corporation Limited (22/02/2033) **,Debt,INE134E08MA1,5000.0,5117.97,0.0038,2025-12-31
Axis Mutual Fund,AXISBDF,Axis Banking & PSU Debt Fund,7.48% Indian Railway Finance Corporation Limited (29/08/2034) **,Debt,INE053F07BV1,500.0,5102.865,0.0038,2025-12-31
Axis Mutual Fund,AXISBDF,Axis Banking & PSU Debt Fund,8.05% HDB Financial Services Limited (08/08/2029) **,Debt,INE756I07EV7,500.0,5100.665,0.0038,2025-12-31
Axis Mutual Fund,AXISBDF,Axis Banking & PSU Debt Fund,7.62% National Bank For Agriculture and Rural Development (10/05/2029) **,Debt,INE261F08EH1,5000.0,5089.885,0.0037,2025-12-31
Axis Mutual Fund,AXISBDF,Axis Banking & PSU Debt Fund,7.44% Indian Railway Finance Corporation Limited (13/06/2034) **,Debt,INE053F08395,5000.0,5087.965,0.0037,2025-12-31
Axis Mutual Fund,AXISBDF,Axis Banking & PSU Debt Fund,7.12% Export Import Bank of India (27/06/2030) **,Debt,INE514E08GF5,5050.0,5085.446,0.0037,2025-12-31
Axis Mutual Fund,AXISBDF,Axis Banking & PSU Debt Fund,7.65% HDFC Bank Limited (25/05/2033) **,Debt,INE040A08930,5000.0,5080.04,0.0037,2025-12-31
Axis Mutual Fund,AXISBDF,Axis Banking & PSU Debt Fund,8% Tata Capital Housing Finance Limited (03/11/2027) **,Debt,INE033L07HY2,500.0,5074.94,0.0037,2025-12-31
Axis Mutual Fund,AXISBDF,Axis Banking & PSU Debt Fund,7.45% Export Import Bank of India (12/04/2028) **,Debt,INE514E08GB4,5000.0,5074.155,0.0037,2025-12-31
Axis Mutual Fund,AXISBDF,Axis Banking & PSU Debt Fund,7.64% LIC Housing Finance Limited (26/07/2033) **,Debt,INE115A07QL8,500.0,5072.875,0.0037,2025-12-31
Axis Mutual Fund,AXISBDF,Axis Banking & PSU Debt Fund,7.37% Indian Railway Finance Corporation Limited (31/07/2029) **,Debt,INE053F08411,5000.0,5070.13,0.0037,2025-12-31
Axis Mutual Fund,AXISBDF,Axis Banking & PSU Debt Fund,7.83% Kotak Mahindra Prime Limited (13/07/2028) **,Debt,INE916DA7SJ7,5000.0,5063.18,0.0037,2025-12-31
Axis Mutual Fund,AXISBDF,Axis Banking & PSU Debt Fund,7.38% Power Finance Corporation Limited (15/01/2032) **,Debt,INE134E08NM4,5000.0,5058.89,0.0037,2025-12-31
Axis Mutual Fund,AXISBDF,Axis Banking & PSU Debt Fund,7.40% Power Finance Corporation Limited (15/01/2035) **,Debt,INE134E08NN2,5000.0,5057.245,0.0037,2025-12-31
Axis Mutual Fund,AXISBDF,Axis Banking & PSU Debt Fund,7.27% Indian Railway Finance Corporation Limited (15/06/2027) **,Debt,INE053F07AB5,500.0,5032.905,0.0037,2025-12-31
Axis Mutual Fund,AXISBDF,Axis Banking & PSU Debt Fund,7.32% REC Limited (28/02/2035) **,Debt,INE020B08FQ8,5000.0,5027.905,0.0037,2025-12-31
Axis Mutual Fund,AXISBDF,Axis Banking & PSU Debt Fund,7.27% Tata Capital Housing Finance Limited (25/04/2028) **,Debt,INE033L07IN3,5000.0,5008.64,0.0037,2025-12-31
Axis Mutual Fund,AXISBDF,Axis Banking & PSU Debt Fund,7.10% Bajaj Housing Finance Limited (16/10/2028),Debt,INE377Y07607,5000.0,5000.445,0.0037,2025-12-31
Axis Mutual Fund,AXISBDF,Axis Banking & PSU Debt Fund,7.20% Larsen & Toubro Limited (22/01/2035) **,Debt,INE018A08BM2,5000.0,4998.505,0.0037,2025-12-31
Axis Mutual Fund,AXISBDF,Axis Banking & PSU Debt Fund,6.97% Bajaj Housing Finance Limited (17/07/2028) **,Debt,INE377Y07599,5000.0,4985.22,0.0037,2025-12-31
Axis Mutual Fund,AXISBDF,Axis Banking & PSU Debt Fund,7.4% Bharti Telecom Limited (01/02/2029),Debt,INE403D08298,5000.0,4976.375,0.0037,2025-12-31
Axis Mutual Fund,AXISBDF,Axis Banking & PSU Debt Fund,6.61% Power Finance Corporation Limited (15/07/2028) **,Debt,INE134E08NS1,5000.0,4967.54,0.0037,2025-12-31
Axis Mutual Fund,AXISBDF,Axis Banking & PSU Debt Fund,6.66% National Bank For Agriculture and Rural Development (12/10/2028),Debt,INE261F08EP4,5000.0,4967.215,0.0037,2025-12-31
Axis Mutual Fund,AXISBDF,Axis Banking & PSU Debt Fund,7.68% National Bank For Agriculture and Rural Development (30/04/2029),Debt,INE261F08EG3,4500.0,4588.146,0.0034,2025-12-31
Axis Mutual Fund,AXISBDF,Axis Banking & PSU Debt Fund,7.4% National Housing Bank (16/07/2026) **,Debt,INE557F08FS6,4500.0,4514.2425,0.0033,2025-12-31
Axis Mutual Fund,AXISBDF,Axis Banking & PSU Debt Fund,8.4% Indian Railway Finance Corporation Limited (08/01/2029) **,Debt,INE053F07AZ4,400.0,4157.324,0.0031,2025-12-31
Axis Mutual Fund,AXISBDF,Axis Banking & PSU Debt Fund,7.57% National Bank For Agriculture and Rural Development (19/03/2026) **,Debt,INE261F08DW2,4100.0,4109.1266,0.003,2025-12-31
Axis Mutual Fund,AXISBDF,Axis Banking & PSU Debt Fund,7.85% Bajaj Housing Finance Limited (01/09/2028) **,Debt,INE377Y07433,400.0,4070.616,0.003,2025-12-31
Axis Mutual Fund,AXISBDF,Axis Banking & PSU Debt Fund,8.3439% HDB Financial Services Limited (05/07/2027) **,Debt,INE756I07EZ8,3000.0,3046.926,0.0022,2025-12-31
Axis Mutual Fund,AXISBDF,Axis Banking & PSU Debt Fund,7.08% Karnataka State Development Loans (12/08/2031),Debt,IN1920240232,3000000.0,2995.62,0.0022,2025-12-31
Axis Mutual Fund,AXISBDF,Axis Banking & PSU Debt Fund,6.87% Indian Railway Finance Corporation Limited (14/04/2032) **,Debt,INE053F08163,300.0,2968.884,0.0022,2025-12-31
Axis Mutual Fund,AXISBDF,Axis Banking & PSU Debt Fund,7.54% Bihar State Development Loans (03/09/2033),Debt,IN1320250088,2665700.0,2678.3061,0.002,2025-12-31
Axis Mutual Fund,AXISBDF,Axis Banking & PSU Debt Fund,7.88% IndiGrid Infrastructure Trust (30/04/2029) **,Debt,INE219X07439,2500.0,2561.375,0.0019,2025-12-31
Axis Mutual Fund,AXISBDF,Axis Banking & PSU Debt Fund,7.83% Small Industries Dev Bank of India (24/11/2028) **,Debt,INE556F08KL3,2500.0,2558.6,0.0019,2025-12-31
Axis Mutual Fund,AXISBDF,Axis Banking & PSU Debt Fund,7.71% HDFC Bank Limited (20/12/2033) **,Debt,INE040A08AJ4,2500.0,2556.37,0.0019,2025-12-31
Axis Mutual Fund,AXISBDF,Axis Banking & PSU Debt Fund,7.77% REC Limited (31/03/2028) **,Debt,INE020B08EH0,2500.0,2548.635,0.0019,2025-12-31
Axis Mutual Fund,AXISBDF,Axis Banking & PSU Debt Fund,7.6% Power Finance Corporation Limited (13/04/2029) **,Debt,INE134E08MX3,2500.0,2544.985,0.0019,2025-12-31
Axis Mutual Fund,AXISBDF,Axis Banking & PSU Debt Fund,7.70% REC Limited (10/12/2027) **,Debt,INE020B08AQ9,250.0,2540.5,0.0019,2025-12-31
Axis Mutual Fund,AXISBDF,Axis Banking & PSU Debt Fund,7.67% LIC Housing Finance Limited (15/04/2033),Debt,INE115A07QK0,250.0,2539.1775,0.0019,2025-12-31
Axis Mutual Fund,AXISBDF,Axis Banking & PSU Debt Fund,7.62% National Bank For Agriculture and Rural Development (31/01/2028),Debt,INE261F08DV4,2500.0,2536.95,0.0019,2025-12-31
Axis Mutual Fund,AXISBDF,Axis Banking & PSU Debt Fund,7.55% REC Limited (31/03/2028),Debt,INE020B08EA5,250.0,2536.1775,0.0019,2025-12-31
Axis Mutual Fund,AXISBDF,Axis Banking & PSU Debt Fund,7.48% Small Industries Dev Bank of India (24/05/2029) **,Debt,INE556F08KV2,2500.0,2533.2725,0.0019,2025-12-31
Axis Mutual Fund,AXISBDF,Axis Banking & PSU Debt Fund,7.68% Small Industries Dev Bank of India (10/08/2027) **,Debt,INE556F08KP4,2500.0,2531.5625,0.0019,2025-12-31
Axis Mutual Fund,AXISBDF,Axis Banking & PSU Debt Fund,7.7165% Nexus Select Trust - REIT (14/06/2028) **,Debt,INE0NDH07035,2500.0,2529.8425,0.0019,2025-12-31
Axis Mutual Fund,AXISBDF,Axis Banking & PSU Debt Fund,7.25% Nuclear Power Corporation Of India Limited (15/12/2027) **,Debt,INE206D08410,250.0,2529.3825,0.0019,2025-12-31
Axis Mutual Fund,AXISBDF,Axis Banking & PSU Debt Fund,7.43% National Bank For Financing Infrastructure And Development (16/06/2033) **,Debt,INE0KUG08019,2500.0,2524.33,0.0019,2025-12-31
Axis Mutual Fund,AXISBDF,Axis Banking & PSU Debt Fund,7.70% Power Finance Corporation Limited (15/09/2026) **,Debt,INE134E08MK0,2500.0,2516.225,0.0019,2025-12-31
Axis Mutual Fund,AXISBDF,Axis Banking & PSU Debt Fund,6.97% Karnataka State Development Loans (26/02/2030),Debt,IN1920190197,2500000.0,2511.385,0.0019,2025-12-31
Axis Mutual Fund,AXISBDF,Axis Banking & PSU Debt Fund,7.56% Bajaj Housing Finance Limited (04/10/2034) **,Debt,INE377Y07516,2500.0,2511.0025,0.0018,2025-12-31
Axis Mutual Fund,AXISBDF,Axis Banking & PSU Debt Fund,7.64% REC Limited (30/06/2026) **,Debt,INE020B08EM0,2500.0,2509.9875,0.0018,2025-12-31
Axis Mutual Fund,AXISBDF,Axis Banking & PSU Debt Fund,7.3763% Bajaj Finance Limited (26/06/2028) **,Debt,INE296A07TJ4,2500.0,2503.605,0.0018,2025-12-31
Axis Mutual Fund,AXISBDF,Axis Banking & PSU Debt Fund,7.50% Bajaj Housing Finance Limited (09/04/2035) **,Debt,INE377Y07540,2500.0,2496.625,0.0018,2025-12-31
Axis Mutual Fund,AXISBDF,Axis Banking & PSU Debt Fund,6.99% Sundaram Finance Limited (28/05/2027) **,Debt,INE660A07RY4,2500.0,2495.015,0.0018,2025-12-31
Axis Mutual Fund,AXISBDF,Axis Banking & PSU Debt Fund,6.95% Bajaj Housing Finance Limited (28/01/2028) **,Debt,INE377Y07615,2500.0,2494.885,0.0018,2025-12-31
Axis Mutual Fund,AXISBDF,Axis Banking & PSU Debt Fund,7.55% Bajaj Finance Limited (03/04/2035) **,Debt,INE296A07TH8,2500.0,2492.2125,0.0018,2025-12-31
Axis Mutual Fund,AXISBDF,Axis Banking & PSU Debt Fund,6.98% Power Grid Corporation of India Limited (12/08/2035) **,Debt,INE752E08791,2500.0,2476.1675,0.0018,2025-12-31
Axis Mutual Fund,AXISBDF,Axis Banking & PSU Debt Fund,7.06% REC Limited (30/06/2035) **,Debt,INE020B08GA0,2500.0,2469.9025,0.0018,2025-12-31
Axis Mutual Fund,AXISBDF,Axis Banking & PSU Debt Fund,6.58% Indian Railway Finance Corporation Limited (30/05/2030) **,Debt,INE053F08528,2500.0,2464.7775,0.0018,2025-12-31
Axis Mutual Fund,AXISBDF,Axis Banking & PSU Debt Fund,6.73% Indian Railway Finance Corporation Limited (06/07/2035) **,Debt,INE053F07CQ9,250.0,2427.805,0.0018,2025-12-31
Axis Mutual Fund,AXISBDF,Axis Banking & PSU Debt Fund,6.68% Government of India (07/07/2040),Debt,IN0020250042,2500000.0,2427.61,0.0018,2025-12-31
Axis Mutual Fund,AXISBDF,Axis Banking & PSU Debt Fund,7.47% Small Industries Dev Bank of India (05/09/2029) **,Debt,INE556F08KR0,2285.0,2317.1682,0.0017,2025-12-31
Axis Mutual Fund,AXISBDF,Axis Banking & PSU Debt Fund,8.1% Bajaj Housing Finance Limited (08/07/2027) **,Debt,INE377Y07482,1800.0,1826.3916,0.0013,2025-12-31
Axis Mutual Fund,AXISBDF,Axis Banking & PSU Debt Fund,8.05% NTPC Limited (05/05/2026) **,Debt,INE733E07KA6,175.0,1757.5163,0.0013,2025-12-31
Axis Mutual Fund,AXISBDF,Axis Banking & PSU Debt Fund,7.9% Sundaram Home Finance Limited (24/09/2027) **,Debt,INE667F07IV3,1500.0,1519.062,0.0011,2025-12-31
Axis Mutual Fund,AXISBDF,Axis Banking & PSU Debt Fund,7.86% Tata Capital Housing Finance Limited (21/09/2029) **,Debt,INE033L07IJ1,1000.0,1020.888,0.0008,2025-12-31
Axis Mutual Fund,AXISBDF,Axis Banking & PSU Debt Fund,7.39% Maharashtra State Development Loans (03/07/2030),Debt,IN2220190036,1000000.0,1020.434,0.0008,2025-12-31
Axis Mutual Fund,AXISBDF,Axis Banking & PSU Debt Fund,8.24% L&T Finance Limited (16/06/2027) **,Debt,INE498L07038,1000.0,1014.1,0.0007,2025-12-31
Axis Mutual Fund,AXISBDF,Axis Banking & PSU Debt Fund,7.9265% LIC Housing Finance Limited (14/07/2027) **,Debt,INE115A07QS3,1000.0,1012.719,0.0007,2025-12-31
Axis Mutual Fund,AXISBDF,Axis Banking & PSU Debt Fund,7.44% Power Finance Corporation Limited (11/06/2027) **,Debt,INE134E08JC3,100.0,1008.387,0.0007,2025-12-31
Axis Mutual Fund,AXISBDF,Axis Banking & PSU Debt Fund,7.10% Power Finance Corporation Limited (11/01/2027) **,Debt,INE134E08IP7,100.0,1004.373,0.0007,2025-12-31
Axis Mutual Fund,AXISBDF,Axis Banking & PSU Debt Fund,8.32% HDFC Bank Limited (04/05/2026) **,Debt,INE040A08468,10.0,1003.943,0.0007,2025-12-31
Axis Mutual Fund,AXISBDF,Axis Banking & PSU Debt Fund,7.9% Kotak Mahindra Prime Limited (13/01/2026) **,Debt,INE916DA7SB4,1000.0,1000.323,0.0007,2025-12-31
Axis Mutual Fund,AXISBDF,Axis Banking & PSU Debt Fund,6.95% Rajasthan State Development Loans (10/02/2031),Debt,IN2920200655,1000000.0,992.541,0.0007,2025-12-31
Axis Mutual Fund,AXISBDF,Axis Banking & PSU Debt Fund,5.74% Government of India (15/11/2026),Debt,IN0020210186,550000.0,550.649,0.0004,2025-12-31
Axis Mutual Fund,AXISBDF,Axis Banking & PSU Debt Fund,7.40 % National Bank For Agriculture and Rural Development (29/04/2030) **,Debt,INE261F08EL3,500.0,506.5135,0.0004,2025-12-31
Axis Mutual Fund,AXISBDF,Axis Banking & PSU Debt Fund,8.53% Tamil Nadu State Development Loans (09/03/2026),Debt,IN3120150211,500000.0,502.97,0.0004,2025-12-31
Axis Mutual Fund,AXISBDF,Axis Banking & PSU Debt Fund,8.04% Chattisgarh State Development Loans (20/03/2026),Debt,IN3520180131,500000.0,502.8725,0.0004,2025-12-31
Axis Mutual Fund,AXISBDF,Axis Banking & PSU Debt Fund,8.255% Kotak Mahindra Prime Limited (22/06/2026) **,Debt,INE916DA7SF5,500.0,502.393,0.0004,2025-12-31
Axis Mutual Fund,AXISBDF,Axis Banking & PSU Debt Fund,6.28% Government of India (14/07/2032),Debt,IN0020250059,500000.0,492.4115,0.0004,2025-12-31
Axis Mutual Fund,AXISBDF,Axis Banking & PSU Debt Fund,5.79% Government of India (11/05/2030),Debt,IN0020200070,500000.0,489.501,0.0004,2025-12-31
Axis Mutual Fund,AXISBDF,Axis Banking & PSU Debt Fund,7.37% Power Finance Corporation Limited (22/05/2026) **,Debt,INE134E08MO2,450.0,450.8082,0.0003,2025-12-31
Axis Mutual Fund,AXISBDF,Axis Banking & PSU Debt Fund,5.63% Government of India (12/04/2026),Debt,IN0020210012,350000.0,350.1131,0.0003,2025-12-31
Axis Mutual Fund,AXISBDF,Axis Banking & PSU Debt Fund,6.92% Government of India (18/11/2039),Debt,IN0020240134,345400.0,345.552,0.0003,2025-12-31
Axis Mutual Fund,AXISBDF,Axis Banking & PSU Debt Fund,8.285% Tata Capital Limited (10/05/2027) **,Debt,INE976I07CT9,250.0,253.2845,0.0002,2025-12-31
Axis Mutual Fund,AXISBDF,Axis Banking & PSU Debt Fund,8.1432% LIC Housing Finance Limited (25/03/2026) **,Debt,INE115A07QG8,25.0,250.817,0.0002,2025-12-31
Axis Mutual Fund,AXISBDF,Axis Banking & PSU Debt Fund,6.79% Government of India (30/12/2031),Debt,IN0020240191,175100.0,177.4111,0.0001,2025-12-31
Axis Mutual Fund,AXISBDF,Axis Banking & PSU Debt Fund,8.72% Tamilnadu State Development Loans (19/09/2026),Debt,IN3120180127,150000.0,153.1176,0.0001,2025-12-31
Axis Mutual Fund,AXISBDF,Axis Banking & PSU Debt Fund,7.08% Andhra Pradesh State Development Loans (26/03/2037),Debt,IN1020240801,140900.0,136.7116,0.0001,2025-12-31
Axis Mutual Fund,AXISBDF,Axis Banking & PSU Debt Fund,7.13% Power Finance Corporation Limited (15/07/2026) **,Debt,INE134E08LP1,11.0,110.1212,0.0001,2025-12-31
Axis Mutual Fund,AXISBDF,Axis Banking & PSU Debt Fund,8.25% Mahindra & Mahindra Financial Services Limited (25/03/2027) **,Debt,INE774D07VE1,100.0,101.246,0.0001,2025-12-31
Axis Mutual Fund,AXISBDF,Axis Banking & PSU Debt Fund,7.22% National Housing Bank (23/07/2026) **,Debt,INE557F08FR8,100.0,100.2559,0.0001,2025-12-31
Axis Mutual Fund,AXISBDF,Axis Banking & PSU Debt Fund,7.58% Bharat Petroleum Corporation Limited (17/03/2026) **,Debt,INE029A08073,100.0,100.2258,0.0001,2025-12-31
Axis Mutual Fund,AXISBDF,Axis Banking & PSU Debt Fund,Kotak Mahindra Investments Limited (29/01/2026) (ZCB) **,Debt,INE975F07HV2,9.0,89.5457,0.0001,2025-12-31
Axis Mutual Fund,AXISBDF,Axis Banking & PSU Debt Fund,6.67% ICICI Bank Limited (26/11/2028) **,Debt,INE090A08UF5,5.0,49.5909,$0.00%,2025-12-31
Axis Mutual Fund,AXISBDF,Axis Banking & PSU Debt Fund,Shivshakti Securitisation Trust (28/09/2029) **,Debt,INE2I7G15010,122.0,12241.1691,0.009,2025-12-31
Axis Mutual Fund,AXISBDF,Axis Banking & PSU Debt Fund,Siddhivinayak Securitisation Trust (28/09/2030) **,Debt,INE2I7F15012,121.0,12155.1632,0.009,2025-12-31
Axis Mutual Fund,AXISBDF,Axis Banking & PSU Debt Fund,Radhakrishna Securitisation Trust (28/09/2028) **,Debt,INE2I7H15018,78.0,7792.0978,0.0057,2025-12-31
Axis Mutual Fund,AXISBDF,Axis Banking & PSU Debt Fund,Bank of Baroda (24/02/2026),Debt,INE028A16JJ3,3000.0,14869.845,0.011,2025-12-31
Axis Mutual Fund,AXISBDF,Axis Banking & PSU Debt Fund,Indian Bank (12/03/2026) **,Debt,INE562A16OI3,3000.0,14832.045,0.0109,2025-12-31
Axis Mutual Fund,AXISBDF,Axis Banking & PSU Debt Fund,Union Bank of India (01/06/2026) **,Debt,INE692A16KH8,3000.0,14613.09,0.0108,2025-12-31
Axis Mutual Fund,AXISBDF,Axis Banking & PSU Debt Fund,HDFC Bank Limited (21/12/2026),Debt,INE040A16II2,3000.0,14096.31,0.0104,2025-12-31
Axis Mutual Fund,AXISBDF,Axis Banking & PSU Debt Fund,Bank of Baroda (06/03/2026) **,Debt,INE028A16HW0,2000.0,9897.35,0.0073,2025-12-31
Axis Mutual Fund,AXISBDF,Axis Banking & PSU Debt Fund,Kotak Mahindra Bank Limited (19/03/2026) **,Debt,INE237A168Z9,2000.0,9877.17,0.0073,2025-12-31
Axis Mutual Fund,AXISBDF,Axis Banking & PSU Debt Fund,Canara Bank (18/03/2026),Debt,INE476A16B64,2000.0,9876.93,0.0073,2025-12-31
Axis Mutual Fund,AXISBDF,Axis Banking & PSU Debt Fund,Canara Bank (18/12/2026) **,Debt,INE476A16F78,2000.0,9403.19,0.0069,2025-12-31
Axis Mutual Fund,AXISBDF,Axis Banking & PSU Debt Fund,Export Import Bank of India (20/03/2026),Debt,INE514E16CK7,1500.0,7406.46,0.0055,2025-12-31
Axis Mutual Fund,AXISBDF,Axis Banking & PSU Debt Fund,National Bank For Agriculture and Rural Development (04/02/2026),Debt,INE261F16926,1000.0,4972.41,0.0037,2025-12-31
Axis Mutual Fund,AXISBDF,Axis Banking & PSU Debt Fund,HDFC Bank Limited (06/02/2026),Debt,INE040A16GF2,1000.0,4971.075,0.0037,2025-12-31
Axis Mutual Fund,AXISBDF,Axis Banking & PSU Debt Fund,Punjab National Bank (15/12/2026) **,Debt,INE160A16TZ9,1000.0,4703.575,0.0035,2025-12-31
Axis Mutual Fund,AXISBDF,Axis Banking & PSU Debt Fund,Export Import Bank of India (04/03/2026),Debt,INE514E16CJ9,500.0,2475.1725,0.0018,2025-12-31
Axis Mutual Fund,AXISBDF,Axis Banking & PSU Debt Fund,Union Bank of India (20/05/2026) **,Debt,INE692A16KF2,500.0,2440.655,0.0018,2025-12-31
Axis Mutual Fund,AXISBDF,Axis Banking & PSU Debt Fund,182 Days Tbill (MD 26/03/2026),Debt,IN002025Y263,19500000.0,19271.5965,0.0142,2025-12-31
Axis Mutual Fund,AXISBDF,Axis Banking & PSU Debt Fund,SBI - Corporate Debt Market Development Fund (CDMDF) - Class A2,Debt,INF0RQ622028,35306.678,4079.2602,0.003,2025-12-31
Axis Mutual Fund,AXISBETF,Axis NIFTY Bank ETF,HDFC Bank Limited,Equity,INE040A01034,1057887.0,10485.7759,0.2515,2025-12-31
Axis Mutual Fund,AXISBETF,Axis NIFTY Bank ETF,ICICI Bank Limited,Equity,INE090A01021,626332.0,8411.0124,0.2017,2025-12-31
Axis Mutual Fund,AXISBETF,Axis NIFTY Bank ETF,State Bank of India,Equity,INE062A01020,408726.0,4014.5068,0.0963,2025-12-31
Axis Mutual Fund,AXISBETF,Axis NIFTY Bank ETF,Axis Bank Limited,Equity,INE238A01034,305113.0,3873.1044,0.0929,2025-12-31
Axis Mutual Fund,AXISBETF,Axis NIFTY Bank ETF,Kotak Mahindra Bank Limited,Equity,INE237A01028,174808.0,3847.6989,0.0923,2025-12-31
Axis Mutual Fund,AXISBETF,Axis NIFTY Bank ETF,The Federal Bank Limited,Equity,INE171A01029,672681.0,1796.731,0.0431,2025-12-31
Axis Mutual Fund,AXISBETF,Axis NIFTY Bank ETF,IndusInd Bank Limited,Equity,INE095A01012,178059.0,1538.7859,0.0369,2025-12-31
Axis Mutual Fund,AXISBETF,Axis NIFTY Bank ETF,AU Small Finance Bank Limited,Equity,INE949L01017,150875.0,1500.4519,0.036,2025-12-31
Axis Mutual Fund,AXISBETF,Axis NIFTY Bank ETF,IDFC First Bank Limited,Equity,INE092T01019,1747073.0,1495.6692,0.0359,2025-12-31
Axis Mutual Fund,AXISBETF,Axis NIFTY Bank ETF,Bank of Baroda,Equity,INE028A01039,492117.0,1456.1742,0.0349,2025-12-31
Axis Mutual Fund,AXISBETF,Axis NIFTY Bank ETF,Canara Bank,Equity,INE476A01022,898331.0,1391.6046,0.0334,2025-12-31
Axis Mutual Fund,AXISBETF,Axis NIFTY Bank ETF,Punjab National Bank,Equity,INE160A01022,961101.0,1187.7286,0.0285,2025-12-31
Axis Mutual Fund,AXISBETF,Axis NIFTY Bank ETF,Yes Bank Limited,Equity,INE528G01035,1677424.0,362.3236,0.0087,2025-12-31
Axis Mutual Fund,AXISBETF,Axis NIFTY Bank ETF,Union Bank of India,Equity,INE692A01016,216763.0,333.2948,0.008,2025-12-31
Axis Mutual Fund,AXISBTF,Axis BSE Sensex ETF,HDFC Bank Limited,Other,INE040A01034,209659.0,2079.2931,0.1498,2025-12-31
Axis Mutual Fund,AXISBTF,Axis BSE Sensex ETF,Reliance Industries Limited,Other,INE002A01018,93189.0,1462.5082,0.1053,2025-12-31
Axis Mutual Fund,AXISBTF,Axis BSE Sensex ETF,ICICI Bank Limited,Other,INE090A01021,98417.0,1321.6419,0.0952,2025-12-31
Axis Mutual Fund,AXISBTF,Axis BSE Sensex ETF,Bharti Airtel Limited,Other,INE397D01024,38450.0,809.6417,0.0583,2025-12-31
Axis Mutual Fund,AXISBTF,Axis BSE Sensex ETF,Infosys Limited,Other,INE009A01021,49206.0,795.3904,0.0573,2025-12-31
Axis Mutual Fund,AXISBTF,Axis BSE Sensex ETF,Larsen & Toubro Limited,Other,INE018A01030,16103.0,657.5016,0.0474,2025-12-31
Axis Mutual Fund,AXISBTF,Axis BSE Sensex ETF,State Bank of India,Other,INE062A01020,57203.0,561.8479,0.0405,2025-12-31
Axis Mutual Fund,AXISBTF,Axis BSE Sensex ETF,ITC Limited,Other,INE154A01025,132848.0,535.3774,0.0386,2025-12-31
Axis Mutual Fund,AXISBTF,Axis BSE Sensex ETF,Axis Bank Limited,Other,INE238A01034,39318.0,498.8275,0.0359,2025-12-31
Axis Mutual Fund,AXISBTF,Axis BSE Sensex ETF,Mahindra & Mahindra Limited,Other,INE101A01026,12238.0,453.9808,0.0327,2025-12-31
Axis Mutual Fund,AXISBTF,Axis BSE Sensex ETF,Tata Consultancy Services Limited,Other,INE467B01029,13953.0,447.2983,0.0322,2025-12-31
Axis Mutual Fund,AXISBTF,Axis BSE Sensex ETF,Kotak Mahindra Bank Limited,Other,INE237A01028,20270.0,446.092,0.0321,2025-12-31
Axis Mutual Fund,AXISBTF,Axis BSE Sensex ETF,Bajaj Finance Limited,Other,INE296A01032,35990.0,355.0953,0.0256,2025-12-31
Axis Mutual Fund,AXISBTF,Axis BSE Sensex ETF,Maruti Suzuki India Limited,Other,INE585B01010,1818.0,303.6833,0.0219,2025-12-31
Axis Mutual Fund,AXISBTF,Axis BSE Sensex ETF,Hindustan Unilever Limited,Other,INE030A01027,12294.0,284.643,0.0205,2025-12-31
Axis Mutual Fund,AXISBTF,Axis BSE Sensex ETF,Eternal Limited,Other,INE758T01015,95695.0,265.9843,0.0192,2025-12-31
Axis Mutual Fund,AXISBTF,Axis BSE Sensex ETF,Sun Pharmaceutical Industries Limited,Other,INE044A01036,14540.0,250.0517,0.018,2025-12-31
Axis Mutual Fund,AXISBTF,Axis BSE Sensex ETF,HCL Technologies Limited,Other,INE860A01027,14573.0,236.7165,0.017,2025-12-31
Axis Mutual Fund,AXISBTF,Axis BSE Sensex ETF,Titan Company Limited,Other,INE280A01028,5625.0,227.8491,0.0164,2025-12-31
Axis Mutual Fund,AXISBTF,Axis BSE Sensex ETF,NTPC Limited,Other,INE733E01010,65345.0,215.2791,0.0155,2025-12-31
Axis Mutual Fund,AXISBTF,Axis BSE Sensex ETF,Tata Steel Limited,Other,INE081A01020,113328.0,204.0471,0.0147,2025-12-31
Axis Mutual Fund,AXISBTF,Axis BSE Sensex ETF,Bharat Electronics Limited,Other,INE263A01024,49304.0,197.0681,0.0142,2025-12-31
Axis Mutual Fund,AXISBTF,Axis BSE Sensex ETF,UltraTech Cement Limited,Other,INE481G01011,1625.0,191.5136,0.0138,2025-12-31
Axis Mutual Fund,AXISBTF,Axis BSE Sensex ETF,Asian Paints Limited,Other,INE021A01026,6199.0,171.6906,0.0124,2025-12-31
Axis Mutual Fund,AXISBTF,Axis BSE Sensex ETF,Power Grid Corporation of India Limited,Other,INE752E01010,62691.0,165.849,0.0119,2025-12-31
Axis Mutual Fund,AXISBTF,Axis BSE Sensex ETF,Bajaj Finserv Limited,Other,INE918I01026,7925.0,161.5749,0.0116,2025-12-31
Axis Mutual Fund,AXISBTF,Axis BSE Sensex ETF,Adani Ports and Special Economic Zone Limited,Other,INE742F01042,10144.0,149.0661,0.0107,2025-12-31
Axis Mutual Fund,AXISBTF,Axis BSE Sensex ETF,InterGlobe Aviation Limited,Other,INE646L01027,2898.0,146.6489,0.0106,2025-12-31
Axis Mutual Fund,AXISBTF,Axis BSE Sensex ETF,Tech Mahindra Limited,Other,INE669C01036,8788.0,139.8522,0.0101,2025-12-31
Axis Mutual Fund,AXISBTF,Axis BSE Sensex ETF,Trent Limited,Other,INE849A01020,3046.0,130.3094,0.0094,2025-12-31
Axis Mutual Fund,AXISBTF,Axis BSE Sensex ETF,Kwality Walls (India) Limited,Other,INE2KCE01013,12343.0,4.7089,0.0003,2025-12-31
Axis Mutual Fund,AXISCBS,Axis CRISIL IBX SDL June 2034 Debt Index Fund,7.49% Tamilnadu State Development Loans (24/04/2034),Equity,IN3120240038,500000.0,505.163,0.6087,2025-12-31
Axis Mutual Fund,AXISCBS,Axis CRISIL IBX SDL June 2034 Debt Index Fund,7.94% Haryana State Development Loans (29/06/2034),Equity,IN1620220120,70000.0,72.3159,0.0871,2025-12-31
Axis Mutual Fund,AXISCBS,Axis CRISIL IBX SDL June 2034 Debt Index Fund,7.44% Tamilnadu State Development Loans (05/06/2034),Equity,IN3120240103,62300.0,62.7611,0.0756,2025-12-31
Axis Mutual Fund,AXISCBS,Axis CRISIL IBX SDL June 2034 Debt Index Fund,7.72% Maharashtra State Development Loans (25/05/2034),Equity,IN2220220072,55000.0,56.3583,0.0679,2025-12-31
Axis Mutual Fund,AXISCBS,Axis CRISIL IBX SDL June 2034 Debt Index Fund,7.9% Andhra Pradesh State Development Loans (01/06/2034),Equity,IN1020220167,50000.0,51.6871,0.0623,2025-12-31
Axis Mutual Fund,AXISCBS,Axis CRISIL IBX SDL June 2034 Debt Index Fund,7.43% Tamilnadu State Development Loans (08/05/2034),Equity,IN3120240053,30000.0,30.2004,0.0364,2025-12-31
Axis Mutual Fund,AXISCBS,Axis CRISIL IBX SDL June 2034 Debt Index Fund,7.44% Karnataka State Development Loans (28/02/2034),Equity,IN1920230274,22800.0,22.9633,0.0277,2025-12-31
Axis Mutual Fund,AXISCDL,Axis CRISIL IBX AAA Bond NBFC Jun 2027 Index Fund,8.285% Tata Capital Limited (10/05/2027) **,Equity,INE976I07CT9,22500.0,22795.605,0.1213,2025-12-31
Axis Mutual Fund,AXISCDL,Axis CRISIL IBX AAA Bond NBFC Jun 2027 Index Fund,8.12% Kotak Mahindra Prime Limited (21/06/2027) **,Equity,INE916DA7SU4,18100.0,18337.8521,0.0976,2025-12-31
Axis Mutual Fund,AXISCDL,Axis CRISIL IBX AAA Bond NBFC Jun 2027 Index Fund,7.2337% Bajaj Finance Limited (28/06/2027) **,Equity,INE296A07TK2,17500.0,17509.3275,0.0932,2025-12-31
Axis Mutual Fund,AXISCDL,Axis CRISIL IBX AAA Bond NBFC Jun 2027 Index Fund,7.2092% L&T Finance Limited (29/06/2027) **,Equity,INE498L07137,17500.0,17494.855,0.0931,2025-12-31
Axis Mutual Fund,AXISCDL,Axis CRISIL IBX AAA Bond NBFC Jun 2027 Index Fund,8.3324% HDB Financial Services Limited (10/05/2027) **,Equity,INE756I07EY1,14000.0,14195.566,0.0755,2025-12-31
Axis Mutual Fund,AXISCDL,Axis CRISIL IBX AAA Bond NBFC Jun 2027 Index Fund,8.25% Mahindra & Mahindra Financial Services Limited (25/03/2027) **,Equity,INE774D07VE1,10358.0,10487.0607,0.0558,2025-12-31
Axis Mutual Fund,AXISCDL,Axis CRISIL IBX AAA Bond NBFC Jun 2027 Index Fund,8.33% Aditya Birla Capital Limited (19/05/2027) **,Equity,INE860H07IY4,9400.0,9518.3366,0.0506,2025-12-31
Axis Mutual Fund,AXISCDL,Axis CRISIL IBX AAA Bond NBFC Jun 2027 Index Fund,8.24% L&T Finance Limited (16/06/2027) **,Equity,INE498L07038,7500.0,7605.75,0.0405,2025-12-31
Axis Mutual Fund,AXISCDL,Axis CRISIL IBX AAA Bond NBFC Jun 2027 Index Fund,8.12% Sundaram Finance Limited (21/06/2027) **,Equity,INE660A07RT4,7500.0,7598.04,0.0404,2025-12-31
Axis Mutual Fund,AXISCDL,Axis CRISIL IBX AAA Bond NBFC Jun 2027 Index Fund,6.99% Sundaram Finance Limited (28/05/2027) **,Equity,INE660A07RY4,7500.0,7485.045,0.0398,2025-12-31
Axis Mutual Fund,AXISCDL,Axis CRISIL IBX AAA Bond NBFC Jun 2027 Index Fund,8.2378% HDB Financial Services Limited (06/04/2027) **,Equity,INE756I07EX3,6000.0,6072.072,0.0323,2025-12-31
Axis Mutual Fund,AXISCDL,Axis CRISIL IBX AAA Bond NBFC Jun 2027 Index Fund,8.225% Kotak Mahindra Prime Limited (21/04/2027) **,Equity,INE916DA7SO7,5500.0,5571.4835,0.0296,2025-12-31
Axis Mutual Fund,AXISCDL,Axis CRISIL IBX AAA Bond NBFC Jun 2027 Index Fund,7.35% Sundaram Finance Limited (23/04/2027) **,Equity,INE660A07RW8,5500.0,5513.6455,0.0293,2025-12-31
Axis Mutual Fund,AXISCDL,Axis CRISIL IBX AAA Bond NBFC Jun 2027 Index Fund,8.2366% Kotak Mahindra Investments Limited (27/05/2027) **,Equity,INE975F07IQ0,5000.0,5066.19,0.027,2025-12-31
Axis Mutual Fund,AXISCDL,Axis CRISIL IBX AAA Bond NBFC Jun 2027 Index Fund,8.1167% Bajaj Finance Limited (10/05/2027) **,Equity,INE296A07SX7,5000.0,5059.015,0.0269,2025-12-31
Axis Mutual Fund,AXISCDL,Axis CRISIL IBX AAA Bond NBFC Jun 2027 Index Fund,8% Mahindra & Mahindra Financial Services Limited (27/04/2027) **,Equity,INE774D07VJ0,5000.0,5046.54,0.0269,2025-12-31
Axis Mutual Fund,AXISCDL,Axis CRISIL IBX AAA Bond NBFC Jun 2027 Index Fund,8.1929% Kotak Mahindra Investments Limited (28/01/2027) **,Equity,INE975F07IP2,4500.0,4543.533,0.0242,2025-12-31
Axis Mutual Fund,AXISCDL,Axis CRISIL IBX AAA Bond NBFC Jun 2027 Index Fund,7.86% LIC Housing Finance Limited (17/05/2027),Equity,INE115A07LU0,250.0,2527.615,0.0134,2025-12-31
Axis Mutual Fund,AXISCDL,Axis CRISIL IBX AAA Bond NBFC Jun 2027 Index Fund,7.70% Bajaj Finance Limited (07/06/2027) **,Equity,INE296A07RZ4,250.0,2517.455,0.0134,2025-12-31
Axis Mutual Fund,AXISCDL,Axis CRISIL IBX AAA Bond NBFC Jun 2027 Index Fund,8.3774% Kotak Mahindra Investments Limited (21/06/2027) **,Equity,INE975F07IR8,1500.0,1521.5865,0.0081,2025-12-31
Axis Mutual Fund,AXISCDL,Axis CRISIL IBX AAA Bond NBFC Jun 2027 Index Fund,8.1% Bajaj Finance Limited (08/01/2027) **,Equity,INE296A07SR9,300.0,302.8371,0.0016,2025-12-31
Axis Mutual Fund,AXISCETF,Axis NIFTY India Consumption ETF,Bharti Airtel Limited,Equity,INE397D01024,6882.0,144.9074,0.0995,2025-12-31
Axis Mutual Fund,AXISCETF,Axis NIFTY India Consumption ETF,ITC Limited,Equity,INE154A01025,35851.0,144.4795,0.0992,2025-12-31
Axis Mutual Fund,AXISCETF,Axis NIFTY India Consumption ETF,Mahindra & Mahindra Limited,Equity,INE101A01026,3719.0,137.9451,0.0947,2025-12-31
Axis Mutual Fund,AXISCETF,Axis NIFTY India Consumption ETF,Maruti Suzuki India Limited,Equity,INE585B01010,547.0,91.3326,0.0627,2025-12-31
Axis Mutual Fund,AXISCETF,Axis NIFTY India Consumption ETF,Hindustan Unilever Limited,Equity,INE030A01027,3697.0,85.6188,0.0588,2025-12-31
Axis Mutual Fund,AXISCETF,Axis NIFTY India Consumption ETF,Eternal Limited,Equity,INE758T01015,29923.0,83.2009,0.0571,2025-12-31
Axis Mutual Fund,AXISCETF,Axis NIFTY India Consumption ETF,Titan Company Limited,Equity,INE280A01028,1719.0,69.6453,0.0478,2025-12-31
Axis Mutual Fund,AXISCETF,Axis NIFTY India Consumption ETF,Asian Paints Limited,Equity,INE021A01026,1884.0,52.1774,0.0358,2025-12-31
Axis Mutual Fund,AXISCETF,Axis NIFTY India Consumption ETF,InterGlobe Aviation Limited,Equity,INE646L01027,942.0,47.6605,0.0327,2025-12-31
Axis Mutual Fund,AXISCETF,Axis NIFTY India Consumption ETF,Bajaj Auto Limited,Equity,INE917I01010,462.0,43.1647,0.0296,2025-12-31
Axis Mutual Fund,AXISCETF,Axis NIFTY India Consumption ETF,Eicher Motors Limited,Equity,INE066A01021,573.0,41.9006,0.0288,2025-12-31
Axis Mutual Fund,AXISCETF,Axis NIFTY India Consumption ETF,Trent Limited,Equity,INE849A01020,924.0,39.538,0.0272,2025-12-31
Axis Mutual Fund,AXISCETF,Axis NIFTY India Consumption ETF,Nestle India Limited,Equity,INE239A01024,2987.0,38.4726,0.0264,2025-12-31
Axis Mutual Fund,AXISCETF,Axis NIFTY India Consumption ETF,TVS Motor Company Limited,Equity,INE494B01023,978.0,36.3796,0.025,2025-12-31
Axis Mutual Fund,AXISCETF,Axis NIFTY India Consumption ETF,Max Healthcare Institute Limited,Equity,INE027H01010,3098.0,32.3772,0.0222,2025-12-31
Axis Mutual Fund,AXISCETF,Axis NIFTY India Consumption ETF,Tata Consumer Products Limited,Equity,INE192A01025,2712.0,32.327,0.0222,2025-12-31
Axis Mutual Fund,AXISCETF,Axis NIFTY India Consumption ETF,Hero MotoCorp Limited,Equity,INE158A01026,541.0,31.2211,0.0214,2025-12-31
Axis Mutual Fund,AXISCETF,Axis NIFTY India Consumption ETF,Apollo Hospitals Enterprise Limited,Equity,INE437A01024,429.0,30.2123,0.0207,2025-12-31
Axis Mutual Fund,AXISCETF,Axis NIFTY India Consumption ETF,Britannia Industries Limited,Equity,INE216A01030,491.0,29.6122,0.0203,2025-12-31
Axis Mutual Fund,AXISCETF,Axis NIFTY India Consumption ETF,Varun Beverages Limited,Equity,INE200M01039,5702.0,27.9312,0.0192,2025-12-31
Axis Mutual Fund,AXISCETF,Axis NIFTY India Consumption ETF,The Indian Hotels Company Limited,Equity,INE053A01029,3659.0,27.0345,0.0186,2025-12-31
Axis Mutual Fund,AXISCETF,Axis NIFTY India Consumption ETF,Tata Power Company Limited,Equity,INE245A01021,6995.0,26.553,0.0182,2025-12-31
Axis Mutual Fund,AXISCETF,Axis NIFTY India Consumption ETF,Adani Power Limited,Equity,INE814H01029,16434.0,23.499,0.0161,2025-12-31
Axis Mutual Fund,AXISCETF,Axis NIFTY India Consumption ETF,Avenue Supermarts Limited,Equity,INE192R01011,609.0,23.0336,0.0158,2025-12-31
Axis Mutual Fund,AXISCETF,Axis NIFTY India Consumption ETF,Info Edge (India) Limited,Equity,INE663F01032,1607.0,21.431,0.0147,2025-12-31
Axis Mutual Fund,AXISCETF,Axis NIFTY India Consumption ETF,Dixon Technologies (India) Limited,Equity,INE935N01020,171.0,20.6944,0.0142,2025-12-31
Axis Mutual Fund,AXISCETF,Axis NIFTY India Consumption ETF,Godrej Consumer Products Limited,Equity,INE102D01028,1663.0,20.3252,0.014,2025-12-31
Axis Mutual Fund,AXISCETF,Axis NIFTY India Consumption ETF,DLF Limited,Equity,INE271C01023,2654.0,18.2436,0.0125,2025-12-31
Axis Mutual Fund,AXISCETF,Axis NIFTY India Consumption ETF,United Spirits Limited,Equity,INE854D01024,1221.0,17.6276,0.0121,2025-12-31
Axis Mutual Fund,AXISCETF,Axis NIFTY India Consumption ETF,Havells India Limited,Equity,INE176B01034,1043.0,14.8617,0.0102,2025-12-31
Axis Mutual Fund,AXISCETF,Axis NIFTY India Consumption ETF,Kwality Walls (India) Limited,Equity,INE2KCE01013,3512.0,1.4118,0.001,2025-12-31
Axis Mutual Fund,AXISCETF,Axis NIFTY India Consumption ETF,6% TVS Motor Co Non Conv Rede Pref Shares 01SEP26 **,Equity,INE494B04019,4024.0,0.4099,0.0003,2025-12-31
Axis Mutual Fund,AXISCFS,Axis CRISIL-IBX AAA Bond Financial Services - Sep 2027 Index Fund,7.65% HDB Financial Services Limited (10/09/2027),Equity,INE756I07EJ2,30.0,302.1018,0.1341,2025-12-31
Axis Mutual Fund,AXISCFS,Axis CRISIL-IBX AAA Bond Financial Services - Sep 2027 Index Fund,7.9265% LIC Housing Finance Limited (14/07/2027) **,Equity,INE115A07QS3,250.0,253.1798,0.1124,2025-12-31
Axis Mutual Fund,AXISCFS,Axis CRISIL-IBX AAA Bond Financial Services - Sep 2027 Index Fund,8.1% Bajaj Housing Finance Limited (08/07/2027) **,Equity,INE377Y07482,200.0,202.9324,0.0901,2025-12-31
Axis Mutual Fund,AXISCFS,Axis CRISIL-IBX AAA Bond Financial Services - Sep 2027 Index Fund,7.8% Tata Capital Housing Finance Limited (05/08/2027) **,Equity,INE033L07HU0,20.0,202.0438,0.0897,2025-12-31
Axis Mutual Fund,AXISCFS,Axis CRISIL-IBX AAA Bond Financial Services - Sep 2027 Index Fund,7.90% Mahindra & Mahindra Financial Services Limited (30/08/2027) **,Equity,INE774D07UM6,20.0,202.0126,0.0897,2025-12-31
Axis Mutual Fund,AXISCFS,Axis CRISIL-IBX AAA Bond Financial Services - Sep 2027 Index Fund,7.70% National Bank For Agriculture and Rural Development (30/09/2027) **,Equity,INE261F08EI9,150.0,152.021,0.0675,2025-12-31
Axis Mutual Fund,AXISCFS,Axis CRISIL-IBX AAA Bond Financial Services - Sep 2027 Index Fund,7.59% National Housing Bank (08/09/2027) **,Equity,INE557F08FZ1,150.0,151.8878,0.0674,2025-12-31
Axis Mutual Fund,AXISCFS,Axis CRISIL-IBX AAA Bond Financial Services - Sep 2027 Index Fund,7.56% REC Limited (31/08/2027) **,Equity,INE020B08FF1,150.0,151.6661,0.0673,2025-12-31
Axis Mutual Fund,AXISCFS,Axis CRISIL-IBX AAA Bond Financial Services - Sep 2027 Index Fund,8.12% Bajaj Finance Limited (10/09/2027) **,Equity,INE296A07TC9,100.0,101.4665,0.0451,2025-12-31
Axis Mutual Fund,AXISCFS,Axis CRISIL-IBX AAA Bond Financial Services - Sep 2027 Index Fund,8.12% Kotak Mahindra Prime Limited (21/06/2027) **,Equity,INE916DA7SU4,100.0,101.3141,0.045,2025-12-31
Axis Mutual Fund,AXISCFS,Axis CRISIL-IBX AAA Bond Financial Services - Sep 2027 Index Fund,7.68% Small Industries Dev Bank of India (10/08/2027) **,Equity,INE556F08KP4,100.0,101.2625,0.045,2025-12-31
Axis Mutual Fund,AXISCFS,Axis CRISIL-IBX AAA Bond Financial Services - Sep 2027 Index Fund,8.33% Aditya Birla Capital Limited (19/05/2027) **,Equity,INE860H07IY4,100.0,101.2589,0.045,2025-12-31
Axis Mutual Fund,AXISCFS,Axis CRISIL-IBX AAA Bond Financial Services - Sep 2027 Index Fund,7.15% Power Finance Corporation Limited (08/09/2027) **,Equity,INE134E08LT3,10.0,100.5207,0.0446,2025-12-31
Axis Mutual Fund,AXISCGF,Axis Children’s Fund,Reliance Industries Limited,Other,INE002A01018,326730.0,5130.9679,0.0556,2025-12-31
Axis Mutual Fund,AXISCGF,Axis Children’s Fund,HDFC Bank Limited,Other,INE040A01034,509240.0,5047.5869,0.0547,2025-12-31
Axis Mutual Fund,AXISCGF,Axis Children’s Fund,ICICI Bank Limited,Other,INE090A01021,313051.0,4203.9619,0.0456,2025-12-31
Axis Mutual Fund,AXISCGF,Axis Children’s Fund,Infosys Limited,Other,INE009A01021,222279.0,3590.695,0.0389,2025-12-31
Axis Mutual Fund,AXISCGF,Axis Children’s Fund,State Bank of India,Other,INE062A01020,265738.0,2610.0786,0.0283,2025-12-31
Axis Mutual Fund,AXISCGF,Axis Children’s Fund,Larsen & Toubro Limited,Other,INE018A01030,59903.0,2446.139,0.0265,2025-12-31
Axis Mutual Fund,AXISCGF,Axis Children’s Fund,Mahindra & Mahindra Limited,Other,INE101A01026,60809.0,2255.5274,0.0245,2025-12-31
Axis Mutual Fund,AXISCGF,Axis Children’s Fund,Bharti Airtel Limited,Other,INE397D01024,105483.0,2221.05,0.0241,2025-12-31
Axis Mutual Fund,AXISCGF,Axis Children’s Fund,Bajaj Finance Limited,Other,INE296A01032,185787.0,1833.3461,0.0199,2025-12-31
Axis Mutual Fund,AXISCGF,Axis Children’s Fund,Divi's Laboratories Limited,Other,INE361B01024,19149.0,1224.0998,0.0133,2025-12-31
Axis Mutual Fund,AXISCGF,Axis Children’s Fund,NTPC Limited,Other,INE733E01010,349377.0,1151.3719,0.0125,2025-12-31
Axis Mutual Fund,AXISCGF,Axis Children’s Fund,Kotak Mahindra Bank Limited,Other,INE237A01028,50395.0,1109.2443,0.012,2025-12-31
Axis Mutual Fund,AXISCGF,Axis Children’s Fund,Fortis Healthcare Limited,Other,INE061F01013,120632.0,1066.3869,0.0116,2025-12-31
Axis Mutual Fund,AXISCGF,Axis Children’s Fund,Apollo Hospitals Enterprise Limited,Other,INE437A01024,13615.0,958.8364,0.0104,2025-12-31
Axis Mutual Fund,AXISCGF,Axis Children’s Fund,Tata Consultancy Services Limited,Other,INE467B01029,29227.0,937.0761,0.0102,2025-12-31
Axis Mutual Fund,AXISCGF,Axis Children’s Fund,PNB Housing Finance Limited,Other,INE572E01012,94219.0,896.4938,0.0097,2025-12-31
Axis Mutual Fund,AXISCGF,Axis Children’s Fund,Doms Industries Limited,Other,INE321T01012,34262.0,896.0883,0.0097,2025-12-31
Axis Mutual Fund,AXISCGF,Axis Children’s Fund,Cholamandalam Investment and Finance Company Ltd (CCD),Other,INE121A08PJ0,750.0,892.4884,0.0097,2025-12-31
Axis Mutual Fund,AXISCGF,Axis Children’s Fund,HDFC Life Insurance Company Limited,Other,INE795G01014,117791.0,883.2558,0.0096,2025-12-31
Axis Mutual Fund,AXISCGF,Axis Children’s Fund,Shriram Finance Limited,Other,INE721A01047,82967.0,826.5173,0.009,2025-12-31
Axis Mutual Fund,AXISCGF,Axis Children’s Fund,Sun Pharmaceutical Industries Limited,Other,INE044A01036,47560.0,817.8893,0.0089,2025-12-31
Axis Mutual Fund,AXISCGF,Axis Children’s Fund,Titan Company Limited,Other,INE280A01028,19323.0,782.8713,0.0085,2025-12-31
Axis Mutual Fund,AXISCGF,Axis Children’s Fund,Cipla Limited,Other,INE059A01026,51570.0,779.3774,0.0084,2025-12-31
Axis Mutual Fund,AXISCGF,Axis Children’s Fund,Samvardhana Motherson International Limited,Other,INE775A01035,580709.0,696.5024,0.0076,2025-12-31
Axis Mutual Fund,AXISCGF,Axis Children’s Fund,PI Industries Limited,Other,INE603J01030,21234.0,687.5994,0.0075,2025-12-31
Axis Mutual Fund,AXISCGF,Axis Children’s Fund,Bank of India,Other,INE084A01016,469071.0,674.7586,0.0073,2025-12-31
Axis Mutual Fund,AXISCGF,Axis Children’s Fund,GE Vernova T&D India Limited,Other,INE200A01026,21513.0,673.8947,0.0073,2025-12-31
Axis Mutual Fund,AXISCGF,Axis Children’s Fund,Eternal Limited,Other,INE758T01015,240963.0,669.9976,0.0073,2025-12-31
Axis Mutual Fund,AXISCGF,Axis Children’s Fund,Bharat Electronics Limited,Other,INE263A01024,165821.0,662.6207,0.0072,2025-12-31
Axis Mutual Fund,AXISCGF,Axis Children’s Fund,The Phoenix Mills Limited,Other,INE211B01039,35439.0,656.8619,0.0071,2025-12-31
Axis Mutual Fund,AXISCGF,Axis Children’s Fund,SBI Life Insurance Company Limited,Other,INE123W01016,31750.0,646.0808,0.007,2025-12-31
Axis Mutual Fund,AXISCGF,Axis Children’s Fund,Varun Beverages Limited,Other,INE200M01039,131379.0,643.56,0.007,2025-12-31
Axis Mutual Fund,AXISCGF,Axis Children’s Fund,Tech Mahindra Limited,Other,INE669C01036,38682.0,615.3919,0.0067,2025-12-31
Axis Mutual Fund,AXISCGF,Axis Children’s Fund,Britannia Industries Limited,Other,INE216A01030,10062.0,606.8392,0.0066,2025-12-31
Axis Mutual Fund,AXISCGF,Axis Children’s Fund,LTIMindtree Limited,Other,INE214T01019,10000.0,606.35,0.0066,2025-12-31
Axis Mutual Fund,AXISCGF,Axis Children’s Fund,Tata Power Company Limited,Other,INE245A01021,152204.0,577.7664,0.0063,2025-12-31
Axis Mutual Fund,AXISCGF,Axis Children’s Fund,Premier Energies Limited,Other,INE0BS701011,68080.0,573.3357,0.0062,2025-12-31
Axis Mutual Fund,AXISCGF,Axis Children’s Fund,JB Chemicals & Pharmaceuticals Limited,Other,INE572A01036,30470.0,554.4626,0.006,2025-12-31
Axis Mutual Fund,AXISCGF,Axis Children’s Fund,Bharat Petroleum Corporation Limited,Other,INE029A01011,144134.0,553.4746,0.006,2025-12-31
Axis Mutual Fund,AXISCGF,Axis Children’s Fund,Awfis Space Solutions Limited,Other,INE108V01019,112059.0,552.2268,0.006,2025-12-31
Axis Mutual Fund,AXISCGF,Axis Children’s Fund,Tata Motors Ltd,Other,INE1TAE01010,131638.0,546.9559,0.0059,2025-12-31
Axis Mutual Fund,AXISCGF,Axis Children’s Fund,Sansera Engineering Limited,Other,INE953O01021,31881.0,534.6444,0.0058,2025-12-31
Axis Mutual Fund,AXISCGF,Axis Children’s Fund,Jyoti CNC Automation Ltd,Other,INE980O01024,53735.0,531.6004,0.0058,2025-12-31
Axis Mutual Fund,AXISCGF,Axis Children’s Fund,Vijaya Diagnostic Centre Limited,Other,INE043W01024,50036.0,530.882,0.0058,2025-12-31
Axis Mutual Fund,AXISCGF,Axis Children’s Fund,Union Bank of India,Other,INE692A01016,344462.0,529.6448,0.0057,2025-12-31
Axis Mutual Fund,AXISCGF,Axis Children’s Fund,Hindustan Aeronautics Limited,Other,INE066F01020,11734.0,514.9701,0.0056,2025-12-31
Axis Mutual Fund,AXISCGF,Axis Children’s Fund,CG Power and Industrial Solutions Limited,Other,INE067A01029,79267.0,513.5709,0.0056,2025-12-31
Axis Mutual Fund,AXISCGF,Axis Children’s Fund,Indus Infra Trust,Other,INE0NHL23019,429033.0,500.9389,0.0054,2025-12-31
Axis Mutual Fund,AXISCGF,Axis Children’s Fund,Arvind Fashions Limited,Other,INE955V01021,95768.0,478.026,0.0052,2025-12-31
Axis Mutual Fund,AXISCGF,Axis Children’s Fund,Dixon Technologies (India) Limited,Other,INE935N01020,3900.0,471.978,0.0051,2025-12-31
Axis Mutual Fund,AXISCGF,Axis Children’s Fund,Tata Steel Limited,Other,INE081A01020,261628.0,471.1397,0.0051,2025-12-31
Axis Mutual Fund,AXISCGF,Axis Children’s Fund,FSN E-Commerce Ventures Limited,Other,INE388Y01029,172992.0,458.6883,0.005,2025-12-31
Axis Mutual Fund,AXISCGF,Axis Children’s Fund,Hindalco Industries Limited,Other,INE038A01020,48905.0,433.6406,0.0047,2025-12-31
Axis Mutual Fund,AXISCGF,Axis Children’s Fund,Brigade Enterprises Limited,Other,INE791I01019,47825.0,423.2513,0.0046,2025-12-31
Axis Mutual Fund,AXISCGF,Axis Children’s Fund,Cholamandalam Investment and Finance Company Ltd,Other,INE121A01024,24195.0,411.8473,0.0045,2025-12-31
Axis Mutual Fund,AXISCGF,Axis Children’s Fund,InterGlobe Aviation Limited,Other,INE646L01027,8103.0,409.9713,0.0044,2025-12-31
Axis Mutual Fund,AXISCGF,Axis Children’s Fund,Avenue Supermarts Limited,Other,INE192R01011,10784.0,407.8724,0.0044,2025-12-31
Axis Mutual Fund,AXISCGF,Axis Children’s Fund,Neogen Chemicals Limited,Other,INE136S01016,33938.0,401.8938,0.0044,2025-12-31
Axis Mutual Fund,AXISCGF,Axis Children’s Fund,Krishna Institute Of Medical Sciences Limited,Other,INE967H01025,63911.0,388.9623,0.0042,2025-12-31
Axis Mutual Fund,AXISCGF,Axis Children’s Fund,PG Electroplast Limited,Other,INE457L01029,65554.0,377.1322,0.0041,2025-12-31
Axis Mutual Fund,AXISCGF,Axis Children’s Fund,Pidilite Industries Limited,Other,INE318A01026,25372.0,376.1145,0.0041,2025-12-31
Axis Mutual Fund,AXISCGF,Axis Children’s Fund,Aadhar Housing Finance Limited,Other,INE883F01010,76140.0,369.3171,0.004,2025-12-31
Axis Mutual Fund,AXISCGF,Axis Children’s Fund,Kaynes Technology India Limited,Other,INE918Z01012,8264.0,331.6343,0.0036,2025-12-31
Axis Mutual Fund,AXISCGF,Axis Children’s Fund,REC Limited,Other,INE020B01018,89940.0,320.9059,0.0035,2025-12-31
Axis Mutual Fund,AXISCGF,Axis Children’s Fund,Hindustan Unilever Limited,Other,INE030A01027,13595.0,314.8466,0.0034,2025-12-31
Axis Mutual Fund,AXISCGF,Axis Children’s Fund,Anant Raj Limited,Other,INE242C01024,51067.0,279.4897,0.003,2025-12-31
Axis Mutual Fund,AXISCGF,Axis Children’s Fund,Mphasis Limited,Other,INE356A01018,9584.0,267.5086,0.0029,2025-12-31
Axis Mutual Fund,AXISCGF,Axis Children’s Fund,Hyundai Motor India Ltd,Other,INE0V6F01027,11354.0,260.9149,0.0028,2025-12-31
Axis Mutual Fund,AXISCGF,Axis Children’s Fund,ITC Limited,Other,INE154A01025,63235.0,254.8371,0.0028,2025-12-31
Axis Mutual Fund,AXISCGF,Axis Children’s Fund,Sona BLW Precision Forgings Limited,Other,INE073K01018,51536.0,247.0636,0.0027,2025-12-31
Axis Mutual Fund,AXISCGF,Axis Children’s Fund,Schaeffler India Limited,Other,INE513A01022,5629.0,218.3489,0.0024,2025-12-31
Axis Mutual Fund,AXISCGF,Axis Children’s Fund,Voltamp Transformers Limited,Other,INE540H01012,2552.0,200.383,0.0022,2025-12-31
Axis Mutual Fund,AXISCGF,Axis Children’s Fund,Bank of Baroda,Other,INE028A01039,53411.0,158.0431,0.0017,2025-12-31
Axis Mutual Fund,AXISCGF,Axis Children’s Fund,Zydus Lifesciences Limited,Other,INE010B01027,15824.0,144.6867,0.0016,2025-12-31
Axis Mutual Fund,AXISCGF,Axis Children’s Fund,DLF Limited,Other,INE271C01023,14089.0,96.8478,0.001,2025-12-31
Axis Mutual Fund,AXISCGF,Axis Children’s Fund,Vedant Fashions Limited,Other,INE825V01034,15138.0,88.1183,0.001,2025-12-31
Axis Mutual Fund,AXISCGF,Axis Children’s Fund,UltraTech Cement Limited,Other,INE481G01011,725.0,85.434,0.0009,2025-12-31
Axis Mutual Fund,AXISCGF,Axis Children’s Fund,Oil & Natural Gas Corporation Limited,Other,INE213A01029,33927.0,81.5537,0.0009,2025-12-31
Axis Mutual Fund,AXISCGF,Axis Children’s Fund,Clean Science and Technology Limited,Other,INE227W01023,7871.0,68.9539,0.0007,2025-12-31
Axis Mutual Fund,AXISCGF,Axis Children’s Fund,Nestle India Limited,Other,INE239A01024,5192.0,66.873,0.0007,2025-12-31
Axis Mutual Fund,AXISCGF,Axis Children’s Fund,Titagarh Rail Systems Limited,Other,INE615H01020,5958.0,53.1424,0.0006,2025-12-31
Axis Mutual Fund,AXISCGF,Axis Children’s Fund,Coal India Limited,Other,INE522F01014,10437.0,41.6436,0.0005,2025-12-31
Axis Mutual Fund,AXISCGF,Axis Children’s Fund,Power Grid Corporation of India Limited,Other,INE752E01010,7300.0,19.3158,0.0002,2025-12-31
Axis Mutual Fund,AXISCGF,Axis Children’s Fund,Kwality Walls (India) Limited,Other,INE2KCE01013,13595.0,5.4652,0.0001,2025-12-31
Axis Mutual Fund,AXISCGF,Axis Children’s Fund,7.1% Government of India (08/04/2034),Other,IN0020240019,7500000.0,7714.62,0.0836,2025-12-31
Axis Mutual Fund,AXISCGF,Axis Children’s Fund,7.18% Government of India (14/08/2033),Other,IN0020230085,3500000.0,3611.1425,0.0391,2025-12-31
Axis Mutual Fund,AXISCGF,Axis Children’s Fund,8.55% Shriram Finance Limited (28/04/2028) **,Other,INE721A07SP0,2000.0,2045.578,0.0222,2025-12-31
Axis Mutual Fund,AXISCGF,Axis Children’s Fund,8.4% Muthoot Finance Limited (28/08/2028) **,Other,INE414G07II5,2000.0,2027.804,0.022,2025-12-31
Axis Mutual Fund,AXISCGF,Axis Children’s Fund,7.64% Power Finance Corporation Limited (22/02/2033) **,Other,INE134E08MA1,1000.0,1023.594,0.0111,2025-12-31
Axis Mutual Fund,AXISCGF,Axis Children’s Fund,5% GMR Airports Limited (13/02/2027) **,Other,INE776C08083,1000.0,1018.479,0.011,2025-12-31
Axis Mutual Fund,AXISCGF,Axis Children’s Fund,7.19% JIO Credit Limited (15/03/2028) **,Other,INE282H07018,1000.0,998.831,0.0108,2025-12-31
Axis Mutual Fund,AXISCGF,Axis Children’s Fund,6.8% State Bank of India (21/08/2035) **,Other,INE062A08231,100.0,994.169,0.0108,2025-12-31
Axis Mutual Fund,AXISCGF,Axis Children’s Fund,7.26% Government of India (06/02/2033),Other,IN0020220151,500000.0,517.6615,0.0056,2025-12-31
Axis Mutual Fund,AXISCGF,Axis Children’s Fund,7.69% REC Limited (31/03/2033) **,Other,INE020B08EG2,500.0,512.378,0.0056,2025-12-31
Axis Mutual Fund,AXISCGF,Axis Children’s Fund,7.75% HDFC Bank Limited (13/06/2033) **,Other,INE040A08AF2,500.0,510.8245,0.0055,2025-12-31
Axis Mutual Fund,AXISCGF,Axis Children’s Fund,8.65% TVS Holdings Limited (07/06/2029) **,Other,INE105A08022,500.0,504.0575,0.0055,2025-12-31
Axis Mutual Fund,AXISCGF,Axis Children’s Fund,8.8% Aditya Birla Digital Fashion Ventures Limited (26/08/2027) **,Other,INE0M8D08016,500.0,501.3005,0.0054,2025-12-31
Axis Mutual Fund,AXISCGF,Axis Children’s Fund,6.1% Government of India (12/07/2031),Other,IN0020210095,500000.0,492.028,0.0053,2025-12-31
Axis Mutual Fund,AXISCGF,Axis Children’s Fund,6.19% Government of India (16/09/2034),Other,IN0020200096,500000.0,484.237,0.0052,2025-12-31
Axis Mutual Fund,AXISCGF,Axis Children’s Fund,7.57% Government of India (17/06/2033),Other,IN0020190065,300000.0,315.8814,0.0034,2025-12-31
Axis Mutual Fund,AXISCGF,Axis Children’s Fund,7.59% Government of India (11/01/2026),Other,IN0020150093,50000.0,50.0304,0.0005,2025-12-31
Axis Mutual Fund,AXISCIB,Axis CRISIL IBX50:50 Gilt Plus SDL June 2028 Index Fund,7.06% Government of India (10/04/2028),Equity,IN0020230010,2250000.0,2311.2495,0.3425,2025-12-31
Axis Mutual Fund,AXISCIB,Axis CRISIL IBX50:50 Gilt Plus SDL June 2028 Index Fund,8.05% Tamilnadu State Development Loans (18/04/2028),Equity,IN3120180010,1510000.0,1566.6205,0.2321,2025-12-31
Axis Mutual Fund,AXISCIB,Axis CRISIL IBX50:50 Gilt Plus SDL June 2028 Index Fund,8.15% Tamil Nadu State Development Loans (09/05/2028),Equity,IN3120180036,860000.0,894.885,0.1326,2025-12-31
Axis Mutual Fund,AXISCIB,Axis CRISIL IBX50:50 Gilt Plus SDL June 2028 Index Fund,8.44% Rajasthan State Development Loans (07/03/2028),Equity,IN2920170189,500000.0,521.404,0.0773,2025-12-31
Axis Mutual Fund,AXISCIB,Axis CRISIL IBX50:50 Gilt Plus SDL June 2028 Index Fund,8.16% Rajasthan State Development Loans (09/05/2028),Equity,IN2920180030,500000.0,519.8915,0.077,2025-12-31
Axis Mutual Fund,AXISCIB,Axis CRISIL IBX50:50 Gilt Plus SDL June 2028 Index Fund,8% Kerala State Development Loans (11/04/2028),Equity,IN2020180013,500000.0,517.103,0.0766,2025-12-31
Axis Mutual Fund,AXISCIB,Axis CRISIL IBX50:50 Gilt Plus SDL June 2028 Index Fund,6.73% Kerala State Development Loans (10/06/2028),Equity,IN2020200134,200000.0,201.702,0.0299,2025-12-31
Axis Mutual Fund,AXISCIG,Axis CRISIL IBX50:50 Gilt Plus SDL Sep 2027 Index Fund,7.38% Government of India (20/06/2027),Equity,IN0020220037,1700000.0,1740.3869,0.4938,2025-12-31
Axis Mutual Fund,AXISCIG,Axis CRISIL IBX50:50 Gilt Plus SDL Sep 2027 Index Fund,7.33% Maharashtra State Development Loans (13/09/2027),Equity,IN2220170103,1000000.0,1018.99,0.2891,2025-12-31
Axis Mutual Fund,AXISCIG,Axis CRISIL IBX50:50 Gilt Plus SDL Sep 2027 Index Fund,7.23% Tamilnadu State Development Loans (14/06/2027),Equity,IN3120170045,250000.0,253.9908,0.0721,2025-12-31
Axis Mutual Fund,AXISCIG,Axis CRISIL IBX50:50 Gilt Plus SDL Sep 2027 Index Fund,7.24% Tamil Nadu State Development Loans (28/06/2027),Equity,IN3120170052,100000.0,101.655,0.0288,2025-12-31
Axis Mutual Fund,AXISCIG,Axis CRISIL IBX50:50 Gilt Plus SDL Sep 2027 Index Fund,7.27% Tamilnadu State Development Loans (12/07/2027),Equity,IN3120170060,100000.0,101.6312,0.0288,2025-12-31
Axis Mutual Fund,AXISCIG,Axis CRISIL IBX50:50 Gilt Plus SDL Sep 2027 Index Fund,6.38% Maharashtra State Development Loans (25/08/2027),Equity,IN2220210230,86300.0,86.6317,0.0246,2025-12-31
Axis Mutual Fund,AXISCIG,Axis CRISIL IBX50:50 Gilt Plus SDL Sep 2027 Index Fund,7.2% Maharashtra State Development Loans (09/08/2027),Equity,IN2220170061,50000.0,50.798,0.0144,2025-12-31
Axis Mutual Fund,AXISCIG,Axis CRISIL IBX50:50 Gilt Plus SDL Sep 2027 Index Fund,7.18% Tamilnadu State Development Loans (26/07/2027),Equity,IN3120170078,50000.0,50.7674,0.0144,2025-12-31
Axis Mutual Fund,AXISCOF,Axis Corporate Bond Fund,7.18% Government of India (14/08/2033),Debt,IN0020230085,58000000.0,59841.79,0.0634,2025-12-31
Axis Mutual Fund,AXISCOF,Axis Corporate Bond Fund,6.79% Government of India (07/10/2034),Debt,IN0020240126,33000000.0,33295.779,0.0353,2025-12-31
Axis Mutual Fund,AXISCOF,Axis Corporate Bond Fund,7.53% National Bank For Agriculture and Rural Development (24/03/2028),Debt,INE261F08EM1,24500.0,24825.9235,0.0263,2025-12-31
Axis Mutual Fund,AXISCOF,Axis Corporate Bond Fund,7.42% Small Industries Dev Bank of India (12/03/2029) **,Debt,INE556F08KW0,20000.0,20233.64,0.0214,2025-12-31
Axis Mutual Fund,AXISCOF,Axis Corporate Bond Fund,7.02% Bajaj Housing Finance Limited (26/05/2028) **,Debt,INE377Y07565,20000.0,19964.98,0.0212,2025-12-31
Axis Mutual Fund,AXISCOF,Axis Corporate Bond Fund,7.4% Bharti Telecom Limited (01/02/2029),Debt,INE403D08298,19000.0,18910.225,0.02,2025-12-31
Axis Mutual Fund,AXISCOF,Axis Corporate Bond Fund,7.69% REC Limited (31/03/2033) **,Debt,INE020B08EG2,17500.0,17933.23,0.019,2025-12-31
Axis Mutual Fund,AXISCOF,Axis Corporate Bond Fund,7.34% Small Industries Dev Bank of India (26/02/2029) **,Debt,INE556F08KS8,17500.0,17670.6775,0.0187,2025-12-31
Axis Mutual Fund,AXISCOF,Axis Corporate Bond Fund,6.52% REC Limited (31/01/2028),Debt,INE020B08FW6,17500.0,17416.63,0.0185,2025-12-31
Axis Mutual Fund,AXISCOF,Axis Corporate Bond Fund,6.68% Government of India (07/07/2040),Debt,IN0020250042,17500000.0,16993.27,0.018,2025-12-31
Axis Mutual Fund,AXISCOF,Axis Corporate Bond Fund,8.23% Indian Railway Finance Corporation Limited (29/03/2029) **,Debt,INE053F07BE7,1550.0,16077.4835,0.017,2025-12-31
Axis Mutual Fund,AXISCOF,Axis Corporate Bond Fund,7.3763% Bajaj Finance Limited (26/06/2028) **,Debt,INE296A07TJ4,14500.0,14520.909,0.0154,2025-12-31
Axis Mutual Fund,AXISCOF,Axis Corporate Bond Fund,7.45% ICICI Securities Limited (24/11/2028) **,Debt,INE763G08967,13298.0,13247.2415,0.014,2025-12-31
Axis Mutual Fund,AXISCOF,Axis Corporate Bond Fund,7.62% National Bank For Agriculture and Rural Development (31/01/2028),Debt,INE261F08DV4,12500.0,12684.75,0.0134,2025-12-31
Axis Mutual Fund,AXISCOF,Axis Corporate Bond Fund,7.44% National Bank For Agriculture and Rural Development (24/02/2028),Debt,INE261F08EK5,12500.0,12646.25,0.0134,2025-12-31
Axis Mutual Fund,AXISCOF,Axis Corporate Bond Fund,7.87% IndiGrid Infrastructure Trust (24/02/2027) **,Debt,INE219X07454,12500.0,12620.9,0.0134,2025-12-31
Axis Mutual Fund,AXISCOF,Axis Corporate Bond Fund,6.60% REC Limited (30/06/2027) **,Debt,INE020B08FZ9,12500.0,12461.05,0.0132,2025-12-31
Axis Mutual Fund,AXISCOF,Axis Corporate Bond Fund,7.6% Kotak Mahindra Prime Limited (19/05/2028) **,Debt,INE916DA7SZ3,11000.0,11078.056,0.0117,2025-12-31
Axis Mutual Fund,AXISCOF,Axis Corporate Bond Fund,8% Kohima-Mariani Transmission Limited (30/06/2027) **,Debt,INE483Z08012,11300.0,10924.7383,0.0116,2025-12-31
Axis Mutual Fund,AXISCOF,Axis Corporate Bond Fund,7.89% Summit Digitel Infrastructure Limited (30/04/2029) **,Debt,INE507T07138,10000.0,10215.76,0.0108,2025-12-31
Axis Mutual Fund,AXISCOF,Axis Corporate Bond Fund,7.77% REC Limited (31/03/2028) **,Debt,INE020B08EH0,10000.0,10194.54,0.0108,2025-12-31
Axis Mutual Fund,AXISCOF,Axis Corporate Bond Fund,7.56% REC Limited (31/08/2027) **,Debt,INE020B08FF1,10000.0,10111.07,0.0107,2025-12-31
Axis Mutual Fund,AXISCOF,Axis Corporate Bond Fund,7.20% Larsen & Toubro Limited (22/01/2035) **,Debt,INE018A08BM2,10000.0,9997.01,0.0106,2025-12-31
Axis Mutual Fund,AXISCOF,Axis Corporate Bond Fund,6.73% Power Finance Corporation Limited (15/10/2027) **,Debt,INE134E08NW3,10000.0,9988.54,0.0106,2025-12-31
Axis Mutual Fund,AXISCOF,Axis Corporate Bond Fund,7.25% RJ Corp Limited (08/12/2028) **,Debt,INE460K08053,10000.0,9968.38,0.0106,2025-12-31
Axis Mutual Fund,AXISCOF,Axis Corporate Bond Fund,7.65% HDB Financial Services Limited (10/09/2027),Debt,INE756I07EJ2,970.0,9767.9582,0.0104,2025-12-31
Axis Mutual Fund,AXISCOF,Axis Corporate Bond Fund,7.48% National Bank For Agriculture and Rural Development (15/09/2028),Debt,INE261F08EO7,9500.0,9624.184,0.0102,2025-12-31
Axis Mutual Fund,AXISCOF,Axis Corporate Bond Fund,7.83% Small Industries Dev Bank of India (24/11/2028) **,Debt,INE556F08KL3,8500.0,8699.24,0.0092,2025-12-31
Axis Mutual Fund,AXISCOF,Axis Corporate Bond Fund,7.6% Power Finance Corporation Limited (13/04/2029) **,Debt,INE134E08MX3,8500.0,8652.949,0.0092,2025-12-31
Axis Mutual Fund,AXISCOF,Axis Corporate Bond Fund,8.098% Tata Capital Limited (23/09/2027),Debt,INE976I07CY9,8000.0,8119.008,0.0086,2025-12-31
Axis Mutual Fund,AXISCOF,Axis Corporate Bond Fund,7.64% Power Finance Corporation Limited (22/02/2033) **,Debt,INE134E08MA1,7500.0,7676.955,0.0081,2025-12-31
Axis Mutual Fund,AXISCOF,Axis Corporate Bond Fund,7.86% Tata Capital Housing Finance Limited (21/09/2029) **,Debt,INE033L07IJ1,7500.0,7656.66,0.0081,2025-12-31
Axis Mutual Fund,AXISCOF,Axis Corporate Bond Fund,7.58% REC Limited (31/05/2029) **,Debt,INE020B08FD6,7500.0,7637.985,0.0081,2025-12-31
Axis Mutual Fund,AXISCOF,Axis Corporate Bond Fund,7.62% National Bank For Agriculture and Rural Development (10/05/2029) **,Debt,INE261F08EH1,7500.0,7634.8275,0.0081,2025-12-31
Axis Mutual Fund,AXISCOF,Axis Corporate Bond Fund,7.51% Small Industries Dev Bank of India (12/06/2028) **,Debt,INE556F08KU4,7500.0,7607.325,0.0081,2025-12-31
Axis Mutual Fund,AXISCOF,Axis Corporate Bond Fund,7.29% National Housing Bank (04/07/2031) **,Debt,INE557F08GC8,7500.0,7588.4325,0.008,2025-12-31
Axis Mutual Fund,AXISCOF,Axis Corporate Bond Fund,7.60% Bajaj Finance Limited (11/02/2030) **,Debt,INE296A07RD1,750.0,7567.7025,0.008,2025-12-31
Axis Mutual Fund,AXISCOF,Axis Corporate Bond Fund,7.123% Tata Capital Housing Finance Limited (21/07/2027) **,Debt,INE033L07IO1,7500.0,7502.7525,0.008,2025-12-31
Axis Mutual Fund,AXISCOF,Axis Corporate Bond Fund,7.45% Bharti Telecom Limited (15/12/2028) **,Debt,INE403D08280,7500.0,7487.5875,0.0079,2025-12-31
Axis Mutual Fund,AXISCOF,Axis Corporate Bond Fund,7.55% L&T Metro Rail (Hyderabad) Limited (28/04/2035),Debt,INE128M08094,7500.0,7428.1875,0.0079,2025-12-31
Axis Mutual Fund,AXISCOF,Axis Corporate Bond Fund,7.88% IndiGrid Infrastructure Trust (30/04/2029) **,Debt,INE219X07439,7000.0,7171.85,0.0076,2025-12-31
Axis Mutual Fund,AXISCOF,Axis Corporate Bond Fund,8.55% Indian Railway Finance Corporation Limited (21/02/2029) **,Debt,INE053F07BA5,650.0,6792.2725,0.0072,2025-12-31
Axis Mutual Fund,AXISCOF,Axis Corporate Bond Fund,8.35% Indian Railway Finance Corporation Limited (13/03/2029) **,Debt,INE053F07BC1,650.0,6760.858,0.0072,2025-12-31
Axis Mutual Fund,AXISCOF,Axis Corporate Bond Fund,7.68% Small Industries Dev Bank of India (09/07/2027) **,Debt,INE556F08KO7,6500.0,6579.1895,0.007,2025-12-31
Axis Mutual Fund,AXISCOF,Axis Corporate Bond Fund,7.3% Bharti Telecom Limited (01/12/2027) **,Debt,INE403D08306,6000.0,5979.126,0.0063,2025-12-31
Axis Mutual Fund,AXISCOF,Axis Corporate Bond Fund,7.725% Larsen & Toubro Limited (28/04/2028),Debt,INE018A08BE9,5500.0,5607.536,0.0059,2025-12-31
Axis Mutual Fund,AXISCOF,Axis Corporate Bond Fund,8.3439% HDB Financial Services Limited (05/07/2027) **,Debt,INE756I07EZ8,5500.0,5586.031,0.0059,2025-12-31
Axis Mutual Fund,AXISCOF,Axis Corporate Bond Fund,7.15% Sundaram Home Finance Limited (16/05/2028) **,Debt,INE667F07JB3,5500.0,5494.94,0.0058,2025-12-31
Axis Mutual Fund,AXISCOF,Axis Corporate Bond Fund,8.1% Tata Capital Housing Finance Limited (13/12/2028) **,Debt,INE033L07IB8,5000.0,5119.72,0.0054,2025-12-31
Axis Mutual Fund,AXISCOF,Axis Corporate Bond Fund,7.71% HDFC Bank Limited (20/12/2033) **,Debt,INE040A08AJ4,5000.0,5112.74,0.0054,2025-12-31
Axis Mutual Fund,AXISCOF,Axis Corporate Bond Fund,7.85% IndiGrid Infrastructure Trust (28/02/2028) **,Debt,INE219X07363,5000.0,5086.48,0.0054,2025-12-31
Axis Mutual Fund,AXISCOF,Axis Corporate Bond Fund,7.49% Small Industries Dev Bank of India (11/06/2029) **,Debt,INE556F08KX8,5000.0,5068.82,0.0054,2025-12-31
Axis Mutual Fund,AXISCOF,Axis Corporate Bond Fund,7.42% Power Finance Corporation Limited (15/04/2028) **,Debt,INE134E08NL6,5000.0,5059.545,0.0054,2025-12-31
Axis Mutual Fund,AXISCOF,Axis Corporate Bond Fund,7.66% Bajaj Housing Finance Limited (20/03/2028) **,Debt,INE377Y07532,5000.0,5056.95,0.0054,2025-12-31
Axis Mutual Fund,AXISCOF,Axis Corporate Bond Fund,7.8% Tata Capital Housing Finance Limited (05/08/2027) **,Debt,INE033L07HU0,500.0,5051.095,0.0054,2025-12-31
Axis Mutual Fund,AXISCOF,Axis Corporate Bond Fund,7.43% National Bank For Financing Infrastructure And Development (16/06/2033) **,Debt,INE0KUG08019,5000.0,5048.66,0.0054,2025-12-31
Axis Mutual Fund,AXISCOF,Axis Corporate Bond Fund,7.04% IndiGrid Infrastructure Trust (27/09/2028) **,Debt,INE219X07512,5000.0,5005.07,0.0053,2025-12-31
Axis Mutual Fund,AXISCOF,Axis Corporate Bond Fund,7.50% Bajaj Housing Finance Limited (09/04/2035) **,Debt,INE377Y07540,5000.0,4993.25,0.0053,2025-12-31
Axis Mutual Fund,AXISCOF,Axis Corporate Bond Fund,7.05% Sundaram Finance Limited (11/10/2028) **,Debt,INE660A07SA2,5000.0,4982.035,0.0053,2025-12-31
Axis Mutual Fund,AXISCOF,Axis Corporate Bond Fund,6.61% Power Finance Corporation Limited (15/07/2028) **,Debt,INE134E08NS1,5000.0,4967.54,0.0053,2025-12-31
Axis Mutual Fund,AXISCOF,Axis Corporate Bond Fund,7.75% Tata Capital Housing Finance Limited (18/05/2027) **,Debt,INE033L07HQ8,450.0,4538.0385,0.0048,2025-12-31
Axis Mutual Fund,AXISCOF,Axis Corporate Bond Fund,7.27% Tata Capital Housing Finance Limited (25/04/2028) **,Debt,INE033L07IN3,4500.0,4507.776,0.0048,2025-12-31
Axis Mutual Fund,AXISCOF,Axis Corporate Bond Fund,7.5% West Bengal State Development Loans (03/12/2037),Debt,IN3420250166,4500000.0,4503.9555,0.0048,2025-12-31
Axis Mutual Fund,AXISCOF,Axis Corporate Bond Fund,8.01% Mahindra & Mahindra Financial Services Limited (24/12/2027) **,Debt,INE774D07VG6,4000.0,4055.892,0.0043,2025-12-31
Axis Mutual Fund,AXISCOF,Axis Corporate Bond Fund,7.9611% HDB Financial Services Limited (05/01/2028) **,Debt,INE756I07FB6,4000.0,4049.38,0.0043,2025-12-31
Axis Mutual Fund,AXISCOF,Axis Corporate Bond Fund,7.52% Power Grid Corporation of India Limited (23/03/2033) **,Debt,INE752E08684,5000.0,3822.68,0.0041,2025-12-31
Axis Mutual Fund,AXISCOF,Axis Corporate Bond Fund,7.7% Power Grid Corporation of India Limited (12/10/2033) **,Debt,INE752E08718,4500.0,3674.826,0.0039,2025-12-31
Axis Mutual Fund,AXISCOF,Axis Corporate Bond Fund,7.7% Nuclear Power Corporation Of India Limited (21/03/2038) **,Debt,INE206D08501,3500.0,3563.406,0.0038,2025-12-31
Axis Mutual Fund,AXISCOF,Axis Corporate Bond Fund,7.56% LIC Housing Finance Limited (14/06/2027) **,Debt,INE115A07MC6,350.0,3526.775,0.0037,2025-12-31
Axis Mutual Fund,AXISCOF,Axis Corporate Bond Fund,7.56% Bajaj Housing Finance Limited (04/10/2034) **,Debt,INE377Y07516,3500.0,3515.4035,0.0037,2025-12-31
Axis Mutual Fund,AXISCOF,Axis Corporate Bond Fund,8.12% Bajaj Finance Limited (10/09/2027) **,Debt,INE296A07TC9,3400.0,3449.861,0.0037,2025-12-31
Axis Mutual Fund,AXISCOF,Axis Corporate Bond Fund,7.75% Power Finance Corporation Limited (11/06/2030) **,Debt,INE134E08KV1,300.0,3080.49,0.0033,2025-12-31
Axis Mutual Fund,AXISCOF,Axis Corporate Bond Fund,8.05% HDB Financial Services Limited (08/08/2029) **,Debt,INE756I07EV7,300.0,3060.399,0.0032,2025-12-31
Axis Mutual Fund,AXISCOF,Axis Corporate Bond Fund,7.47% Small Industries Dev Bank of India (05/09/2029) **,Debt,INE556F08KR0,3000.0,3042.234,0.0032,2025-12-31
Axis Mutual Fund,AXISCOF,Axis Corporate Bond Fund,8.1% Tata Capital Housing Finance Limited (19/02/2027) **,Debt,INE033L07IE2,3000.0,3033.069,0.0032,2025-12-31
Axis Mutual Fund,AXISCOF,Axis Corporate Bond Fund,7.17% Tata Capital Housing Finance Limited (21/05/2030) **,Debt,INE033L07IP8,3000.0,2991.795,0.0032,2025-12-31
Axis Mutual Fund,AXISCOF,Axis Corporate Bond Fund,6.28% Government of India (14/07/2032),Debt,IN0020250059,2737300.0,2695.756,0.0029,2025-12-31
Axis Mutual Fund,AXISCOF,Axis Corporate Bond Fund,7.26% Government of India (06/02/2033),Debt,IN0020220151,2500000.0,2588.3075,0.0027,2025-12-31
Axis Mutual Fund,AXISCOF,Axis Corporate Bond Fund,7.90% Jamnagar Utilities & Power Private Limited (10/08/2028) **,Debt,INE936D07182,2500.0,2544.195,0.0027,2025-12-31
Axis Mutual Fund,AXISCOF,Axis Corporate Bond Fund,7.69% LIC Housing Finance Limited (06/02/2034) **,Debt,INE115A07QN4,2500.0,2540.9025,0.0027,2025-12-31
Axis Mutual Fund,AXISCOF,Axis Corporate Bond Fund,7.65% HDFC Bank Limited (25/05/2033) **,Debt,INE040A08930,2500.0,2540.02,0.0027,2025-12-31
Axis Mutual Fund,AXISCOF,Axis Corporate Bond Fund,8.05% Kotak Mahindra Prime Limited (28/02/2028) **,Debt,INE916DA7SE8,2500.0,2539.95,0.0027,2025-12-31
Axis Mutual Fund,AXISCOF,Axis Corporate Bond Fund,7.67% LIC Housing Finance Limited (15/04/2033),Debt,INE115A07QK0,250.0,2539.1775,0.0027,2025-12-31
Axis Mutual Fund,AXISCOF,Axis Corporate Bond Fund,7.45% Export Import Bank of India (12/04/2028) **,Debt,INE514E08GB4,2500.0,2537.0775,0.0027,2025-12-31
Axis Mutual Fund,AXISCOF,Axis Corporate Bond Fund,8.1% Bajaj Housing Finance Limited (08/07/2027) **,Debt,INE377Y07482,2500.0,2536.655,0.0027,2025-12-31
Axis Mutual Fund,AXISCOF,Axis Corporate Bond Fund,7.35% Export Import Bank of India (27/07/2028),Debt,INE514E08GE8,2500.0,2534.1,0.0027,2025-12-31
Axis Mutual Fund,AXISCOF,Axis Corporate Bond Fund,7.82% Bajaj Finance Limited (31/01/2034) **,Debt,INE296A07SV1,2500.0,2533.23,0.0027,2025-12-31
Axis Mutual Fund,AXISCOF,Axis Corporate Bond Fund,8.2% Kotak Mahindra Prime Limited (11/01/2027) **,Debt,INE916DA7SN9,2500.0,2526.1675,0.0027,2025-12-31
Axis Mutual Fund,AXISCOF,Axis Corporate Bond Fund,7.96% Pipeline Infrastructure Private Limited (11/03/2027) **,Debt,INE01XX07059,2500.0,2526.0075,0.0027,2025-12-31
Axis Mutual Fund,AXISCOF,Axis Corporate Bond Fund,7.712% Tata Capital Housing Finance Limited (14/01/2028) **,Debt,INE033L07IK9,2500.0,2526.0025,0.0027,2025-12-31
Axis Mutual Fund,AXISCOF,Axis Corporate Bond Fund,7.60% Power Finance Corporation Limited (20/02/2027) **,Debt,INE134E08IT9,250.0,2525.3,0.0027,2025-12-31
Axis Mutual Fund,AXISCOF,Axis Corporate Bond Fund,7.58% LIC Housing Finance Limited (23/03/2035) **,Debt,INE115A07RF8,2500.0,2523.85,0.0027,2025-12-31
Axis Mutual Fund,AXISCOF,Axis Corporate Bond Fund,7.12% Export Import Bank of India (27/06/2030) **,Debt,INE514E08GF5,2500.0,2517.5475,0.0027,2025-12-31
Axis Mutual Fund,AXISCOF,Axis Corporate Bond Fund,7.35% Sundaram Finance Limited (23/04/2027) **,Debt,INE660A07RW8,2500.0,2506.2025,0.0027,2025-12-31
Axis Mutual Fund,AXISCOF,Axis Corporate Bond Fund,7.12% Power Grid Corporation of India Limited (24/12/2034) **,Debt,INE752E08775,2500.0,2502.035,0.0027,2025-12-31
Axis Mutual Fund,AXISCOF,Axis Corporate Bond Fund,6.99% Sundaram Finance Limited (28/05/2027) **,Debt,INE660A07RY4,2500.0,2495.015,0.0026,2025-12-31
Axis Mutual Fund,AXISCOF,Axis Corporate Bond Fund,7.08% Power Grid Corporation of India Limited (25/10/2034) **,Debt,INE752E08767,2500.0,2494.2975,0.0026,2025-12-31
Axis Mutual Fund,AXISCOF,Axis Corporate Bond Fund,6.98% Power Grid Corporation of India Limited (12/08/2035) **,Debt,INE752E08791,2500.0,2476.1675,0.0026,2025-12-31
Axis Mutual Fund,AXISCOF,Axis Corporate Bond Fund,6.92% Power Finance Corporation Limited (14/04/2032) **,Debt,INE134E08LN6,250.0,2474.79,0.0026,2025-12-31
Axis Mutual Fund,AXISCOF,Axis Corporate Bond Fund,6.92% REC Limited (20/03/2032) **,Debt,INE020B08DV3,250.0,2473.965,0.0026,2025-12-31
Axis Mutual Fund,AXISCOF,Axis Corporate Bond Fund,6.80% National Housing Bank (02/04/2032),Debt,INE557F08GE4,2500.0,2465.7975,0.0026,2025-12-31
Axis Mutual Fund,AXISCOF,Axis Corporate Bond Fund,6.58% Indian Railway Finance Corporation Limited (30/05/2030) **,Debt,INE053F08528,2500.0,2464.7775,0.0026,2025-12-31
Axis Mutual Fund,AXISCOF,Axis Corporate Bond Fund,7.02% Bajaj Finance Limited (18/04/2031) **,Debt,INE296A07RS9,250.0,2455.145,0.0026,2025-12-31
Axis Mutual Fund,AXISCOF,Axis Corporate Bond Fund,6.65% National Bank For Agriculture and Rural Development (25/05/2035) **,Debt,INE261F08CE2,250.0,2426.0575,0.0026,2025-12-31
Axis Mutual Fund,AXISCOF,Axis Corporate Bond Fund,7.36% Government of India (12/09/2027),Debt,IN000927C052,2502400.0,2271.2783,0.0024,2025-12-31
Axis Mutual Fund,AXISCOF,Axis Corporate Bond Fund,7.59% National Housing Bank (08/09/2027) **,Debt,INE557F08FZ1,2000.0,2025.17,0.0021,2025-12-31
Axis Mutual Fund,AXISCOF,Axis Corporate Bond Fund,7.4091% HDB Financial Services Limited (05/06/2028) **,Debt,INE756I07FG5,2000.0,2002.974,0.0021,2025-12-31
Axis Mutual Fund,AXISCOF,Axis Corporate Bond Fund,7.10% Bajaj Housing Finance Limited (16/10/2028),Debt,INE377Y07607,2000.0,2000.178,0.0021,2025-12-31
Axis Mutual Fund,AXISCOF,Axis Corporate Bond Fund,7.40% Power Grid Corporation of India Limited (17/02/2033) **,Debt,INE752E08676,2500.0,1839.9975,0.002,2025-12-31
Axis Mutual Fund,AXISCOF,Axis Corporate Bond Fund,7.46% REC Limited (30/06/2028) **,Debt,INE020B08EK4,1500.0,1520.4825,0.0016,2025-12-31
Axis Mutual Fund,AXISCOF,Axis Corporate Bond Fund,7.40% Power Finance Corporation Limited (15/01/2035) **,Debt,INE134E08NN2,1500.0,1517.1735,0.0016,2025-12-31
Axis Mutual Fund,AXISCOF,Axis Corporate Bond Fund,7.89% Tata Capital Limited (26/07/2027) **,Debt,INE306N07MX0,150.0,1513.6035,0.0016,2025-12-31
Axis Mutual Fund,AXISCOF,Axis Corporate Bond Fund,7.5519% HDB Financial Services Limited (04/04/2029) **,Debt,INE756I07FE0,1500.0,1506.9225,0.0016,2025-12-31
Axis Mutual Fund,AXISCOF,Axis Corporate Bond Fund,Government of India (05/08/2027),Debt,IN000827C039,1063500.0,971.336,0.001,2025-12-31
Axis Mutual Fund,AXISCOF,Axis Corporate Bond Fund,Government of India (06/05/2028),Debt,IN000528C025,1000000.0,868.375,0.0009,2025-12-31
Axis Mutual Fund,AXISCOF,Axis Corporate Bond Fund,8.15% Tamil Nadu State Development Loans (09/05/2028),Debt,IN3120180036,500000.0,520.282,0.0006,2025-12-31
Axis Mutual Fund,AXISCOF,Axis Corporate Bond Fund,7.18% Government of India (24/07/2037),Debt,IN0020230077,500000.0,512.4505,0.0005,2025-12-31
Axis Mutual Fund,AXISCOF,Axis Corporate Bond Fund,7.87% Bajaj Finance Limited (08/02/2034) **,Debt,INE296A07SU3,500.0,508.1145,0.0005,2025-12-31
Axis Mutual Fund,AXISCOF,Axis Corporate Bond Fund,7.59% Power Finance Corporation Limited (17/01/2028) **,Debt,INE134E08LX5,50.0,507.298,0.0005,2025-12-31
Axis Mutual Fund,AXISCOF,Axis Corporate Bond Fund,8.24% L&T Finance Limited (16/06/2027) **,Debt,INE498L07038,500.0,507.05,0.0005,2025-12-31
Axis Mutual Fund,AXISCOF,Axis Corporate Bond Fund,7.68% Small Industries Dev Bank of India (10/09/2027) **,Debt,INE556F08KQ2,500.0,506.4565,0.0005,2025-12-31
Axis Mutual Fund,AXISCOF,Axis Corporate Bond Fund,7.17% Government of India (17/04/2030),Debt,IN0020230036,485200.0,500.4343,0.0005,2025-12-31
Axis Mutual Fund,AXISCOF,Axis Corporate Bond Fund,7.25% Government of India (12/06/2063),Debt,IN0020230044,500000.0,493.668,0.0005,2025-12-31
Axis Mutual Fund,AXISCOF,Axis Corporate Bond Fund,7.32% Government of India (13/11/2030),Debt,IN0020230135,364500.0,378.5234,0.0004,2025-12-31
Axis Mutual Fund,AXISCOF,Axis Corporate Bond Fund,8.21% Haryana UDAY BOND(31/03/2026),Debt,IN1620150186,332000.0,334.0332,0.0004,2025-12-31
Axis Mutual Fund,AXISCOF,Axis Corporate Bond Fund,7.26% Government of India (22/08/2032),Debt,IN0020220060,151100.0,156.3063,0.0002,2025-12-31
Axis Mutual Fund,AXISCOF,Axis Corporate Bond Fund,7.37% Government of India (23/10/2028),Debt,IN0020230101,141200.0,146.8123,0.0002,2025-12-31
Axis Mutual Fund,AXISCOF,Axis Corporate Bond Fund,7.29% Karnataka State Development Loans (12/01/2034),Debt,IN1920210250,141500.0,141.245,0.0001,2025-12-31
Axis Mutual Fund,AXISCOF,Axis Corporate Bond Fund,7.49% TELANGANA State Development Loans (03/12/2039),Debt,IN4520250569,62500.0,62.6685,0.0001,2025-12-31
Axis Mutual Fund,AXISCOF,Axis Corporate Bond Fund,7.08% Andhra Pradesh State Development Loans (26/03/2037),Debt,IN1020240801,46900.0,45.5059,$0.00%,2025-12-31
Axis Mutual Fund,AXISCOF,Axis Corporate Bond Fund,7.1% Government of India (08/04/2034),Debt,IN0020240019,16700.0,17.1779,$0.00%,2025-12-31
Axis Mutual Fund,AXISCOF,Axis Corporate Bond Fund,Siddhivinayak Securitisation Trust (28/09/2030) **,Debt,INE2I7F15012,194.0,19488.4436,0.0207,2025-12-31
Axis Mutual Fund,AXISCOF,Axis Corporate Bond Fund,Shivshakti Securitisation Trust (28/09/2029) **,Debt,INE2I7G15010,135.0,13545.5559,0.0144,2025-12-31
Axis Mutual Fund,AXISCOF,Axis Corporate Bond Fund,India Universal Trust (20/09/2030) **,Debt,INE16J715035,100.0,9224.815,0.0098,2025-12-31
Axis Mutual Fund,AXISCOF,Axis Corporate Bond Fund,Radhakrishna Securitisation Trust (28/09/2028) **,Debt,INE2I7H15018,55.0,5494.4279,0.0058,2025-12-31
Axis Mutual Fund,AXISCOF,Axis Corporate Bond Fund,India Universal Trust (21/11/2030) **,Debt,INE1CBK15037,51.0,4883.047,0.0052,2025-12-31
Axis Mutual Fund,AXISCOF,Axis Corporate Bond Fund,India Universal Trust (20/07/2027) **,Debt,INE16J715027,25.0,2058.7501,0.0022,2025-12-31
Axis Mutual Fund,AXISCOF,Axis Corporate Bond Fund,India Universal Trust (21/11/2027) **,Debt,INE1CBK15029,20.0,1490.9663,0.0016,2025-12-31
Axis Mutual Fund,AXISCOF,Axis Corporate Bond Fund,Punjab National Bank (15/12/2026) **,Debt,INE160A16TZ9,2000.0,9407.15,0.01,2025-12-31
Axis Mutual Fund,AXISCOF,Axis Corporate Bond Fund,HDFC Bank Limited (21/12/2026),Debt,INE040A16II2,2000.0,9397.54,0.01,2025-12-31
Axis Mutual Fund,AXISCOF,Axis Corporate Bond Fund,Punjab National Bank (08/01/2026),Debt,INE160A16QT8,500.0,2497.09,0.0026,2025-12-31
Axis Mutual Fund,AXISCOF,Axis Corporate Bond Fund,SBI - Corporate Debt Market Development Fund (CDMDF) - Class A2,Debt,INF0RQ622028,22092.236,2552.4911,0.0027,2025-12-31
Axis Mutual Fund,AXISCON,Axis Consumption Fund,Bharti Airtel Limited,Other,INE397D01024,1490702.0,31388.2213,0.0897,2025-12-31
Axis Mutual Fund,AXISCON,Axis Consumption Fund,Mahindra & Mahindra Limited,Other,INE101A01026,745928.0,27667.9614,0.0791,2025-12-31
Axis Mutual Fund,AXISCON,Axis Consumption Fund,Maruti Suzuki India Limited,Other,INE585B01010,132416.0,22109.4995,0.0632,2025-12-31
Axis Mutual Fund,AXISCON,Axis Consumption Fund,Eternal Limited,Other,INE758T01015,7760324.0,21577.5809,0.0617,2025-12-31
Axis Mutual Fund,AXISCON,Axis Consumption Fund,Hindustan Unilever Limited,Other,INE030A01027,815756.0,18892.0932,0.054,2025-12-31
Axis Mutual Fund,AXISCON,Axis Consumption Fund,Titan Company Limited,Other,INE280A01028,395650.0,16029.7598,0.0458,2025-12-31
Axis Mutual Fund,AXISCON,Axis Consumption Fund,ITC Limited,Other,INE154A01025,3901598.0,15723.4399,0.045,2025-12-31
Axis Mutual Fund,AXISCON,Axis Consumption Fund,TVS Motor Company Limited,Other,INE494B01023,282658.0,10514.3123,0.0301,2025-12-31
Axis Mutual Fund,AXISCON,Axis Consumption Fund,Britannia Industries Limited,Other,INE216A01030,146884.0,8858.574,0.0253,2025-12-31
Axis Mutual Fund,AXISCON,Axis Consumption Fund,Tata Consumer Products Limited,Other,INE192A01025,734945.0,8760.5444,0.025,2025-12-31
Axis Mutual Fund,AXISCON,Axis Consumption Fund,Eicher Motors Limited,Other,INE066A01021,114436.0,8368.1325,0.0239,2025-12-31
Axis Mutual Fund,AXISCON,Axis Consumption Fund,Asian Paints Limited,Other,INE021A01026,286674.0,7939.4364,0.0227,2025-12-31
Axis Mutual Fund,AXISCON,Axis Consumption Fund,Varun Beverages Limited,Other,INE200M01039,1599668.0,7835.9737,0.0224,2025-12-31
Axis Mutual Fund,AXISCON,Axis Consumption Fund,InterGlobe Aviation Limited,Other,INE646L01027,153604.0,7771.5944,0.0222,2025-12-31
Axis Mutual Fund,AXISCON,Axis Consumption Fund,Apollo Hospitals Enterprise Limited,Other,INE437A01024,108930.0,7671.3953,0.0219,2025-12-31
Axis Mutual Fund,AXISCON,Axis Consumption Fund,The Indian Hotels Company Limited,Other,INE053A01029,897772.0,6633.1884,0.019,2025-12-31
Axis Mutual Fund,AXISCON,Axis Consumption Fund,Nestle India Limited,Other,INE239A01024,454280.0,5851.1264,0.0167,2025-12-31
Axis Mutual Fund,AXISCON,Axis Consumption Fund,Bajaj Auto Limited,Other,INE917I01010,56109.0,5242.2639,0.015,2025-12-31
Axis Mutual Fund,AXISCON,Axis Consumption Fund,Hero MotoCorp Limited,Other,INE158A01026,85000.0,4905.35,0.014,2025-12-31
Axis Mutual Fund,AXISCON,Axis Consumption Fund,Tata Power Company Limited,Other,INE245A01021,1141188.0,4331.9496,0.0124,2025-12-31
Axis Mutual Fund,AXISCON,Axis Consumption Fund,Pidilite Industries Limited,Other,INE318A01026,269408.0,3993.7042,0.0114,2025-12-31
Axis Mutual Fund,AXISCON,Axis Consumption Fund,Berger Paints (I) Limited,Other,INE463A01038,738335.0,3961.5364,0.0113,2025-12-31
Axis Mutual Fund,AXISCON,Axis Consumption Fund,Vishal Mega Mart Limited,Other,INE01EA01019,2879747.0,3927.111,0.0112,2025-12-31
Axis Mutual Fund,AXISCON,Axis Consumption Fund,Avenue Supermarts Limited,Other,INE192R01011,103229.0,3904.3272,0.0112,2025-12-31
Axis Mutual Fund,AXISCON,Axis Consumption Fund,Doms Industries Limited,Other,INE321T01012,146898.0,3841.9703,0.011,2025-12-31
Axis Mutual Fund,AXISCON,Axis Consumption Fund,Max Healthcare Institute Limited,Other,INE027H01010,355578.0,3716.1457,0.0106,2025-12-31
Axis Mutual Fund,AXISCON,Axis Consumption Fund,Swiggy Limited,Other,INE00H001014,913333.0,3527.7487,0.0101,2025-12-31
Axis Mutual Fund,AXISCON,Axis Consumption Fund,Trent Limited,Other,INE849A01020,79338.0,3394.873,0.0097,2025-12-31
Axis Mutual Fund,AXISCON,Axis Consumption Fund,Hyundai Motor India Ltd,Other,INE0V6F01027,143296.0,3292.9421,0.0094,2025-12-31
Axis Mutual Fund,AXISCON,Axis Consumption Fund,Meesho Ltd,Other,INE0VDM01015,1816965.0,3274.5343,0.0094,2025-12-31
Axis Mutual Fund,AXISCON,Axis Consumption Fund,Godrej Consumer Products Limited,Other,INE102D01028,264281.0,3230.0424,0.0092,2025-12-31
Axis Mutual Fund,AXISCON,Axis Consumption Fund,HDFC Bank Limited,Other,INE040A01034,311148.0,3084.099,0.0088,2025-12-31
Axis Mutual Fund,AXISCON,Axis Consumption Fund,Arvind Fashions Limited,Other,INE955V01021,567254.0,2831.4483,0.0081,2025-12-31
Axis Mutual Fund,AXISCON,Axis Consumption Fund,ICICI Bank Limited,Other,INE090A01021,192553.0,2585.7942,0.0074,2025-12-31
Axis Mutual Fund,AXISCON,Axis Consumption Fund,PG Electroplast Limited,Other,INE457L01029,445487.0,2562.8867,0.0073,2025-12-31
Axis Mutual Fund,AXISCON,Axis Consumption Fund,Dabur India Limited,Other,INE016A01026,500000.0,2518.0,0.0072,2025-12-31
Axis Mutual Fund,AXISCON,Axis Consumption Fund,Vijaya Diagnostic Centre Limited,Other,INE043W01024,214339.0,2274.1368,0.0065,2025-12-31
Axis Mutual Fund,AXISCON,Axis Consumption Fund,Sapphire Foods India Limited,Other,INE806T01020,856552.0,2201.7669,0.0063,2025-12-31
Axis Mutual Fund,AXISCON,Axis Consumption Fund,Reliance Industries Limited,Other,INE002A01018,140000.0,2198.56,0.0063,2025-12-31
Axis Mutual Fund,AXISCON,Axis Consumption Fund,HDFC Life Insurance Company Limited,Other,INE795G01014,287884.0,2158.6982,0.0062,2025-12-31
Axis Mutual Fund,AXISCON,Axis Consumption Fund,Blue Star Limited,Other,INE472A01039,120322.0,2082.4129,0.006,2025-12-31
Axis Mutual Fund,AXISCON,Axis Consumption Fund,Bharti Hexacom Limited,Other,INE343G01021,110686.0,2016.3669,0.0058,2025-12-31
Axis Mutual Fund,AXISCON,Axis Consumption Fund,Marico Limited,Other,INE196A01026,250000.0,1876.5,0.0054,2025-12-31
Axis Mutual Fund,AXISCON,Axis Consumption Fund,Delhivery Limited,Other,INE148O01028,449040.0,1813.448,0.0052,2025-12-31
Axis Mutual Fund,AXISCON,Axis Consumption Fund,Fortis Healthcare Limited,Other,INE061F01013,203477.0,1798.7367,0.0051,2025-12-31
Axis Mutual Fund,AXISCON,Axis Consumption Fund,Wework India Management Limited,Other,INE085001019,296806.0,1794.6375,0.0051,2025-12-31
Axis Mutual Fund,AXISCON,Axis Consumption Fund,Jubilant Foodworks Limited,Other,INE797F01020,302491.0,1689.7147,0.0048,2025-12-31
Axis Mutual Fund,AXISCON,Axis Consumption Fund,Lenskart Solutions Limited,Other,INE956O01016,361610.0,1629.7763,0.0047,2025-12-31
Axis Mutual Fund,AXISCON,Axis Consumption Fund,Travel Food Services Limited,Other,INE103V01028,138338.0,1622.0131,0.0046,2025-12-31
Axis Mutual Fund,AXISCON,Axis Consumption Fund,Dixon Technologies (India) Limited,Other,INE935N01020,13253.0,1603.8781,0.0046,2025-12-31
Axis Mutual Fund,AXISCON,Axis Consumption Fund,Wakefit Innovations Limited,Other,INE0E7301029,861536.0,1589.017,0.0045,2025-12-31
Axis Mutual Fund,AXISCON,Axis Consumption Fund,Rainbow Childrens Medicare Limited,Other,INE961O01016,113349.0,1496.2068,0.0043,2025-12-31
Axis Mutual Fund,AXISCON,Axis Consumption Fund,DLF Limited,Other,INE271C01023,210000.0,1443.54,0.0041,2025-12-31
Axis Mutual Fund,AXISCON,Axis Consumption Fund,V-Mart Retail Limited,Other,INE665J01013,200000.0,1430.6,0.0041,2025-12-31
Axis Mutual Fund,AXISCON,Axis Consumption Fund,Devyani International Limited,Other,INE872J01023,879898.0,1301.8091,0.0037,2025-12-31
Axis Mutual Fund,AXISCON,Axis Consumption Fund,Chalet Hotels Limited,Other,INE427F01016,143734.0,1251.2763,0.0036,2025-12-31
Axis Mutual Fund,AXISCON,Axis Consumption Fund,Page Industries Limited,Other,INE761H01022,3433.0,1237.4249,0.0035,2025-12-31
Axis Mutual Fund,AXISCON,Axis Consumption Fund,SBI Cards and Payment Services Limited,Other,INE018E01016,130708.0,1126.3108,0.0032,2025-12-31
Axis Mutual Fund,AXISCON,Axis Consumption Fund,ITC Hotels Limited,Other,INE379A01028,560500.0,1106.5952,0.0032,2025-12-31
Axis Mutual Fund,AXISCON,Axis Consumption Fund,Krishna Institute Of Medical Sciences Limited,Other,INE967H01025,177524.0,1080.4111,0.0031,2025-12-31
Axis Mutual Fund,AXISCON,Axis Consumption Fund,UltraTech Cement Limited,Other,INE481G01011,8041.0,947.5514,0.0027,2025-12-31
Axis Mutual Fund,AXISCON,Axis Consumption Fund,Bajaj Finance Limited,Other,INE296A01032,82212.0,811.268,0.0023,2025-12-31
Axis Mutual Fund,AXISCON,Axis Consumption Fund,LG Electronics India Ltd,Other,INE324D01010,40509.0,616.3039,0.0018,2025-12-31
Axis Mutual Fund,AXISCON,Axis Consumption Fund,Lupin Limited,Other,INE326A01037,27612.0,582.4751,0.0017,2025-12-31
Axis Mutual Fund,AXISCON,Axis Consumption Fund,Havells India Limited,Other,INE176B01034,39063.0,556.6087,0.0016,2025-12-31
Axis Mutual Fund,AXISCON,Axis Consumption Fund,Anant Raj Limited,Other,INE242C01024,90000.0,492.57,0.0014,2025-12-31
Axis Mutual Fund,AXISCON,Axis Consumption Fund,PNB Housing Finance Limited,Other,INE572E01012,49057.0,466.7774,0.0013,2025-12-31
Axis Mutual Fund,AXISCON,Axis Consumption Fund,Kwality Walls (India) Limited,Other,INE2KCE01013,885756.0,356.0739,0.001,2025-12-31
Axis Mutual Fund,AXISCON,Axis Consumption Fund,Colgate Palmolive (India) Limited,Other,INE259A01022,14493.0,300.8312,0.0009,2025-12-31
Axis Mutual Fund,AXISCON,Axis Consumption Fund,NTPC Limited,Other,INE733E01010,50000.0,164.775,0.0005,2025-12-31
Axis Mutual Fund,AXISCON,Axis Consumption Fund,6% TVS Motor Co Non Conv Rede Pref Shares 01SEP26 **,Other,INE494B04019,1369212.0,139.4679,0.0004,2025-12-31
Axis Mutual Fund,AXISCSDL,Axis CRISIL IBX SDL May 2027 Index Fund,7.51% Maharashtra State Development Loans (24/05/2027),Equity,IN2220170020,48000000.0,48913.344,0.2502,2025-12-31
Axis Mutual Fund,AXISCSDL,Axis CRISIL IBX SDL May 2027 Index Fund,7.52% Gujarat State Development Loans (24/05/2027),Equity,IN1520170045,34500000.0,35161.02,0.1798,2025-12-31
Axis Mutual Fund,AXISCSDL,Axis CRISIL IBX SDL May 2027 Index Fund,7.52% Tamilnadu State Development Loans (24/05/2027),Equity,IN3120170037,15800000.0,16102.728,0.0824,2025-12-31
Axis Mutual Fund,AXISCSDL,Axis CRISIL IBX SDL May 2027 Index Fund,7.53% Haryana State Development Loans (24/05/2027),Equity,IN1620170010,14300000.0,14557.686,0.0745,2025-12-31
Axis Mutual Fund,AXISCSDL,Axis CRISIL IBX SDL May 2027 Index Fund,7.92% West Bangal State Development Loans (15/03/2027),Equity,IN3420160175,10300000.0,10514.4872,0.0538,2025-12-31
Axis Mutual Fund,AXISCSDL,Axis CRISIL IBX SDL May 2027 Index Fund,7.64% West Bangal State Development Loans (29/03/2027),Equity,IN3420160183,7500000.0,7636.275,0.0391,2025-12-31
Axis Mutual Fund,AXISCSDL,Axis CRISIL IBX SDL May 2027 Index Fund,7.52% Uttar Pradesh State Development Loans (24/05/2027),Equity,IN3320170043,6300000.0,6419.0196,0.0328,2025-12-31
Axis Mutual Fund,AXISCSDL,Axis CRISIL IBX SDL May 2027 Index Fund,7.59% Karnataka State Development Loans (29/03/2027),Equity,IN1920160125,6200000.0,6316.7832,0.0323,2025-12-31
Axis Mutual Fund,AXISCSDL,Axis CRISIL IBX SDL May 2027 Index Fund,8.31% Rajasthan State Development Loans (08/04/2027),Equity,IN2920200036,6000000.0,6157.674,0.0315,2025-12-31
Axis Mutual Fund,AXISCSDL,Axis CRISIL IBX SDL May 2027 Index Fund,7.88% Chattisgarh State Development Loans (15/03/2027),Equity,IN3520160034,6000000.0,6126.906,0.0313,2025-12-31
Axis Mutual Fund,AXISCSDL,Axis CRISIL IBX SDL May 2027 Index Fund,6.58% Gujarat State Development Loans (31/03/2027),Equity,IN1520200347,5500000.0,5538.764,0.0283,2025-12-31
Axis Mutual Fund,AXISCSDL,Axis CRISIL IBX SDL May 2027 Index Fund,7.63% Gujarat State Development Loans (12/04/2027),Equity,IN1520170011,5000000.0,5094.5,0.0261,2025-12-31
Axis Mutual Fund,AXISCSDL,Axis CRISIL IBX SDL May 2027 Index Fund,7.51% Rajasthan State Development Loans (24/05/2027),Equity,IN2920170015,5000000.0,5092.335,0.026,2025-12-31
Axis Mutual Fund,AXISCSDL,Axis CRISIL IBX SDL May 2027 Index Fund,7.78% Bihar State Development Loans (01/03/2027),Equity,IN1320160170,4500000.0,4585.0005,0.0235,2025-12-31
Axis Mutual Fund,AXISCSDL,Axis CRISIL IBX SDL May 2027 Index Fund,6.72% Kerala State Development Loans (24/03/2027),Equity,IN2020200290,2500000.0,2518.68,0.0129,2025-12-31
Axis Mutual Fund,AXISCSDL,Axis CRISIL IBX SDL May 2027 Index Fund,7.86% Karnataka State Development Loans (15/03/2027),Equity,IN1920160117,2100000.0,2144.8539,0.011,2025-12-31
Axis Mutual Fund,AXISCSDL,Axis CRISIL IBX SDL May 2027 Index Fund,7.85% Rajasthan State Development Loans (15/03/2027),Equity,IN2920160438,2000000.0,2041.512,0.0104,2025-12-31
Axis Mutual Fund,AXISCSDL,Axis CRISIL IBX SDL May 2027 Index Fund,6.48% Rajasthan State Development Loans (02/03/2027),Equity,IN2920210506,1500000.0,1507.572,0.0077,2025-12-31
Axis Mutual Fund,AXISCSDL,Axis CRISIL IBX SDL May 2027 Index Fund,7.61% Uttar Pradesh State Development Loans (11/05/2027),Equity,IN3320170035,1000000.0,1019.558,0.0052,2025-12-31
Axis Mutual Fund,AXISCSDL,Axis CRISIL IBX SDL May 2027 Index Fund,7.61% Uttar Pradesh State Development Loans (26/04/2027),Equity,IN3320170027,1000000.0,1018.962,0.0052,2025-12-31
Axis Mutual Fund,AXISCSDL,Axis CRISIL IBX SDL May 2027 Index Fund,7.16% Haryana State Development Loans (24/05/2027),Equity,IN1620230046,1000000.0,1013.143,0.0052,2025-12-31
Axis Mutual Fund,AXISCSDL,Axis CRISIL IBX SDL May 2027 Index Fund,7.87% Uttar Pradesh State Development Loans (15/03/2027),Equity,IN3320160341,500000.0,510.62,0.0026,2025-12-31
Axis Mutual Fund,AXISCSDL,Axis CRISIL IBX SDL May 2027 Index Fund,7.78% West Bengal State Development Loans (01/03/2027),Equity,IN3420160167,300000.0,305.5893,0.0016,2025-12-31
Axis Mutual Fund,AXISCSDL,Axis CRISIL IBX SDL May 2027 Index Fund,7.55% Kerala State Development Loans (11/05/2027),Equity,IN2020170022,200000.0,203.5888,0.001,2025-12-31
Axis Mutual Fund,AXISCSDL,Axis CRISIL IBX SDL May 2027 Index Fund,7.80% Haryana State Development Loans 2027 (01/03/2027),Equity,IN1620160276,50000.0,50.9459,0.0003,2025-12-31
Axis Mutual Fund,AXISDBF,Axis Dynamic Bond Fund,6.79% Government of India (07/10/2034),Debt,IN0020240126,8000000.0,8071.704,0.0687,2025-12-31
Axis Mutual Fund,AXISDBF,Axis Dynamic Bond Fund,6.48% Government of India (06/10/2035),Debt,IN0020250091,8000000.0,7930.872,0.0675,2025-12-31
Axis Mutual Fund,AXISDBF,Axis Dynamic Bond Fund,7.3% Government of India (19/06/2053),Debt,IN0020230051,7000000.0,7012.383,0.0597,2025-12-31
Axis Mutual Fund,AXISDBF,Axis Dynamic Bond Fund,6.68% Government of India (07/07/2040),Debt,IN0020250042,7000000.0,6797.308,0.0579,2025-12-31
Axis Mutual Fund,AXISDBF,Axis Dynamic Bond Fund,7.24% Government of India (18/08/2055),Debt,IN0020250075,5536700.0,5521.5959,0.047,2025-12-31
Axis Mutual Fund,AXISDBF,Axis Dynamic Bond Fund,7.43% Maharashtra State Development Loans (03/12/2040),Debt,IN2220250392,5500000.0,5500.5225,0.0468,2025-12-31
Axis Mutual Fund,AXISDBF,Axis Dynamic Bond Fund,7.52% Power Grid Corporation of India Limited (23/03/2033) **,Debt,INE752E08684,5000.0,3822.68,0.0325,2025-12-31
Axis Mutual Fund,AXISDBF,Axis Dynamic Bond Fund,7.44% Indian Railway Finance Corporation Limited (28/02/2034) **,Debt,INE053F08379,2500.0,2543.46,0.0217,2025-12-31
Axis Mutual Fund,AXISDBF,Axis Dynamic Bond Fund,6.9% Government of India (15/04/2065),Debt,IN0020250018,2672500.0,2521.7817,0.0215,2025-12-31
Axis Mutual Fund,AXISDBF,Axis Dynamic Bond Fund,7.14% National Housing Bank (17/11/2034) **,Debt,INE557F08GA2,2500.0,2488.79,0.0212,2025-12-31
Axis Mutual Fund,AXISDBF,Axis Dynamic Bond Fund,7.09% Government of India (05/08/2054),Debt,IN0020240118,2500000.0,2444.245,0.0208,2025-12-31
Axis Mutual Fund,AXISDBF,Axis Dynamic Bond Fund,7.09% Government of India (25/11/2074),Debt,IN0020240142,2500000.0,2407.78,0.0205,2025-12-31
Axis Mutual Fund,AXISDBF,Axis Dynamic Bond Fund,7.65% Bihar State Development Loans (24/12/2033),Debt,IN1320250211,2373300.0,2398.5163,0.0204,2025-12-31
Axis Mutual Fund,AXISDBF,Axis Dynamic Bond Fund,7.49% TELANGANA State Development Loans (03/12/2039),Debt,IN4520250569,2000000.0,2005.392,0.0171,2025-12-31
Axis Mutual Fund,AXISDBF,Axis Dynamic Bond Fund,8.35% Indian Railway Finance Corporation Limited (13/03/2029) **,Debt,INE053F07BC1,150.0,1560.198,0.0133,2025-12-31
Axis Mutual Fund,AXISDBF,Axis Dynamic Bond Fund,8.12% NHPC Limited (22/03/2029) **,Debt,INE848E08136,150.0,1559.5635,0.0133,2025-12-31
Axis Mutual Fund,AXISDBF,Axis Dynamic Bond Fund,8.23% Indian Railway Finance Corporation Limited (29/03/2029) **,Debt,INE053F07BE7,150.0,1555.8855,0.0132,2025-12-31
Axis Mutual Fund,AXISDBF,Axis Dynamic Bond Fund,7.26% Government of India (22/08/2032),Debt,IN0020220060,1500000.0,1551.684,0.0132,2025-12-31
Axis Mutual Fund,AXISDBF,Axis Dynamic Bond Fund,7.60% National Bank For Agriculture and Rural Development (23/11/2032) **,Debt,INE261F08931,150.0,1547.7945,0.0132,2025-12-31
Axis Mutual Fund,AXISDBF,Axis Dynamic Bond Fund,7.54% Government of India (23/05/2036),Debt,IN0020220029,1000000.0,1055.503,0.009,2025-12-31
Axis Mutual Fund,AXISDBF,Axis Dynamic Bond Fund,7.88% Export Import Bank of India (11/01/2033) **,Debt,INE514E08FQ4,100.0,1042.499,0.0089,2025-12-31
Axis Mutual Fund,AXISDBF,Axis Dynamic Bond Fund,7.02% Export Import Bank of India (25/11/2031) **,Debt,INE514E08FH3,100.0,1000.962,0.0085,2025-12-31
Axis Mutual Fund,AXISDBF,Axis Dynamic Bond Fund,7.03% Indian Railway Finance Corporation Limited (30/07/2036) **,Debt,INE053F08114,100.0,981.728,0.0084,2025-12-31
Axis Mutual Fund,AXISDBF,Axis Dynamic Bond Fund,6.81% REC Limited (30/04/2036) **,Debt,INE020B08FV8,1000.0,965.564,0.0082,2025-12-31
Axis Mutual Fund,AXISDBF,Axis Dynamic Bond Fund,8.49% National Highways Authority Of India (05/02/2029) **,Debt,INE906B07GO3,88.0,918.7332,0.0078,2025-12-31
Axis Mutual Fund,AXISDBF,Axis Dynamic Bond Fund,7.4% REC Limited (15/03/2036) **,Debt,INE020B08DO8,90.0,906.5772,0.0077,2025-12-31
Axis Mutual Fund,AXISDBF,Axis Dynamic Bond Fund,8.80% REC Limited (14/05/2029) **,Debt,INE020B08BS3,50.0,526.8125,0.0045,2025-12-31
Axis Mutual Fund,AXISDBF,Axis Dynamic Bond Fund,8.5% National Bank For Agriculture and Rural Development (27/02/2029) **,Debt,INE261F08BC8,50.0,523.084,0.0045,2025-12-31
Axis Mutual Fund,AXISDBF,Axis Dynamic Bond Fund,8.55% HDFC Bank Limited (27/03/2029) **,Debt,INE040A08724,50.0,519.901,0.0044,2025-12-31
Axis Mutual Fund,AXISDBF,Axis Dynamic Bond Fund,8.27% National Highways Authority Of India (28/03/2029) **,Debt,INE906B07GP0,50.0,519.6795,0.0044,2025-12-31
Axis Mutual Fund,AXISDBF,Axis Dynamic Bond Fund,8.15% National Bank For Agriculture and Rural Development (28/03/2029) **,Debt,INE261F08BH7,50.0,518.6015,0.0044,2025-12-31
Axis Mutual Fund,AXISDBF,Axis Dynamic Bond Fund,8.05% HDFC Bank Limited (22/10/2029) **,Debt,INE040A08AC9,50.0,514.6595,0.0044,2025-12-31
Axis Mutual Fund,AXISDBF,Axis Dynamic Bond Fund,7.79% Power Finance Corporation Limited (22/07/2030) **,Debt,INE134E08KU3,50.0,514.6135,0.0044,2025-12-31
Axis Mutual Fund,AXISDBF,Axis Dynamic Bond Fund,7.68% Uttar Pradesh State Development Loans (18/10/2034),Debt,IN3320230102,500000.0,510.2655,0.0043,2025-12-31
Axis Mutual Fund,AXISDBF,Axis Dynamic Bond Fund,7.5% NHPC Limited (06/10/2029) **,Debt,INE848E07AS5,250.0,509.6745,0.0043,2025-12-31
Axis Mutual Fund,AXISDBF,Axis Dynamic Bond Fund,7.49% National Highways Authority Of India (01/08/2029) **,Debt,INE906B07HG7,50.0,509.0955,0.0043,2025-12-31
Axis Mutual Fund,AXISDBF,Axis Dynamic Bond Fund,7.5% NHPC Limited (07/10/2027) **,Debt,INE848E07AQ9,250.0,507.4215,0.0043,2025-12-31
Axis Mutual Fund,AXISDBF,Axis Dynamic Bond Fund,7.4% Power Finance Corporation Limited (08/05/2030) **,Debt,INE134E08KQ1,50.0,506.836,0.0043,2025-12-31
Axis Mutual Fund,AXISDBF,Axis Dynamic Bond Fund,6.97% National Bank For Agriculture and Rural Development (17/03/2031) **,Debt,INE261F08CZ7,50.0,500.376,0.0043,2025-12-31
Axis Mutual Fund,AXISDBF,Axis Dynamic Bond Fund,6.8% State Bank of India (21/08/2035) **,Debt,INE062A08231,50.0,497.0845,0.0042,2025-12-31
Axis Mutual Fund,AXISDBF,Axis Dynamic Bond Fund,8.20% Power Grid Corporation of India Limited (23/01/2030) **,Debt,INE752E07MH7,40.0,418.0236,0.0036,2025-12-31
Axis Mutual Fund,AXISDBF,Axis Dynamic Bond Fund,7.1% Government of India (18/04/2029),Debt,IN0020220011,400000.0,412.6216,0.0035,2025-12-31
Axis Mutual Fund,AXISDBF,Axis Dynamic Bond Fund,6.63% Maharashtra State Development Loans (14/10/2030),Debt,IN2220200264,394100.0,390.1156,0.0033,2025-12-31
Axis Mutual Fund,AXISDBF,Axis Dynamic Bond Fund,6.51% Karnataka State Development Loans (30/12/2030),Debt,IN1920200533,364800.0,359.2007,0.0031,2025-12-31
Axis Mutual Fund,AXISDBF,Axis Dynamic Bond Fund,9.41% India Infrastructure Fin Co Ltd (27/07/2037) **,Debt,INE787H07057,25.0,287.7815,0.0024,2025-12-31
Axis Mutual Fund,AXISDBF,Axis Dynamic Bond Fund,7.04% Gujarat State Development Loans (18/03/2030),Debt,IN1520190217,120300.0,121.1226,0.001,2025-12-31
Axis Mutual Fund,AXISDBF,Axis Dynamic Bond Fund,6.19% Government of India (16/09/2034),Debt,IN0020200096,100000.0,96.8474,0.0008,2025-12-31
Axis Mutual Fund,AXISDBF,Axis Dynamic Bond Fund,8.60% Government of India (02/06/2028),Debt,IN0020140011,30000.0,31.8429,0.0003,2025-12-31
Axis Mutual Fund,AXISDBF,Axis Dynamic Bond Fund,Siddhivinayak Securitisation Trust (28/09/2030) **,Debt,INE2I7F15012,11.0,1105.0148,0.0094,2025-12-31
Axis Mutual Fund,AXISDBF,Axis Dynamic Bond Fund,Shivshakti Securitisation Trust (28/09/2029) **,Debt,INE2I7G15010,11.0,1103.712,0.0094,2025-12-31
Axis Mutual Fund,AXISDBF,Axis Dynamic Bond Fund,Radhakrishna Securitisation Trust (28/09/2028) **,Debt,INE2I7H15018,8.0,799.1895,0.0068,2025-12-31
Axis Mutual Fund,AXISDBF,Axis Dynamic Bond Fund,SBI - Corporate Debt Market Development Fund (CDMDF) - Class A2,Debt,INF0RQ622028,4323.366,499.5127,0.0043,2025-12-31
Axis Mutual Fund,AXISDEF,Axis Balanced Advantage Fund,Reliance Industries Limited,Other,INE002A01018,1386051.0,21766.5449,0.057,2025-12-31
Axis Mutual Fund,AXISDEF,Axis Balanced Advantage Fund,HDFC Bank Limited,Other,INE040A01034,1949910.0,19327.5079,0.0506,2025-12-31
Axis Mutual Fund,AXISDEF,Axis Balanced Advantage Fund,State Bank of India,Other,INE062A01020,1781305.0,17495.9777,0.0458,2025-12-31
Axis Mutual Fund,AXISDEF,Axis Balanced Advantage Fund,Infosys Limited,Other,INE009A01021,864072.0,13958.2191,0.0366,2025-12-31
Axis Mutual Fund,AXISDEF,Axis Balanced Advantage Fund,ICICI Bank Limited,Other,INE090A01021,1002324.0,13460.209,0.0353,2025-12-31
Axis Mutual Fund,AXISDEF,Axis Balanced Advantage Fund,Mahindra & Mahindra Limited,Other,INE101A01026,308627.0,11447.5927,0.03,2025-12-31
Axis Mutual Fund,AXISDEF,Axis Balanced Advantage Fund,Larsen & Toubro Limited,Other,INE018A01030,249023.0,10168.8542,0.0266,2025-12-31
Axis Mutual Fund,AXISDEF,Axis Balanced Advantage Fund,Bharti Airtel Limited,Other,INE397D01024,357259.0,7522.4455,0.0197,2025-12-31
Axis Mutual Fund,AXISDEF,Axis Balanced Advantage Fund,Bajaj Finance Limited,Other,INE296A01032,710440.0,7010.6219,0.0184,2025-12-31
Axis Mutual Fund,AXISDEF,Axis Balanced Advantage Fund,Tata Consultancy Services Limited,Other,INE467B01029,197516.0,6332.758,0.0166,2025-12-31
Axis Mutual Fund,AXISDEF,Axis Balanced Advantage Fund,NTPC Limited,Other,INE733E01010,1594541.0,5254.8099,0.0138,2025-12-31
Axis Mutual Fund,AXISDEF,Axis Balanced Advantage Fund,Kotak Mahindra Bank Limited,Other,INE237A01028,221096.0,4866.5441,0.0128,2025-12-31
Axis Mutual Fund,AXISDEF,Axis Balanced Advantage Fund,ITC Limited,Other,INE154A01025,1145707.0,4617.1992,0.0121,2025-12-31
Axis Mutual Fund,AXISDEF,Axis Balanced Advantage Fund,Shriram Finance Limited,Other,INE721A01047,452653.0,4509.3292,0.0118,2025-12-31
Axis Mutual Fund,AXISDEF,Axis Balanced Advantage Fund,Sun Pharmaceutical Industries Limited,Other,INE044A01036,259243.0,4458.2019,0.0117,2025-12-31
Axis Mutual Fund,AXISDEF,Axis Balanced Advantage Fund,SBI Life Insurance Company Limited,Other,INE123W01016,200627.0,4082.5588,0.0107,2025-12-31
Axis Mutual Fund,AXISDEF,Axis Balanced Advantage Fund,Titan Company Limited,Other,INE280A01028,83072.0,3365.6621,0.0088,2025-12-31
Axis Mutual Fund,AXISDEF,Axis Balanced Advantage Fund,Samvardhana Motherson International Limited,Other,INE775A01035,2678367.0,3212.4334,0.0084,2025-12-31
Axis Mutual Fund,AXISDEF,Axis Balanced Advantage Fund,Cipla Limited,Other,INE059A01026,210230.0,3177.206,0.0083,2025-12-31
Axis Mutual Fund,AXISDEF,Axis Balanced Advantage Fund,Pidilite Industries Limited,Other,INE318A01026,213926.0,3171.239,0.0083,2025-12-31
Axis Mutual Fund,AXISDEF,Axis Balanced Advantage Fund,TVS Motor Company Limited,Other,INE494B01023,83614.0,3110.2736,0.0081,2025-12-31
Axis Mutual Fund,AXISDEF,Axis Balanced Advantage Fund,Britannia Industries Limited,Other,INE216A01030,49581.0,2990.2301,0.0078,2025-12-31
Axis Mutual Fund,AXISDEF,Axis Balanced Advantage Fund,Hindustan Unilever Limited,Other,INE030A01027,127200.0,2945.8248,0.0077,2025-12-31
Axis Mutual Fund,AXISDEF,Axis Balanced Advantage Fund,Indus Infra Trust,Other,INE0NHL23019,2495138.0,2913.3231,0.0076,2025-12-31
Axis Mutual Fund,AXISDEF,Axis Balanced Advantage Fund,Apollo Hospitals Enterprise Limited,Other,INE437A01024,40934.0,2882.777,0.0076,2025-12-31
Axis Mutual Fund,AXISDEF,Axis Balanced Advantage Fund,Doms Industries Limited,Other,INE321T01012,109568.0,2865.6415,0.0075,2025-12-31
Axis Mutual Fund,AXISDEF,Axis Balanced Advantage Fund,HDFC Life Insurance Company Limited,Other,INE795G01014,355914.0,2668.8211,0.007,2025-12-31
Axis Mutual Fund,AXISDEF,Axis Balanced Advantage Fund,Tata Steel Limited,Other,INE081A01020,1470248.0,2647.6226,0.0069,2025-12-31
Axis Mutual Fund,AXISDEF,Axis Balanced Advantage Fund,Cummins India Limited,Other,INE298A01020,59412.0,2634.5657,0.0069,2025-12-31
Axis Mutual Fund,AXISDEF,Axis Balanced Advantage Fund,Hindalco Industries Limited,Other,INE038A01020,296870.0,2632.3463,0.0069,2025-12-31
Axis Mutual Fund,AXISDEF,Axis Balanced Advantage Fund,The Phoenix Mills Limited,Other,INE211B01039,136352.0,2527.2843,0.0066,2025-12-31
Axis Mutual Fund,AXISDEF,Axis Balanced Advantage Fund,Tech Mahindra Limited,Other,INE669C01036,154060.0,2450.9405,0.0064,2025-12-31
Axis Mutual Fund,AXISDEF,Axis Balanced Advantage Fund,Bharat Electronics Limited,Other,INE263A01024,612192.0,2446.3192,0.0064,2025-12-31
Axis Mutual Fund,AXISDEF,Axis Balanced Advantage Fund,Hindustan Aeronautics Limited,Other,INE066F01020,55110.0,2418.6126,0.0063,2025-12-31
Axis Mutual Fund,AXISDEF,Axis Balanced Advantage Fund,Tata Power Company Limited,Other,INE245A01021,609638.0,2314.1858,0.0061,2025-12-31
Axis Mutual Fund,AXISDEF,Axis Balanced Advantage Fund,InterGlobe Aviation Limited,Other,INE646L01027,45077.0,2280.6708,0.006,2025-12-31
Axis Mutual Fund,AXISDEF,Axis Balanced Advantage Fund,Bharat Petroleum Corporation Limited,Other,INE029A01011,588204.0,2258.7034,0.0059,2025-12-31
Axis Mutual Fund,AXISDEF,Axis Balanced Advantage Fund,Divi's Laboratories Limited,Other,INE361B01024,34004.0,2173.7057,0.0057,2025-12-31
Axis Mutual Fund,AXISDEF,Axis Balanced Advantage Fund,Coforge Limited,Other,INE591G01025,130500.0,2170.215,0.0057,2025-12-31
Axis Mutual Fund,AXISDEF,Axis Balanced Advantage Fund,Cholamandalam Investment and Finance Company Ltd (CCD),Other,INE121A08PJ0,1800.0,2141.9722,0.0056,2025-12-31
Axis Mutual Fund,AXISDEF,Axis Balanced Advantage Fund,United Spirits Limited,Other,INE854D01024,143962.0,2078.3794,0.0054,2025-12-31
Axis Mutual Fund,AXISDEF,Axis Balanced Advantage Fund,HCL Technologies Limited,Other,INE860A01027,126838.0,2058.9613,0.0054,2025-12-31
Axis Mutual Fund,AXISDEF,Axis Balanced Advantage Fund,Tata Motors Ltd,Other,INE1TAE01010,492702.0,2047.1768,0.0054,2025-12-31
Axis Mutual Fund,AXISDEF,Axis Balanced Advantage Fund,LG Electronics India Ltd,Other,INE324D01010,134160.0,2041.1102,0.0053,2025-12-31
Axis Mutual Fund,AXISDEF,Axis Balanced Advantage Fund,Vijaya Diagnostic Centre Limited,Other,INE043W01024,189557.0,2011.1998,0.0053,2025-12-31
Axis Mutual Fund,AXISDEF,Axis Balanced Advantage Fund,Varun Beverages Limited,Other,INE200M01039,398581.0,1952.449,0.0051,2025-12-31
Axis Mutual Fund,AXISDEF,Axis Balanced Advantage Fund,Mankind Pharma Limited,Other,INE634S01028,86275.0,1895.0304,0.005,2025-12-31
Axis Mutual Fund,AXISDEF,Axis Balanced Advantage Fund,Premier Energies Limited,Other,INE0BS701011,214563.0,1806.9423,0.0047,2025-12-31
Axis Mutual Fund,AXISDEF,Axis Balanced Advantage Fund,CG Power and Industrial Solutions Limited,Other,INE067A01029,260405.0,1687.164,0.0044,2025-12-31
Axis Mutual Fund,AXISDEF,Axis Balanced Advantage Fund,REC Limited,Other,INE020B01018,469860.0,1676.4605,0.0044,2025-12-31
Axis Mutual Fund,AXISDEF,Axis Balanced Advantage Fund,PNB Housing Finance Limited,Other,INE572E01012,168818.0,1606.3033,0.0042,2025-12-31
Axis Mutual Fund,AXISDEF,Axis Balanced Advantage Fund,Grasim Industries Limited,Other,INE047A01021,55570.0,1572.0753,0.0041,2025-12-31
Axis Mutual Fund,AXISDEF,Axis Balanced Advantage Fund,Torrent Pharmaceuticals Limited,Other,INE685A01028,39919.0,1536.8815,0.004,2025-12-31
Axis Mutual Fund,AXISDEF,Axis Balanced Advantage Fund,Bajaj Auto Limited,Other,INE917I01010,15460.0,1444.4278,0.0038,2025-12-31
Axis Mutual Fund,AXISDEF,Axis Balanced Advantage Fund,Asian Paints Limited,Other,INE021A01026,50502.0,1398.6529,0.0037,2025-12-31
Axis Mutual Fund,AXISDEF,Axis Balanced Advantage Fund,Avenue Supermarts Limited,Other,INE192R01011,36093.0,1365.1094,0.0036,2025-12-31
Axis Mutual Fund,AXISDEF,Axis Balanced Advantage Fund,Jyoti CNC Automation Ltd,Other,INE980O01024,132256.0,1308.4086,0.0034,2025-12-31
Axis Mutual Fund,AXISDEF,Axis Balanced Advantage Fund,PI Industries Limited,Other,INE603J01030,40229.0,1302.6955,0.0034,2025-12-31
Axis Mutual Fund,AXISDEF,Axis Balanced Advantage Fund,Knowledge Realty Trust,Other,INE1JAR25012,1066650.0,1301.4197,0.0034,2025-12-31
Axis Mutual Fund,AXISDEF,Axis Balanced Advantage Fund,Sona BLW Precision Forgings Limited,Other,INE073K01018,248953.0,1193.4807,0.0031,2025-12-31
Axis Mutual Fund,AXISDEF,Axis Balanced Advantage Fund,Indian Bank,Other,INE562A01011,142000.0,1188.895,0.0031,2025-12-31
Axis Mutual Fund,AXISDEF,Axis Balanced Advantage Fund,Oil & Natural Gas Corporation Limited,Other,INE213A01029,463768.0,1114.8055,0.0029,2025-12-31
Axis Mutual Fund,AXISDEF,Axis Balanced Advantage Fund,Tata Consumer Products Limited,Other,INE192A01025,91384.0,1089.2973,0.0029,2025-12-31
Axis Mutual Fund,AXISDEF,Axis Balanced Advantage Fund,PG Electroplast Limited,Other,INE457L01029,171703.0,987.8074,0.0026,2025-12-31
Axis Mutual Fund,AXISDEF,Axis Balanced Advantage Fund,UltraTech Cement Limited,Other,INE481G01011,8339.0,982.6678,0.0026,2025-12-31
Axis Mutual Fund,AXISDEF,Axis Balanced Advantage Fund,Kaynes Technology India Limited,Other,INE918Z01012,23493.0,942.7741,0.0025,2025-12-31
Axis Mutual Fund,AXISDEF,Axis Balanced Advantage Fund,The Federal Bank Limited,Other,INE171A01029,340865.0,910.4504,0.0024,2025-12-31
Axis Mutual Fund,AXISDEF,Axis Balanced Advantage Fund,Eicher Motors Limited,Other,INE066A01021,11400.0,833.625,0.0022,2025-12-31
Axis Mutual Fund,AXISDEF,Axis Balanced Advantage Fund,Max Healthcare Institute Limited,Other,INE027H01010,75316.0,787.1275,0.0021,2025-12-31
Axis Mutual Fund,AXISDEF,Axis Balanced Advantage Fund,Brigade Enterprises Limited,Other,INE791I01019,88348.0,781.8798,0.002,2025-12-31
Axis Mutual Fund,AXISDEF,Axis Balanced Advantage Fund,Tenneco Clean Air India Limited,Other,INE19RI01016,151145.0,767.6655,0.002,2025-12-31
Axis Mutual Fund,AXISDEF,Axis Balanced Advantage Fund,DLF Limited,Other,INE271C01023,110762.0,761.378,0.002,2025-12-31
Axis Mutual Fund,AXISDEF,Axis Balanced Advantage Fund,Power Grid Corporation of India Limited,Other,INE752E01010,269079.0,711.983,0.0019,2025-12-31
Axis Mutual Fund,AXISDEF,Axis Balanced Advantage Fund,Awfis Space Solutions Limited,Other,INE108V01019,142850.0,703.9648,0.0018,2025-12-31
Axis Mutual Fund,AXISDEF,Axis Balanced Advantage Fund,UNO Minda Limited,Other,INE405E01023,41250.0,530.3925,0.0014,2025-12-31
Axis Mutual Fund,AXISDEF,Axis Balanced Advantage Fund,Mphasis Limited,Other,INE356A01018,18683.0,521.4799,0.0014,2025-12-31
Axis Mutual Fund,AXISDEF,Axis Balanced Advantage Fund,Bharat Heavy Electricals Limited,Other,INE257A01026,168000.0,482.916,0.0013,2025-12-31
Axis Mutual Fund,AXISDEF,Axis Balanced Advantage Fund,Wework India Management Limited,Other,INE085001019,77970.0,471.4456,0.0012,2025-12-31
Axis Mutual Fund,AXISDEF,Axis Balanced Advantage Fund,Aditya Infotech Limited,Other,INE819V01029,30204.0,450.1302,0.0012,2025-12-31
Axis Mutual Fund,AXISDEF,Axis Balanced Advantage Fund,Info Edge (India) Limited,Other,INE663F01032,29405.0,392.1451,0.001,2025-12-31
Axis Mutual Fund,AXISDEF,Axis Balanced Advantage Fund,Dixon Technologies (India) Limited,Other,INE935N01020,2892.0,349.9898,0.0009,2025-12-31
Axis Mutual Fund,AXISDEF,Axis Balanced Advantage Fund,Tata Motors Passenger Vehicles Limited,Other,INE155A01022,77384.0,284.2701,0.0007,2025-12-31
Axis Mutual Fund,AXISDEF,Axis Balanced Advantage Fund,Titagarh Rail Systems Limited,Other,INE615H01020,30813.0,274.8366,0.0007,2025-12-31
Axis Mutual Fund,AXISDEF,Axis Balanced Advantage Fund,L&T Finance Limited,Other,INE498L01015,85500.0,270.1373,0.0007,2025-12-31
Axis Mutual Fund,AXISDEF,Axis Balanced Advantage Fund,IndusInd Bank Limited,Other,INE095A01012,29400.0,254.0748,0.0007,2025-12-31
Axis Mutual Fund,AXISDEF,Axis Balanced Advantage Fund,Lupin Limited,Other,INE326A01037,10200.0,215.169,0.0006,2025-12-31
Axis Mutual Fund,AXISDEF,Axis Balanced Advantage Fund,Bajaj Finserv Limited,Other,INE918I01026,9500.0,193.7905,0.0005,2025-12-31
Axis Mutual Fund,AXISDEF,Axis Balanced Advantage Fund,TBO Tek Limited,Other,INE673O01025,11497.0,191.1606,0.0005,2025-12-31
Axis Mutual Fund,AXISDEF,Axis Balanced Advantage Fund,Canara Bank,Other,INE476A01022,101250.0,156.8464,0.0004,2025-12-31
Axis Mutual Fund,AXISDEF,Axis Balanced Advantage Fund,Aditya Birla Capital Limited,Other,INE674K01013,40300.0,144.1531,0.0004,2025-12-31
Axis Mutual Fund,AXISDEF,Axis Balanced Advantage Fund,Bank of Baroda,Other,INE028A01039,46800.0,138.4812,0.0004,2025-12-31
Axis Mutual Fund,AXISDEF,Axis Balanced Advantage Fund,Laurus Labs Limited,Other,INE947Q01028,11900.0,131.852,0.0003,2025-12-31
Axis Mutual Fund,AXISDEF,Axis Balanced Advantage Fund,ICICI Prudential Life Insurance Company Limited,Other,INE726G01019,16650.0,111.2636,0.0003,2025-12-31
Axis Mutual Fund,AXISDEF,Axis Balanced Advantage Fund,Nestle India Limited,Other,INE239A01024,7900.0,101.752,0.0003,2025-12-31
Axis Mutual Fund,AXISDEF,Axis Balanced Advantage Fund,Indus Towers Limited,Other,INE121J01017,17000.0,71.1875,0.0002,2025-12-31
Axis Mutual Fund,AXISDEF,Axis Balanced Advantage Fund,Exide Industries Limited,Other,INE302A01020,14400.0,52.1568,0.0001,2025-12-31
Axis Mutual Fund,AXISDEF,Axis Balanced Advantage Fund,Kwality Walls (India) Limited,Other,INE2KCE01013,127200.0,51.1344,0.0001,2025-12-31
Axis Mutual Fund,AXISDEF,Axis Balanced Advantage Fund,Biocon Limited,Other,INE376G01013,12500.0,49.2375,0.0001,2025-12-31
Axis Mutual Fund,AXISDEF,Axis Balanced Advantage Fund,Ambuja Cements Limited,Other,INE079A01024,6641.0,36.9472,0.0001,2025-12-31
Axis Mutual Fund,AXISDEF,Axis Balanced Advantage Fund,Crompton Greaves Consumer Electricals Limited,Other,INE299U01018,9000.0,22.7025,0.0001,2025-12-31
Axis Mutual Fund,AXISDEF,Axis Balanced Advantage Fund,Glenmark Pharmaceuticals Limited,Other,INE935A01035,750.0,15.264,$0.00%,2025-12-31
Axis Mutual Fund,AXISDEF,Axis Balanced Advantage Fund,Coal India Limited,Other,INE522F01014,3702.0,14.771,$0.00%,2025-12-31
Axis Mutual Fund,AXISDEF,Axis Balanced Advantage Fund,Aurobindo Pharma Limited,Other,INE406A01037,1100.0,13.013,$0.00%,2025-12-31
Axis Mutual Fund,AXISDEF,Axis Balanced Advantage Fund,GMR Airports Limited,Other,INE776C01039,6975.0,7.2798,$0.00%,2025-12-31
Axis Mutual Fund,AXISDEF,Axis Balanced Advantage Fund,Cholamandalam Investment and Finance Company Ltd,Other,INE121A01024,197.0,3.3533,$0.00%,2025-12-31
Axis Mutual Fund,AXISDEF,Axis Balanced Advantage Fund,Vedant Fashions Limited,Other,INE825V01034,2.0,0.0116,$0.00%,2025-12-31
Axis Mutual Fund,AXISDEF,Axis Balanced Advantage Fund,7.18% Government of India (14/08/2033),Other,IN0020230085,7500000.0,7738.1625,0.0203,2025-12-31
Axis Mutual Fund,AXISDEF,Axis Balanced Advantage Fund,8.75% Shriram Finance Limited (28/04/2028) **,Other,INE721A07RL1,5000.0,5115.46,0.0134,2025-12-31
Axis Mutual Fund,AXISDEF,Axis Balanced Advantage Fund,8.4% Muthoot Finance Limited (28/08/2028) **,Other,INE414G07II5,5000.0,5069.51,0.0133,2025-12-31
Axis Mutual Fund,AXISDEF,Axis Balanced Advantage Fund,6.79% Government of India (07/10/2034),Other,IN0020240126,5000000.0,5044.815,0.0132,2025-12-31
Axis Mutual Fund,AXISDEF,Axis Balanced Advantage Fund,8.52% Muthoot Finance Limited (07/04/2028) **,Other,INE414G07JN3,4200.0,4260.543,0.0112,2025-12-31
Axis Mutual Fund,AXISDEF,Axis Balanced Advantage Fund,6.48% Government of India (06/10/2035),Other,IN0020250091,4000000.0,3965.436,0.0104,2025-12-31
Axis Mutual Fund,AXISDEF,Axis Balanced Advantage Fund,7.25% Embassy Office Parks REIT (24/07/2035),Other,INE041007191,3000.0,3015.876,0.0079,2025-12-31
Axis Mutual Fund,AXISDEF,Axis Balanced Advantage Fund,9.15% Shriram Finance Limited (19/01/2029),Other,INE721A07RY4,2500.0,2599.175,0.0068,2025-12-31
Axis Mutual Fund,AXISDEF,Axis Balanced Advantage Fund,8.75% Bharti Telecom Limited (05/11/2029) **,Other,INE403D08264,2500.0,2592.615,0.0068,2025-12-31
Axis Mutual Fund,AXISDEF,Axis Balanced Advantage Fund,7.69% REC Limited (31/03/2033) **,Other,INE020B08EG2,2500.0,2561.89,0.0067,2025-12-31
Axis Mutual Fund,AXISDEF,Axis Balanced Advantage Fund,8.65% Bharti Telecom Limited (05/11/2027) **,Other,INE403D08231,2500.0,2547.26,0.0067,2025-12-31
Axis Mutual Fund,AXISDEF,Axis Balanced Advantage Fund,7.44% Power Finance Corporation Limited (15/01/2030) **,Other,INE134E08NO0,2500.0,2537.23,0.0066,2025-12-31
Axis Mutual Fund,AXISDEF,Axis Balanced Advantage Fund,7.47% Small Industries Dev Bank of India (05/09/2029) **,Other,INE556F08KR0,2500.0,2535.195,0.0066,2025-12-31
Axis Mutual Fund,AXISDEF,Axis Balanced Advantage Fund,7.60% Bajaj Finance Limited (11/02/2030) **,Other,INE296A07RD1,250.0,2522.5675,0.0066,2025-12-31
Axis Mutual Fund,AXISDEF,Axis Balanced Advantage Fund,8.58% GMR Hyderabad International Airport Limited (28/03/2034) **,Other,INE802J07035,2500.0,2522.2425,0.0066,2025-12-31
Axis Mutual Fund,AXISDEF,Axis Balanced Advantage Fund,7.54% Bihar State Development Loans (03/09/2033),Other,IN1320250088,2500000.0,2511.8225,0.0066,2025-12-31
Axis Mutual Fund,AXISDEF,Axis Balanced Advantage Fund,7.123% Tata Capital Housing Finance Limited (21/07/2027) **,Other,INE033L07IO1,2500.0,2500.9175,0.0066,2025-12-31
Axis Mutual Fund,AXISDEF,Axis Balanced Advantage Fund,7.60% Poonawalla Fincorp Limited (28/05/2027) **,Other,INE511C07870,2500.0,2499.03,0.0065,2025-12-31
Axis Mutual Fund,AXISDEF,Axis Balanced Advantage Fund,6.87% REC Limited (31/05/2030) **,Other,INE020B08FU0,2500.0,2485.7525,0.0065,2025-12-31
Axis Mutual Fund,AXISDEF,Axis Balanced Advantage Fund,7.70% Bajaj Finance Limited (07/06/2027) **,Other,INE296A07RZ4,215.0,2165.0113,0.0057,2025-12-31
Axis Mutual Fund,AXISDEF,Axis Balanced Advantage Fund,7.81% Uttar Pradesh State Development Loans (19/10/2034),Other,IN3320220046,2000000.0,2057.694,0.0054,2025-12-31
Axis Mutual Fund,AXISDEF,Axis Balanced Advantage Fund,7.1% Government of India (08/04/2034),Other,IN0020240019,2000000.0,2057.232,0.0054,2025-12-31
Axis Mutual Fund,AXISDEF,Axis Balanced Advantage Fund,7.22% Maharashtra State Development Loans (26/10/2026),Other,IN2220160096,1500000.0,1517.013,0.004,2025-12-31
Axis Mutual Fund,AXISDEF,Axis Balanced Advantage Fund,8.10% Godrej Industries Limited (22/05/2028) **,Other,INE233A08154,1500.0,1514.289,0.004,2025-12-31
Axis Mutual Fund,AXISDEF,Axis Balanced Advantage Fund,8.75% Shriram Finance Limited (05/10/2026) **,Other,INE721A07RQ0,1500.0,1513.56,0.004,2025-12-31
Axis Mutual Fund,AXISDEF,Axis Balanced Advantage Fund,7.19% JIO Credit Limited (15/03/2028) **,Other,INE282H07018,1500.0,1498.2465,0.0039,2025-12-31
Axis Mutual Fund,AXISDEF,Axis Balanced Advantage Fund,7.02% Bajaj Housing Finance Limited (26/05/2028) **,Other,INE377Y07565,1500.0,1497.3735,0.0039,2025-12-31
Axis Mutual Fund,AXISDEF,Axis Balanced Advantage Fund,6.81% REC Limited (30/04/2036) **,Other,INE020B08FV8,1500.0,1448.346,0.0038,2025-12-31
Axis Mutual Fund,AXISDEF,Axis Balanced Advantage Fund,8.55% Shriram Finance Limited (28/04/2028) **,Other,INE721A07SP0,1000.0,1022.789,0.0027,2025-12-31
Axis Mutual Fund,AXISDEF,Axis Balanced Advantage Fund,8.4% Narayana Hrudayalaya Limited (15/02/2030) **,Other,INE410P08024,1000.0,1012.673,0.0027,2025-12-31
Axis Mutual Fund,AXISDEF,Axis Balanced Advantage Fund,8.65% TVS Holdings Limited (07/06/2029) **,Other,INE105A08022,1000.0,1008.115,0.0026,2025-12-31
Axis Mutual Fund,AXISDEF,Axis Balanced Advantage Fund,6.83% HDFC Bank Limited (08/01/2031) **,Other,INE040A08864,100.0,984.007,0.0026,2025-12-31
Axis Mutual Fund,AXISDEF,Axis Balanced Advantage Fund,7.34% Government of India (22/04/2064),Other,IN0020240035,559500.0,557.817,0.0015,2025-12-31
Axis Mutual Fund,AXISDEF,Axis Balanced Advantage Fund,8.3439% HDB Financial Services Limited (05/07/2027) **,Other,INE756I07EZ8,500.0,507.821,0.0013,2025-12-31
Axis Mutual Fund,AXISDEF,Axis Balanced Advantage Fund,8.03% Tata Steel Limited (25/02/2028) **,Other,INE081A08330,500.0,507.747,0.0013,2025-12-31
Axis Mutual Fund,AXISDEF,Axis Balanced Advantage Fund,7.90% Mahindra & Mahindra Financial Services Limited (30/08/2027) **,Other,INE774D07UM6,50.0,505.0315,0.0013,2025-12-31
Axis Mutual Fund,AXISDEF,Axis Balanced Advantage Fund,7.9% HDFC Bank Limited (24/08/2026) **,Other,INE040A08484,5.0,502.2365,0.0013,2025-12-31
Axis Mutual Fund,AXISDEF,Axis Balanced Advantage Fund,7.64% REC Limited (30/06/2026) **,Other,INE020B08EM0,500.0,501.9975,0.0013,2025-12-31
Axis Mutual Fund,AXISDEF,Axis Balanced Advantage Fund,6.39% Andhra Pradesh State Development Loans (20/05/2026),Other,IN1020200136,500000.0,501.4655,0.0013,2025-12-31
Axis Mutual Fund,AXISDEF,Axis Balanced Advantage Fund,8.50% Aadhar Housing Finance Limited (26/05/2026) **,Other,INE883F07306,500.0,501.3,0.0013,2025-12-31
Axis Mutual Fund,AXISDEF,Axis Balanced Advantage Fund,8.15% Godrej Properties Limited (03/07/2026),Other,INE484J08048,500.0,500.96,0.0013,2025-12-31
Axis Mutual Fund,AXISDEF,Axis Balanced Advantage Fund,7.80% Mahanagar Telephone Nigam Limited (07/11/2033) **,Other,INE153A08170,500.0,500.0335,0.0013,2025-12-31
Axis Mutual Fund,AXISDEF,Axis Balanced Advantage Fund,7.4% Power Finance Corporation Limited (08/05/2030) **,Other,INE134E08KQ1,20.0,202.7344,0.0005,2025-12-31
Axis Mutual Fund,AXISDEF,Axis Balanced Advantage Fund,6.24% Maharashtra State Development Loans (11/08/2026),Other,IN2220210214,200000.0,200.6156,0.0005,2025-12-31
Axis Mutual Fund,AXISDEF,Axis Balanced Advantage Fund,7.98% Bajaj Housing Finance Limited (09/09/2026) **,Other,INE377Y07490,150.0,150.9849,0.0004,2025-12-31
Axis Mutual Fund,AXISDEF,Axis Balanced Advantage Fund,7.39% Indian Railway Finance Corporation Limited (15/07/2034) **,Other,INE053F08403,100.0,101.469,0.0003,2025-12-31
Axis Mutual Fund,AXISDEF,Axis Balanced Advantage Fund,6.73% Kerala State Development Loans (10/06/2028),Other,IN2020200134,100000.0,100.851,0.0003,2025-12-31
Axis Mutual Fund,AXISDEF,Axis Balanced Advantage Fund,7.42% Tamilnadu State Development Loans (03/04/2034),Other,IN3120240012,100000.0,100.5983,0.0003,2025-12-31
Axis Mutual Fund,AXISDEF,Axis Balanced Advantage Fund,7.72% Maharashtra State Development Loans (25/05/2034),Other,IN2220220072,50000.0,51.2348,0.0001,2025-12-31
Axis Mutual Fund,AXISDEF,Axis Balanced Advantage Fund,6% TVS Motor Co Non Conv Rede Pref Shares 01SEP26 **,Other,INE494B04019,83064.0,8.4609,$0.00%,2025-12-31
Axis Mutual Fund,AXISDEF,Axis Balanced Advantage Fund,91 Days Tbill (MD 12/03/2026),Other,IN002025X372,3500000.0,3465.5005,0.0091,2025-12-31
Axis Mutual Fund,AXISDEF,Axis Balanced Advantage Fund,182 Days Tbill (MD 22/01/2026),Other,IN002025Y172,2000000.0,1993.978,0.0052,2025-12-31
Axis Mutual Fund,AXISDEF,Axis Balanced Advantage Fund,91 Days Tbill (MD 29/01/2026),Other,IN002025X315,2000000.0,1991.984,0.0052,2025-12-31
Axis Mutual Fund,AXISDEF,Axis Balanced Advantage Fund,364 Days Tbill (MD 12/02/2026),Other,IN002024Z446,1000000.0,993.939,0.0026,2025-12-31
Axis Mutual Fund,AXISEAF,Axis Arbitrage Fund,HDFC Bank Limited,Other,INE040A01034,3040400.0,30136.4448,0.0359,2025-12-31
Axis Mutual Fund,AXISEAF,Axis Arbitrage Fund,Reliance Industries Limited,Other,INE002A01018,1487500.0,23359.7,0.0278,2025-12-31
Axis Mutual Fund,AXISEAF,Axis Arbitrage Fund,Vodafone Idea Limited,Other,INE669E01016,202631625.0,21803.1629,0.026,2025-12-31
Axis Mutual Fund,AXISEAF,Axis Arbitrage Fund,Eternal Limited,Other,INE758T01015,7541750.0,20969.8359,0.025,2025-12-31
Axis Mutual Fund,AXISEAF,Axis Arbitrage Fund,ICICI Bank Limited,Other,INE090A01021,1388800.0,18650.1952,0.0222,2025-12-31
Axis Mutual Fund,AXISEAF,Axis Arbitrage Fund,State Bank of India,Other,INE062A01020,1784250.0,17524.9035,0.0209,2025-12-31
Axis Mutual Fund,AXISEAF,Axis Arbitrage Fund,UltraTech Cement Limited,Other,INE481G01011,130100.0,15330.984,0.0183,2025-12-31
Axis Mutual Fund,AXISEAF,Axis Arbitrage Fund,IDFC First Bank Limited,Other,INE092T01019,16963975.0,14522.859,0.0173,2025-12-31
Axis Mutual Fund,AXISEAF,Axis Arbitrage Fund,Kotak Mahindra Bank Limited,Other,INE237A01028,616400.0,13567.5804,0.0162,2025-12-31
Axis Mutual Fund,AXISEAF,Axis Arbitrage Fund,RBL Bank Limited,Other,INE976G01028,3860800.0,12192.4064,0.0145,2025-12-31
Axis Mutual Fund,AXISEAF,Axis Arbitrage Fund,Aditya Birla Capital Limited,Other,INE674K01013,3379000.0,12086.683,0.0144,2025-12-31
Axis Mutual Fund,AXISEAF,Axis Arbitrage Fund,Punjab National Bank,Other,INE160A01022,8184000.0,10113.7872,0.012,2025-12-31
Axis Mutual Fund,AXISEAF,Axis Arbitrage Fund,Bajaj Finance Limited,Other,INE296A01032,1022250.0,10087.563,0.012,2025-12-31
Axis Mutual Fund,AXISEAF,Axis Arbitrage Fund,Tata Consultancy Services Limited,Other,INE467B01029,313775.0,10060.2541,0.012,2025-12-31
Axis Mutual Fund,AXISEAF,Axis Arbitrage Fund,Container Corporation of India Limited,Other,INE111A01025,1863750.0,9783.7556,0.0116,2025-12-31
Axis Mutual Fund,AXISEAF,Axis Arbitrage Fund,Maruti Suzuki India Limited,Other,INE585B01010,58100.0,9700.957,0.0115,2025-12-31
Axis Mutual Fund,AXISEAF,Axis Arbitrage Fund,Bank of Baroda,Other,INE028A01039,3197025.0,9459.997,0.0113,2025-12-31
Axis Mutual Fund,AXISEAF,Axis Arbitrage Fund,Titan Company Limited,Other,INE280A01028,232925.0,9436.9564,0.0112,2025-12-31
Axis Mutual Fund,AXISEAF,Axis Arbitrage Fund,Bharti Airtel Limited,Other,INE397D01024,441275.0,9291.4864,0.0111,2025-12-31
Axis Mutual Fund,AXISEAF,Axis Arbitrage Fund,Mahindra & Mahindra Limited,Other,INE101A01026,248200.0,9206.2344,0.011,2025-12-31
Axis Mutual Fund,AXISEAF,Axis Arbitrage Fund,Godrej Properties Limited,Other,INE484J01027,457325.0,9166.6223,0.0109,2025-12-31
Axis Mutual Fund,AXISEAF,Axis Arbitrage Fund,Grasim Industries Limited,Other,INE047A01021,304750.0,8621.3775,0.0103,2025-12-31
Axis Mutual Fund,AXISEAF,Axis Arbitrage Fund,Indus Towers Limited,Other,INE121J01017,2021300.0,8464.1938,0.0101,2025-12-31
Axis Mutual Fund,AXISEAF,Axis Arbitrage Fund,Multi Commodity Exchange of India Limited,Other,INE745G01035,73125.0,8143.2,0.0097,2025-12-31
Axis Mutual Fund,AXISEAF,Axis Arbitrage Fund,GMR Airports Limited,Other,INE776C01039,7595775.0,7927.7104,0.0094,2025-12-31
Axis Mutual Fund,AXISEAF,Axis Arbitrage Fund,Shriram Finance Limited,Other,INE721A01047,775500.0,7725.531,0.0092,2025-12-31
Axis Mutual Fund,AXISEAF,Axis Arbitrage Fund,DLF Limited,Other,INE271C01023,1111275.0,7638.9044,0.0091,2025-12-31
Axis Mutual Fund,AXISEAF,Axis Arbitrage Fund,Tata Steel Limited,Other,INE081A01020,4136000.0,7448.1088,0.0089,2025-12-31
Axis Mutual Fund,AXISEAF,Axis Arbitrage Fund,PNB Housing Finance Limited,Other,INE572E01012,771550.0,7341.2983,0.0087,2025-12-31
Axis Mutual Fund,AXISEAF,Axis Arbitrage Fund,Marico Limited,Other,INE196A01026,966000.0,7250.796,0.0086,2025-12-31
Axis Mutual Fund,AXISEAF,Axis Arbitrage Fund,IndusInd Bank Limited,Other,INE095A01012,818300.0,7071.7486,0.0084,2025-12-31
Axis Mutual Fund,AXISEAF,Axis Arbitrage Fund,Sona BLW Precision Forgings Limited,Other,INE073K01018,1411200.0,6765.2928,0.0081,2025-12-31
Axis Mutual Fund,AXISEAF,Axis Arbitrage Fund,Hindalco Industries Limited,Other,INE038A01020,748300.0,6635.1761,0.0079,2025-12-31
Axis Mutual Fund,AXISEAF,Axis Arbitrage Fund,Tata Power Company Limited,Other,INE245A01021,1711000.0,6494.956,0.0077,2025-12-31
Axis Mutual Fund,AXISEAF,Axis Arbitrage Fund,JSW Steel Limited,Other,INE019A01038,556875.0,6486.48,0.0077,2025-12-31
Axis Mutual Fund,AXISEAF,Axis Arbitrage Fund,Kalyan Jewellers India Limited,Other,INE303R01014,1266650.0,6147.6858,0.0073,2025-12-31
Axis Mutual Fund,AXISEAF,Axis Arbitrage Fund,Aurobindo Pharma Limited,Other,INE406A01037,515900.0,6103.097,0.0073,2025-12-31
Axis Mutual Fund,AXISEAF,Axis Arbitrage Fund,Trent Limited,Other,INE849A01020,139200.0,5956.368,0.0071,2025-12-31
Axis Mutual Fund,AXISEAF,Axis Arbitrage Fund,Bharat Electronics Limited,Other,INE263A01024,1480575.0,5916.3777,0.007,2025-12-31
Axis Mutual Fund,AXISEAF,Axis Arbitrage Fund,ITC Limited,Other,INE154A01025,1420800.0,5725.824,0.0068,2025-12-31
Axis Mutual Fund,AXISEAF,Axis Arbitrage Fund,Dixon Technologies (India) Limited,Other,INE935N01020,46500.0,5627.43,0.0067,2025-12-31
Axis Mutual Fund,AXISEAF,Axis Arbitrage Fund,Glenmark Pharmaceuticals Limited,Other,INE935A01035,275625.0,5609.52,0.0067,2025-12-31
Axis Mutual Fund,AXISEAF,Axis Arbitrage Fund,Pidilite Industries Limited,Other,INE318A01026,360500.0,5344.052,0.0064,2025-12-31
Axis Mutual Fund,AXISEAF,Axis Arbitrage Fund,TVS Motor Company Limited,Other,INE494B01023,141225.0,5253.2876,0.0063,2025-12-31
Axis Mutual Fund,AXISEAF,Axis Arbitrage Fund,UPL Limited,Other,INE628A01036,650400.0,5171.6556,0.0062,2025-12-31
Axis Mutual Fund,AXISEAF,Axis Arbitrage Fund,NMDC Limited,Other,INE584A01023,6210000.0,5164.857,0.0061,2025-12-31
Axis Mutual Fund,AXISEAF,Axis Arbitrage Fund,Jio Financial Services Limited,Other,INE758E01017,1717850.0,5066.7986,0.006,2025-12-31
Axis Mutual Fund,AXISEAF,Axis Arbitrage Fund,JSW Energy Limited,Other,INE121E01018,1024000.0,4940.288,0.0059,2025-12-31
Axis Mutual Fund,AXISEAF,Axis Arbitrage Fund,APL Apollo Tubes Limited,Other,INE702C01027,249900.0,4783.086,0.0057,2025-12-31
Axis Mutual Fund,AXISEAF,Axis Arbitrage Fund,REC Limited,Other,INE020B01018,1268400.0,4525.6512,0.0054,2025-12-31
Axis Mutual Fund,AXISEAF,Axis Arbitrage Fund,Larsen & Toubro Limited,Other,INE018A01030,107975.0,4409.1591,0.0052,2025-12-31
Axis Mutual Fund,AXISEAF,Axis Arbitrage Fund,Varun Beverages Limited,Other,INE200M01039,875250.0,4287.4121,0.0051,2025-12-31
Axis Mutual Fund,AXISEAF,Axis Arbitrage Fund,NBCC (India) Limited,Other,INE095N01031,3516500.0,4282.0421,0.0051,2025-12-31
Axis Mutual Fund,AXISEAF,Axis Arbitrage Fund,Vedanta Limited,Other,INE205A01025,661250.0,3996.595,0.0048,2025-12-31
Axis Mutual Fund,AXISEAF,Axis Arbitrage Fund,Divi's Laboratories Limited,Other,INE361B01024,62400.0,3988.92,0.0047,2025-12-31
Axis Mutual Fund,AXISEAF,Axis Arbitrage Fund,Apollo Hospitals Enterprise Limited,Other,INE437A01024,54875.0,3864.5719,0.0046,2025-12-31
Axis Mutual Fund,AXISEAF,Axis Arbitrage Fund,LIC Housing Finance Limited,Other,INE115A01026,638000.0,3442.329,0.0041,2025-12-31
Axis Mutual Fund,AXISEAF,Axis Arbitrage Fund,Max Healthcare Institute Limited,Other,INE027H01010,328650.0,3434.7212,0.0041,2025-12-31
Axis Mutual Fund,AXISEAF,Axis Arbitrage Fund,United Spirits Limited,Other,INE854D01024,233600.0,3372.4832,0.004,2025-12-31
Axis Mutual Fund,AXISEAF,Axis Arbitrage Fund,UNO Minda Limited,Other,INE405E01023,254650.0,3274.2897,0.0039,2025-12-31
Axis Mutual Fund,AXISEAF,Axis Arbitrage Fund,Polycab India Limited,Other,INE455K01017,42125.0,3209.5038,0.0038,2025-12-31
Axis Mutual Fund,AXISEAF,Axis Arbitrage Fund,Life Insurance Corporation Of India,Other,INE0J1Y01017,373800.0,3195.6162,0.0038,2025-12-31
Axis Mutual Fund,AXISEAF,Axis Arbitrage Fund,Britannia Industries Limited,Other,INE216A01030,51875.0,3128.5813,0.0037,2025-12-31
Axis Mutual Fund,AXISEAF,Axis Arbitrage Fund,Adani Energy Solutions Limited,Other,INE931S01010,302400.0,3106.7064,0.0037,2025-12-31
Axis Mutual Fund,AXISEAF,Axis Arbitrage Fund,Hero MotoCorp Limited,Other,INE158A01026,51750.0,2986.4925,0.0036,2025-12-31
Axis Mutual Fund,AXISEAF,Axis Arbitrage Fund,Lodha Developers Limited,Other,INE670K01029,277200.0,2941.9236,0.0035,2025-12-31
Axis Mutual Fund,AXISEAF,Axis Arbitrage Fund,Tech Mahindra Limited,Other,INE669C01036,183000.0,2911.347,0.0035,2025-12-31
Axis Mutual Fund,AXISEAF,Axis Arbitrage Fund,Bosch Limited,Other,INE323A01026,7975.0,2874.19,0.0034,2025-12-31
Axis Mutual Fund,AXISEAF,Axis Arbitrage Fund,Steel Authority of India Limited,Other,INE114A01011,1889400.0,2777.2291,0.0033,2025-12-31
Axis Mutual Fund,AXISEAF,Axis Arbitrage Fund,Samvardhana Motherson International Limited,Other,INE775A01035,2300100.0,2758.7399,0.0033,2025-12-31
Axis Mutual Fund,AXISEAF,Axis Arbitrage Fund,Crompton Greaves Consumer Electricals Limited,Other,INE299U01018,1087200.0,2742.462,0.0033,2025-12-31
Axis Mutual Fund,AXISEAF,Axis Arbitrage Fund,Kaynes Technology India Limited,Other,INE918Z01012,67300.0,2700.749,0.0032,2025-12-31
Axis Mutual Fund,AXISEAF,Axis Arbitrage Fund,Nestle India Limited,Other,INE239A01024,209000.0,2691.92,0.0032,2025-12-31
Axis Mutual Fund,AXISEAF,Axis Arbitrage Fund,Ambuja Cements Limited,Other,INE079A01024,479850.0,2669.6455,0.0032,2025-12-31
Axis Mutual Fund,AXISEAF,Axis Arbitrage Fund,IIFL Finance Limited,Other,INE530B01024,435600.0,2659.338,0.0032,2025-12-31
Axis Mutual Fund,AXISEAF,Axis Arbitrage Fund,Adani Green Energy Limited,Other,INE364U01010,259800.0,2637.2298,0.0031,2025-12-31
Axis Mutual Fund,AXISEAF,Axis Arbitrage Fund,Hindustan Zinc Limited,Other,INE267A01025,426300.0,2610.8744,0.0031,2025-12-31
Axis Mutual Fund,AXISEAF,Axis Arbitrage Fund,Adani Ports and Special Economic Zone Limited,Other,INE742F01042,176225.0,2590.1551,0.0031,2025-12-31
Axis Mutual Fund,AXISEAF,Axis Arbitrage Fund,Bandhan Bank Limited,Other,INE545U01014,1558800.0,2273.0422,0.0027,2025-12-31
Axis Mutual Fund,AXISEAF,Axis Arbitrage Fund,BSE Limited,Other,INE118H01025,84375.0,2220.9188,0.0026,2025-12-31
Axis Mutual Fund,AXISEAF,Axis Arbitrage Fund,Bharat Dynamics Limited,Other,INE171Z01026,149450.0,2191.6843,0.0026,2025-12-31
Axis Mutual Fund,AXISEAF,Axis Arbitrage Fund,Cholamandalam Investment and Finance Company Ltd,Other,INE121A01024,126875.0,2159.6663,0.0026,2025-12-31
Axis Mutual Fund,AXISEAF,Axis Arbitrage Fund,SRF Limited,Other,INE647A01010,70200.0,2158.65,0.0026,2025-12-31
Axis Mutual Fund,AXISEAF,Axis Arbitrage Fund,Bharti Airtel Limited,Other,IN9397D01014,124925.0,2112.5442,0.0025,2025-12-31
Axis Mutual Fund,AXISEAF,Axis Arbitrage Fund,Yes Bank Limited,Other,INE528G01035,9765400.0,2109.3264,0.0025,2025-12-31
Axis Mutual Fund,AXISEAF,Axis Arbitrage Fund,Alkem Laboratories Limited,Other,INE540L01014,37375.0,2058.0544,0.0024,2025-12-31
Axis Mutual Fund,AXISEAF,Axis Arbitrage Fund,Solar Industries India Limited,Other,INE343H01029,16450.0,2015.454,0.0024,2025-12-31
Axis Mutual Fund,AXISEAF,Axis Arbitrage Fund,Biocon Limited,Other,INE376G01013,510000.0,2008.89,0.0024,2025-12-31
Axis Mutual Fund,AXISEAF,Axis Arbitrage Fund,Tata Consumer Products Limited,Other,INE192A01025,165000.0,1966.8,0.0023,2025-12-31
Axis Mutual Fund,AXISEAF,Axis Arbitrage Fund,Exide Industries Limited,Other,INE302A01020,531000.0,1923.282,0.0023,2025-12-31
Axis Mutual Fund,AXISEAF,Axis Arbitrage Fund,Sun Pharmaceutical Industries Limited,Other,INE044A01036,108850.0,1871.8935,0.0022,2025-12-31
Axis Mutual Fund,AXISEAF,Axis Arbitrage Fund,Mphasis Limited,Other,INE356A01018,63525.0,1773.1098,0.0021,2025-12-31
Axis Mutual Fund,AXISEAF,Axis Arbitrage Fund,Laurus Labs Limited,Other,INE947Q01028,159800.0,1770.584,0.0021,2025-12-31
Axis Mutual Fund,AXISEAF,Axis Arbitrage Fund,PB Fintech Limited,Other,INE417T01026,96950.0,1769.9192,0.0021,2025-12-31
Axis Mutual Fund,AXISEAF,Axis Arbitrage Fund,The Indian Hotels Company Limited,Other,INE053A01029,236000.0,1743.686,0.0021,2025-12-31
Axis Mutual Fund,AXISEAF,Axis Arbitrage Fund,Patanjali Foods Limited,Other,INE619A01035,311400.0,1698.687,0.002,2025-12-31
Axis Mutual Fund,AXISEAF,Axis Arbitrage Fund,One 97 Communications Limited,Other,INE982J01020,127600.0,1657.3964,0.002,2025-12-31
Axis Mutual Fund,AXISEAF,Axis Arbitrage Fund,ICICI Prudential Life Insurance Company Limited,Other,INE726G01019,246975.0,1650.4104,0.002,2025-12-31
Axis Mutual Fund,AXISEAF,Axis Arbitrage Fund,Petronet LNG Limited,Other,INE347G01014,579500.0,1646.3595,0.002,2025-12-31
Axis Mutual Fund,AXISEAF,Axis Arbitrage Fund,Sammaan Capital Limited,Other,INE148I01020,1126600.0,1640.7802,0.002,2025-12-31
Axis Mutual Fund,AXISEAF,Axis Arbitrage Fund,Bajaj Finserv Limited,Other,INE918I01026,76500.0,1560.5235,0.0019,2025-12-31
Axis Mutual Fund,AXISEAF,Axis Arbitrage Fund,InterGlobe Aviation Limited,Other,INE646L01027,30750.0,1555.7963,0.0019,2025-12-31
Axis Mutual Fund,AXISEAF,Axis Arbitrage Fund,HDFC Asset Management Company Limited,Other,INE127D01025,57900.0,1547.2038,0.0018,2025-12-31
Axis Mutual Fund,AXISEAF,Axis Arbitrage Fund,Jindal Steel Limited,Other,INE749A01030,135625.0,1429.2163,0.0017,2025-12-31
Axis Mutual Fund,AXISEAF,Axis Arbitrage Fund,Bank of India,Other,INE084A01016,972400.0,1398.7974,0.0017,2025-12-31
Axis Mutual Fund,AXISEAF,Axis Arbitrage Fund,Prestige Estates Projects Limited,Other,INE811K01011,85950.0,1370.7306,0.0016,2025-12-31
Axis Mutual Fund,AXISEAF,Axis Arbitrage Fund,Max Financial Services Limited,Other,INE180A01020,81200.0,1357.5016,0.0016,2025-12-31
Axis Mutual Fund,AXISEAF,Axis Arbitrage Fund,Power Grid Corporation of India Limited,Other,INE752E01010,499700.0,1322.2062,0.0016,2025-12-31
Axis Mutual Fund,AXISEAF,Axis Arbitrage Fund,Hindustan Petroleum Corporation Limited,Other,INE094A01015,263250.0,1313.7491,0.0016,2025-12-31
Axis Mutual Fund,AXISEAF,Axis Arbitrage Fund,Hindustan Aeronautics Limited,Other,INE066F01020,29850.0,1310.027,0.0016,2025-12-31
Axis Mutual Fund,AXISEAF,Axis Arbitrage Fund,Persistent Systems Limited,Other,INE262H01021,19700.0,1235.584,0.0015,2025-12-31
Axis Mutual Fund,AXISEAF,Axis Arbitrage Fund,Indian Energy Exchange Limited,Other,INE022Q01020,911250.0,1223.0798,0.0015,2025-12-31
Axis Mutual Fund,AXISEAF,Axis Arbitrage Fund,Godrej Consumer Products Limited,Other,INE102D01028,99500.0,1216.089,0.0014,2025-12-31
Axis Mutual Fund,AXISEAF,Axis Arbitrage Fund,Inox Wind Limited,Other,INE066P01011,983125.0,1214.4543,0.0014,2025-12-31
Axis Mutual Fund,AXISEAF,Axis Arbitrage Fund,Syngene International Limited,Other,INE398R01022,186000.0,1210.86,0.0014,2025-12-31
Axis Mutual Fund,AXISEAF,Axis Arbitrage Fund,Mazagon Dock Shipbuilders Limited,Other,INE249Z01020,47400.0,1180.3548,0.0014,2025-12-31
Axis Mutual Fund,AXISEAF,Axis Arbitrage Fund,AU Small Finance Bank Limited,Other,INE949L01017,110000.0,1093.95,0.0013,2025-12-31
Axis Mutual Fund,AXISEAF,Axis Arbitrage Fund,Oracle Financial Services Software Limited,Other,INE881D01027,14025.0,1078.1018,0.0013,2025-12-31
Axis Mutual Fund,AXISEAF,Axis Arbitrage Fund,Canara Bank,Other,INE476A01022,654750.0,1014.2732,0.0012,2025-12-31
Axis Mutual Fund,AXISEAF,Axis Arbitrage Fund,Fortis Healthcare Limited,Other,INE061F01013,101525.0,897.481,0.0011,2025-12-31
Axis Mutual Fund,AXISEAF,Axis Arbitrage Fund,Cummins India Limited,Other,INE298A01020,19000.0,842.536,0.001,2025-12-31
Axis Mutual Fund,AXISEAF,Axis Arbitrage Fund,Indian Oil Corporation Limited,Other,INE242A01010,458250.0,762.803,0.0009,2025-12-31
Axis Mutual Fund,AXISEAF,Axis Arbitrage Fund,NTPC Limited,Other,INE733E01010,225000.0,741.4875,0.0009,2025-12-31
Axis Mutual Fund,AXISEAF,Axis Arbitrage Fund,The Phoenix Mills Limited,Other,INE211B01039,38500.0,713.5975,0.0008,2025-12-31
Axis Mutual Fund,AXISEAF,Axis Arbitrage Fund,Muthoot Finance Limited,Other,INE414G01012,18425.0,702.3057,0.0008,2025-12-31
Axis Mutual Fund,AXISEAF,Axis Arbitrage Fund,Power Finance Corporation Limited,Other,INE134E01011,188500.0,669.929,0.0008,2025-12-31
Axis Mutual Fund,AXISEAF,Axis Arbitrage Fund,SBI Life Insurance Company Limited,Other,INE123W01016,31500.0,640.9935,0.0008,2025-12-31
Axis Mutual Fund,AXISEAF,Axis Arbitrage Fund,L&T Finance Limited,Other,INE498L01015,202500.0,639.7988,0.0008,2025-12-31
Axis Mutual Fund,AXISEAF,Axis Arbitrage Fund,Bharat Forge Limited,Other,INE465A01025,40500.0,595.512,0.0007,2025-12-31
Axis Mutual Fund,AXISEAF,Axis Arbitrage Fund,Delhivery Limited,Other,INE148O01028,145250.0,586.5921,0.0007,2025-12-31
Axis Mutual Fund,AXISEAF,Axis Arbitrage Fund,Tata Motors Passenger Vehicles Limited,Other,INE155A01022,151200.0,555.4332,0.0007,2025-12-31
Axis Mutual Fund,AXISEAF,Axis Arbitrage Fund,Cipla Limited,Other,INE059A01026,36750.0,555.4028,0.0007,2025-12-31
Axis Mutual Fund,AXISEAF,Axis Arbitrage Fund,Infosys Limited,Other,INE009A01021,33600.0,542.7744,0.0006,2025-12-31
Axis Mutual Fund,AXISEAF,Axis Arbitrage Fund,National Aluminium Company Limited,Other,INE139A01034,165000.0,518.595,0.0006,2025-12-31
Axis Mutual Fund,AXISEAF,Axis Arbitrage Fund,Eicher Motors Limited,Other,INE066A01021,6900.0,504.5625,0.0006,2025-12-31
Axis Mutual Fund,AXISEAF,Axis Arbitrage Fund,Tube Investments of India Limited,Other,INE974X01010,19200.0,501.9072,0.0006,2025-12-31
Axis Mutual Fund,AXISEAF,Axis Arbitrage Fund,Suzlon Energy Limited,Other,INE040H01021,902500.0,475.3468,0.0006,2025-12-31
Axis Mutual Fund,AXISEAF,Axis Arbitrage Fund,Housing & Urban Development Corporation Limited,Other,INE031A01017,194250.0,443.1425,0.0005,2025-12-31
Axis Mutual Fund,AXISEAF,Axis Arbitrage Fund,Bharat Heavy Electricals Limited,Other,INE257A01026,152250.0,437.6426,0.0005,2025-12-31
Axis Mutual Fund,AXISEAF,Axis Arbitrage Fund,Zydus Lifesciences Limited,Other,INE010B01027,47700.0,436.145,0.0005,2025-12-31
Axis Mutual Fund,AXISEAF,Axis Arbitrage Fund,Hindustan Unilever Limited,Other,INE030A01027,17700.0,409.9143,0.0005,2025-12-31
Axis Mutual Fund,AXISEAF,Axis Arbitrage Fund,Dalmia Bharat Limited,Other,INE00R701025,17225.0,367.0475,0.0004,2025-12-31
Axis Mutual Fund,AXISEAF,Axis Arbitrage Fund,Siemens Limited,Other,INE003A01024,10850.0,332.3681,0.0004,2025-12-31
Axis Mutual Fund,AXISEAF,Axis Arbitrage Fund,Torrent Power Limited,Other,INE813H01021,24650.0,322.1016,0.0004,2025-12-31
Axis Mutual Fund,AXISEAF,Axis Arbitrage Fund,KEI Industries Limited,Other,INE878B01027,7000.0,312.214,0.0004,2025-12-31
Axis Mutual Fund,AXISEAF,Axis Arbitrage Fund,Mankind Pharma Limited,Other,INE634S01028,13950.0,306.4118,0.0004,2025-12-31
Axis Mutual Fund,AXISEAF,Axis Arbitrage Fund,Union Bank of India,Other,INE692A01016,199125.0,306.1746,0.0004,2025-12-31
Axis Mutual Fund,AXISEAF,Axis Arbitrage Fund,Havells India Limited,Other,INE176B01034,21000.0,299.229,0.0004,2025-12-31
Axis Mutual Fund,AXISEAF,Axis Arbitrage Fund,Oil & Natural Gas Corporation Limited,Other,INE213A01029,112500.0,270.4275,0.0003,2025-12-31
Axis Mutual Fund,AXISEAF,Axis Arbitrage Fund,Bajaj Auto Limited,Other,INE917I01010,2625.0,245.2538,0.0003,2025-12-31
Axis Mutual Fund,AXISEAF,Axis Arbitrage Fund,HDFC Life Insurance Company Limited,Other,INE795G01014,31900.0,239.2022,0.0003,2025-12-31
Axis Mutual Fund,AXISEAF,Axis Arbitrage Fund,Coforge Limited,Other,INE591G01025,14250.0,236.9775,0.0003,2025-12-31
Axis Mutual Fund,AXISEAF,Axis Arbitrage Fund,Info Edge (India) Limited,Other,INE663F01032,17250.0,230.046,0.0003,2025-12-31
Axis Mutual Fund,AXISEAF,Axis Arbitrage Fund,Central Depository Services (India) Limited,Other,INE736A01011,11400.0,164.5704,0.0002,2025-12-31
Axis Mutual Fund,AXISEAF,Axis Arbitrage Fund,CG Power and Industrial Solutions Limited,Other,INE067A01029,24650.0,159.7074,0.0002,2025-12-31
Axis Mutual Fund,AXISEAF,Axis Arbitrage Fund,NHPC Limited,Other,INE848E01016,192000.0,152.1024,0.0002,2025-12-31
Axis Mutual Fund,AXISEAF,Axis Arbitrage Fund,Nuvama Wealth Management Limited,Other,INE531F01023,10000.0,148.05,0.0002,2025-12-31
Axis Mutual Fund,AXISEAF,Axis Arbitrage Fund,ICICI Lombard General Insurance Company Limited,Other,INE765G01017,7150.0,140.2902,0.0002,2025-12-31
Axis Mutual Fund,AXISEAF,Axis Arbitrage Fund,Tata Elxsi Limited,Other,INE670A01012,2600.0,136.253,0.0002,2025-12-31
Axis Mutual Fund,AXISEAF,Axis Arbitrage Fund,Computer Age Management Services Limited,Other,INE596I01020,17250.0,127.8053,0.0002,2025-12-31
Axis Mutual Fund,AXISEAF,Axis Arbitrage Fund,Manappuram Finance Limited,Other,INE522D01027,39000.0,120.3345,0.0001,2025-12-31
Axis Mutual Fund,AXISEAF,Axis Arbitrage Fund,HCL Technologies Limited,Other,INE860A01027,7350.0,119.3126,0.0001,2025-12-31
Axis Mutual Fund,AXISEAF,Axis Arbitrage Fund,Dabur India Limited,Other,INE016A01026,17500.0,88.13,0.0001,2025-12-31
Axis Mutual Fund,AXISEAF,Axis Arbitrage Fund,GAIL (India) Limited,Other,INE129A01019,50400.0,86.7686,0.0001,2025-12-31
Axis Mutual Fund,AXISEAF,Axis Arbitrage Fund,Torrent Pharmaceuticals Limited,Other,INE685A01028,2250.0,86.625,0.0001,2025-12-31
Axis Mutual Fund,AXISEAF,Axis Arbitrage Fund,PG Electroplast Limited,Other,INE457L01029,9500.0,54.6535,0.0001,2025-12-31
Axis Mutual Fund,AXISEAF,Axis Arbitrage Fund,Coal India Limited,Other,INE522F01014,10800.0,43.092,0.0001,2025-12-31
Axis Mutual Fund,AXISEAF,Axis Arbitrage Fund,Tata Technologies Limited,Other,INE142M01025,4000.0,25.72,$0.00%,2025-12-31
Axis Mutual Fund,AXISEAF,Axis Arbitrage Fund,Piramal Pharma Limited,Other,INE0DK501011,10500.0,18.0821,$0.00%,2025-12-31
Axis Mutual Fund,AXISEAF,Axis Arbitrage Fund,Asian Paints Limited,Other,INE021A01026,250.0,6.9238,$0.00%,2025-12-31
Axis Mutual Fund,AXISEAF,Axis Arbitrage Fund,Indian Railway Catering And Tourism Corporation Limited,Other,INE335Y01020,875.0,5.9903,$0.00%,2025-12-31
Axis Mutual Fund,AXISEAF,Axis Arbitrage Fund,Oil India Limited,Other,INE274J01014,1400.0,5.9409,$0.00%,2025-12-31
Axis Mutual Fund,AXISEAF,Axis Arbitrage Fund,8.1% Kotak Mahindra Prime Limited (10/04/2026) **,Other,INE916DA7SK5,12500.0,12538.225,0.0149,2025-12-31
Axis Mutual Fund,AXISEAF,Axis Arbitrage Fund,8.30% Tata Capital Limited (13/03/2026) **,Other,INE306N07NL3,7500.0,7520.775,0.009,2025-12-31
Axis Mutual Fund,AXISEAF,Axis Arbitrage Fund,7.99% HDB Financial Services Limited (16/03/2026),Other,INE756I07EO2,5000.0,5011.3,0.006,2025-12-31
Axis Mutual Fund,AXISEAF,Axis Arbitrage Fund,7.44% REC Limited (30/04/2026) **,Other,INE020B08EL2,5000.0,5010.68,0.006,2025-12-31
Axis Mutual Fund,AXISEAF,Axis Arbitrage Fund,7.64% REC Limited (30/06/2026) **,Other,INE020B08EM0,2500.0,2509.9875,0.003,2025-12-31
Axis Mutual Fund,AXISEAF,Axis Arbitrage Fund,7.50% National Bank For Agriculture and Rural Development (31/08/2026) **,Other,INE261F08EA6,2500.0,2509.1925,0.003,2025-12-31
Axis Mutual Fund,AXISEAF,Axis Arbitrage Fund,7.43% Small Industries Dev Bank of India (31/08/2026) **,Other,INE556F08KH1,2500.0,2508.21,0.003,2025-12-31
Axis Mutual Fund,AXISEAF,Axis Arbitrage Fund,7.49% National Bank For Agriculture and Rural Development (15/10/2026),Other,INE261F08EB4,1000.0,1004.338,0.0012,2025-12-31
Axis Mutual Fund,AXISEAF,Axis Arbitrage Fund,7.9873% Tata Capital Limited (17/04/2026) **,Other,INE306N07NH1,25.0,250.4995,0.0003,2025-12-31
Axis Mutual Fund,AXISEAF,Axis Arbitrage Fund,7.44% Small Industries Dev Bank of India (04/09/2026) **,Other,INE556F08KI9,40.0,40.1374,$0.00%,2025-12-31
Axis Mutual Fund,AXISEAF,Axis Arbitrage Fund,7.68% Indian Railway Finance Corporation Limited (24/11/2026) **,Other,INE053F08338,30.0,30.2318,$0.00%,2025-12-31
Axis Mutual Fund,AXISEAF,Axis Arbitrage Fund,Bank of Baroda (24/02/2026),Other,INE028A16JJ3,1000.0,4956.615,0.0059,2025-12-31
Axis Mutual Fund,AXISEAF,Axis Arbitrage Fund,National Bank For Agriculture and Rural Development (10/03/2026),Other,INE261F16975,500.0,2472.41,0.0029,2025-12-31
Axis Mutual Fund,AXISEAF,Axis Arbitrage Fund,National Bank For Agriculture and Rural Development (05/02/2026) **,Other,INE261F16934,100.0,497.161,0.0006,2025-12-31
Axis Mutual Fund,AXISEAF,Axis Arbitrage Fund,Barclays Investments & Loans (India) Private Limited (30/01/2026) **,Other,INE704I14KK3,2000.0,9947.13,0.0118,2025-12-31
Axis Mutual Fund,AXISEAF,Axis Arbitrage Fund,L&T Finance Limited (10/03/2026) **,Other,INE498L14DT2,2000.0,9882.17,0.0118,2025-12-31
Axis Mutual Fund,AXISEAF,Axis Arbitrage Fund,L&T Finance Limited (02/06/2026) **,Other,INE498L14EB8,2000.0,9726.0,0.0116,2025-12-31
Axis Mutual Fund,AXISEAF,Axis Arbitrage Fund,Kotak Mahindra Prime Limited (09/12/2026) **,Other,INE916D146I6,1500.0,7039.5225,0.0084,2025-12-31
Axis Mutual Fund,AXISEAF,Axis Arbitrage Fund,HDFC Securities Limited (13/03/2026) **,Other,INE700G14QD7,500.0,2468.88,0.0029,2025-12-31
Axis Mutual Fund,AXISEAF,Axis Arbitrage Fund,ICICI Securities Limited (04/03/2026) **,Other,INE763G14XM2,300.0,1483.6695,0.0018,2025-12-31
Axis Mutual Fund,AXISEAF,Axis Arbitrage Fund,364 Days Tbill (MD 19/03/2026),Other,IN002024Z495,2500000.0,2473.0275,0.0029,2025-12-31
Axis Mutual Fund,AXISEAF,Axis Arbitrage Fund,Axis Money Market Fund - Direct Plan - Growth Option,Other,INF846K01Q62,6141813.617,91687.8066,0.1091,2025-12-31
Axis Mutual Fund,AXISEFOF,Axis Multi Factor Passive FoF,Axis Nifty500 Value 50 ETF,Other,INF846KA1119,2890637.0,914.8866,0.2513,2025-12-31
Axis Mutual Fund,AXISEFOF,Axis Multi Factor Passive FoF,ICICI Prudential Nifty 100 Low Volatility 30 ETF,Other,INF109KC19U5,3909955.0,908.2825,0.2495,2025-12-31
Axis Mutual Fund,AXISEFOF,Axis Multi Factor Passive FoF,SBI Nifty 200 Quality 30 ETF,Other,INF200KA1WX6,392248.0,908.0541,0.2494,2025-12-31
Axis Mutual Fund,AXISEFOF,Axis Multi Factor Passive FoF,ICICI Prudential Nifty 200 Momentum 30 ETF,Other,INF109KC17C7,2834840.0,898.0773,0.2466,2025-12-31
Axis Mutual Fund,AXISEHF,Axis Aggressive Hybrid Fund,HDFC Bank Limited,Other,INE040A01034,940394.0,9321.1853,0.0602,2025-12-31
Axis Mutual Fund,AXISEHF,Axis Aggressive Hybrid Fund,Reliance Industries Limited,Other,INE002A01018,560203.0,8797.4279,0.0568,2025-12-31
Axis Mutual Fund,AXISEHF,Axis Aggressive Hybrid Fund,ICICI Bank Limited,Other,INE090A01021,529342.0,7108.5337,0.0459,2025-12-31
Axis Mutual Fund,AXISEHF,Axis Aggressive Hybrid Fund,Infosys Limited,Other,INE009A01021,383239.0,6190.8428,0.04,2025-12-31
Axis Mutual Fund,AXISEHF,Axis Aggressive Hybrid Fund,State Bank of India,Other,INE062A01020,528686.0,5192.7539,0.0335,2025-12-31
Axis Mutual Fund,AXISEHF,Axis Aggressive Hybrid Fund,Bharti Airtel Limited,Other,INE397D01024,220006.0,4632.4463,0.0299,2025-12-31
Axis Mutual Fund,AXISEHF,Axis Aggressive Hybrid Fund,Larsen & Toubro Limited,Other,INE018A01030,111838.0,4566.9047,0.0295,2025-12-31
Axis Mutual Fund,AXISEHF,Axis Aggressive Hybrid Fund,Mahindra & Mahindra Limited,Other,INE101A01026,104400.0,3872.4048,0.025,2025-12-31
Axis Mutual Fund,AXISEHF,Axis Aggressive Hybrid Fund,Bajaj Finance Limited,Other,INE296A01032,302170.0,2981.8136,0.0192,2025-12-31
Axis Mutual Fund,AXISEHF,Axis Aggressive Hybrid Fund,Indus Infra Trust,Other,INE0NHL23019,1985006.0,2317.693,0.015,2025-12-31
Axis Mutual Fund,AXISEHF,Axis Aggressive Hybrid Fund,Kotak Mahindra Bank Limited,Other,INE237A01028,99223.0,2183.9975,0.0141,2025-12-31
Axis Mutual Fund,AXISEHF,Axis Aggressive Hybrid Fund,NTPC Limited,Other,INE733E01010,654104.0,2155.5997,0.0139,2025-12-31
Axis Mutual Fund,AXISEHF,Axis Aggressive Hybrid Fund,Cholamandalam Investment and Finance Company Ltd (CCD),Other,INE121A08PJ0,1800.0,2141.9722,0.0138,2025-12-31
Axis Mutual Fund,AXISEHF,Axis Aggressive Hybrid Fund,Divi's Laboratories Limited,Other,INE361B01024,31721.0,2027.7649,0.0131,2025-12-31
Axis Mutual Fund,AXISEHF,Axis Aggressive Hybrid Fund,Doms Industries Limited,Other,INE321T01012,67694.0,1770.4689,0.0114,2025-12-31
Axis Mutual Fund,AXISEHF,Axis Aggressive Hybrid Fund,Tata Consultancy Services Limited,Other,INE467B01029,52532.0,1684.281,0.0109,2025-12-31
Axis Mutual Fund,AXISEHF,Axis Aggressive Hybrid Fund,PNB Housing Finance Limited,Other,INE572E01012,167027.0,1589.2619,0.0103,2025-12-31
Axis Mutual Fund,AXISEHF,Axis Aggressive Hybrid Fund,Apollo Hospitals Enterprise Limited,Other,INE437A01024,21535.0,1516.6024,0.0098,2025-12-31
Axis Mutual Fund,AXISEHF,Axis Aggressive Hybrid Fund,HDFC Life Insurance Company Limited,Other,INE795G01014,197898.0,1483.9382,0.0096,2025-12-31
Axis Mutual Fund,AXISEHF,Axis Aggressive Hybrid Fund,Sun Pharmaceutical Industries Limited,Other,INE044A01036,83572.0,1437.1877,0.0093,2025-12-31
Axis Mutual Fund,AXISEHF,Axis Aggressive Hybrid Fund,Cipla Limited,Other,INE059A01026,91758.0,1386.7387,0.0089,2025-12-31
Axis Mutual Fund,AXISEHF,Axis Aggressive Hybrid Fund,Shriram Finance Limited,Other,INE721A01047,138972.0,1384.4391,0.0089,2025-12-31
Axis Mutual Fund,AXISEHF,Axis Aggressive Hybrid Fund,SBI Life Insurance Company Limited,Other,INE123W01016,66226.0,1347.6329,0.0087,2025-12-31
Axis Mutual Fund,AXISEHF,Axis Aggressive Hybrid Fund,Titan Company Limited,Other,INE280A01028,32790.0,1328.4869,0.0086,2025-12-31
Axis Mutual Fund,AXISEHF,Axis Aggressive Hybrid Fund,Krishna Institute Of Medical Sciences Limited,Other,INE967H01025,209341.0,1274.0493,0.0082,2025-12-31
Axis Mutual Fund,AXISEHF,Axis Aggressive Hybrid Fund,Indian Oil Corporation Limited,Other,INE242A01010,712965.0,1186.8015,0.0077,2025-12-31
Axis Mutual Fund,AXISEHF,Axis Aggressive Hybrid Fund,Premier Energies Limited,Other,INE0BS701011,140202.0,1180.7111,0.0076,2025-12-31
Axis Mutual Fund,AXISEHF,Axis Aggressive Hybrid Fund,Samvardhana Motherson International Limited,Other,INE775A01035,981625.0,1177.361,0.0076,2025-12-31
Axis Mutual Fund,AXISEHF,Axis Aggressive Hybrid Fund,Mankind Pharma Limited,Other,INE634S01028,53087.0,1166.056,0.0075,2025-12-31
Axis Mutual Fund,AXISEHF,Axis Aggressive Hybrid Fund,The Phoenix Mills Limited,Other,INE211B01039,62035.0,1149.8187,0.0074,2025-12-31
Axis Mutual Fund,AXISEHF,Axis Aggressive Hybrid Fund,GE Vernova T&D India Limited,Other,INE200A01026,35866.0,1123.5025,0.0073,2025-12-31
Axis Mutual Fund,AXISEHF,Axis Aggressive Hybrid Fund,PI Industries Limited,Other,INE603J01030,34529.0,1118.1181,0.0072,2025-12-31
Axis Mutual Fund,AXISEHF,Axis Aggressive Hybrid Fund,Varun Beverages Limited,Other,INE200M01039,228100.0,1117.3479,0.0072,2025-12-31
Axis Mutual Fund,AXISEHF,Axis Aggressive Hybrid Fund,Eternal Limited,Other,INE758T01015,397167.0,1104.3228,0.0071,2025-12-31
Axis Mutual Fund,AXISEHF,Axis Aggressive Hybrid Fund,Bharat Electronics Limited,Other,INE263A01024,271614.0,1085.3695,0.007,2025-12-31
Axis Mutual Fund,AXISEHF,Axis Aggressive Hybrid Fund,Sansera Engineering Limited,Other,INE953O01021,62450.0,1047.2865,0.0068,2025-12-31
Axis Mutual Fund,AXISEHF,Axis Aggressive Hybrid Fund,Britannia Industries Limited,Other,INE216A01030,17263.0,1041.1315,0.0067,2025-12-31
Axis Mutual Fund,AXISEHF,Axis Aggressive Hybrid Fund,Tech Mahindra Limited,Other,INE669C01036,63428.0,1009.0761,0.0065,2025-12-31
Axis Mutual Fund,AXISEHF,Axis Aggressive Hybrid Fund,Tata Power Company Limited,Other,INE245A01021,262458.0,996.2906,0.0064,2025-12-31
Axis Mutual Fund,AXISEHF,Axis Aggressive Hybrid Fund,JB Chemicals & Pharmaceuticals Limited,Other,INE572A01036,53218.0,968.4079,0.0062,2025-12-31
Axis Mutual Fund,AXISEHF,Axis Aggressive Hybrid Fund,Awfis Space Solutions Limited,Other,INE108V01019,193158.0,951.8826,0.0061,2025-12-31
Axis Mutual Fund,AXISEHF,Axis Aggressive Hybrid Fund,Tata Motors Ltd,Other,INE1TAE01010,226010.0,939.0716,0.0061,2025-12-31
Axis Mutual Fund,AXISEHF,Axis Aggressive Hybrid Fund,Jyoti CNC Automation Ltd,Other,INE980O01024,93718.0,927.1522,0.006,2025-12-31
Axis Mutual Fund,AXISEHF,Axis Aggressive Hybrid Fund,Hindustan Aeronautics Limited,Other,INE066F01020,20255.0,888.9312,0.0057,2025-12-31
Axis Mutual Fund,AXISEHF,Axis Aggressive Hybrid Fund,CG Power and Industrial Solutions Limited,Other,INE067A01029,135662.0,878.9541,0.0057,2025-12-31
Axis Mutual Fund,AXISEHF,Axis Aggressive Hybrid Fund,Tata Steel Limited,Other,INE081A01020,476026.0,857.2276,0.0055,2025-12-31
Axis Mutual Fund,AXISEHF,Axis Aggressive Hybrid Fund,Dixon Technologies (India) Limited,Other,INE935N01020,6805.0,823.5411,0.0053,2025-12-31
Axis Mutual Fund,AXISEHF,Axis Aggressive Hybrid Fund,Arvind Fashions Limited,Other,INE955V01021,164157.0,819.3897,0.0053,2025-12-31
Axis Mutual Fund,AXISEHF,Axis Aggressive Hybrid Fund,FSN E-Commerce Ventures Limited,Other,INE388Y01029,295112.0,782.4895,0.005,2025-12-31
Axis Mutual Fund,AXISEHF,Axis Aggressive Hybrid Fund,Avenue Supermarts Limited,Other,INE192R01011,20347.0,769.5642,0.005,2025-12-31
Axis Mutual Fund,AXISEHF,Axis Aggressive Hybrid Fund,PG Electroplast Limited,Other,INE457L01029,130261.0,749.3915,0.0048,2025-12-31
Axis Mutual Fund,AXISEHF,Axis Aggressive Hybrid Fund,Hindalco Industries Limited,Other,INE038A01020,83564.0,740.962,0.0048,2025-12-31
Axis Mutual Fund,AXISEHF,Axis Aggressive Hybrid Fund,Brigade Enterprises Limited,Other,INE791I01019,80139.0,709.2302,0.0046,2025-12-31
Axis Mutual Fund,AXISEHF,Axis Aggressive Hybrid Fund,Cholamandalam Investment and Finance Company Ltd,Other,INE121A01024,40670.0,692.2847,0.0045,2025-12-31
Axis Mutual Fund,AXISEHF,Axis Aggressive Hybrid Fund,InterGlobe Aviation Limited,Other,INE646L01027,13606.0,688.3956,0.0044,2025-12-31
Axis Mutual Fund,AXISEHF,Axis Aggressive Hybrid Fund,Pidilite Industries Limited,Other,INE318A01026,44570.0,660.7057,0.0043,2025-12-31
Axis Mutual Fund,AXISEHF,Axis Aggressive Hybrid Fund,HCL Technologies Limited,Other,INE860A01027,40000.0,649.32,0.0042,2025-12-31
Axis Mutual Fund,AXISEHF,Axis Aggressive Hybrid Fund,REC Limited,Other,INE020B01018,177460.0,633.1773,0.0041,2025-12-31
Axis Mutual Fund,AXISEHF,Axis Aggressive Hybrid Fund,Kaynes Technology India Limited,Other,INE918Z01012,15621.0,626.8707,0.004,2025-12-31
Axis Mutual Fund,AXISEHF,Axis Aggressive Hybrid Fund,Hindustan Unilever Limited,Other,INE030A01027,25077.0,580.7582,0.0037,2025-12-31
Axis Mutual Fund,AXISEHF,Axis Aggressive Hybrid Fund,Bank of Baroda,Other,INE028A01039,184447.0,545.7787,0.0035,2025-12-31
Axis Mutual Fund,AXISEHF,Axis Aggressive Hybrid Fund,Navin Fluorine International Limited,Other,INE048G01026,8553.0,506.3376,0.0033,2025-12-31
Axis Mutual Fund,AXISEHF,Axis Aggressive Hybrid Fund,Sona BLW Precision Forgings Limited,Other,INE073K01018,101358.0,485.9103,0.0031,2025-12-31
Axis Mutual Fund,AXISEHF,Axis Aggressive Hybrid Fund,Hyundai Motor India Ltd,Other,INE0V6F01027,21136.0,485.7053,0.0031,2025-12-31
Axis Mutual Fund,AXISEHF,Axis Aggressive Hybrid Fund,ITC Limited,Other,INE154A01025,119111.0,480.0173,0.0031,2025-12-31
Axis Mutual Fund,AXISEHF,Axis Aggressive Hybrid Fund,Mphasis Limited,Other,INE356A01018,15172.0,423.4809,0.0027,2025-12-31
Axis Mutual Fund,AXISEHF,Axis Aggressive Hybrid Fund,Embassy Office Parks REIT,Other,INE041025011,93919.0,408.8482,0.0026,2025-12-31
Axis Mutual Fund,AXISEHF,Axis Aggressive Hybrid Fund,Anant Raj Limited,Other,INE242C01024,71750.0,392.6878,0.0025,2025-12-31
Axis Mutual Fund,AXISEHF,Axis Aggressive Hybrid Fund,Aadhar Housing Finance Limited,Other,INE883F01010,76140.0,369.3171,0.0024,2025-12-31
Axis Mutual Fund,AXISEHF,Axis Aggressive Hybrid Fund,Voltamp Transformers Limited,Other,INE540H01012,4380.0,343.9176,0.0022,2025-12-31
Axis Mutual Fund,AXISEHF,Axis Aggressive Hybrid Fund,Vijaya Diagnostic Centre Limited,Other,INE043W01024,29777.0,315.934,0.002,2025-12-31
Axis Mutual Fund,AXISEHF,Axis Aggressive Hybrid Fund,Bajaj Finserv Limited,Other,INE918I01026,12787.0,260.842,0.0017,2025-12-31
Axis Mutual Fund,AXISEHF,Axis Aggressive Hybrid Fund,Schaeffler India Limited,Other,INE513A01022,5748.0,222.9649,0.0014,2025-12-31
Axis Mutual Fund,AXISEHF,Axis Aggressive Hybrid Fund,Zydus Lifesciences Limited,Other,INE010B01027,24075.0,220.1298,0.0014,2025-12-31
Axis Mutual Fund,AXISEHF,Axis Aggressive Hybrid Fund,Clean Science and Technology Limited,Other,INE227W01023,18357.0,160.8165,0.001,2025-12-31
Axis Mutual Fund,AXISEHF,Axis Aggressive Hybrid Fund,Titagarh Rail Systems Limited,Other,INE615H01020,16281.0,145.2184,0.0009,2025-12-31
Axis Mutual Fund,AXISEHF,Axis Aggressive Hybrid Fund,DLF Limited,Other,INE271C01023,18860.0,129.6436,0.0008,2025-12-31
Axis Mutual Fund,AXISEHF,Axis Aggressive Hybrid Fund,Nestle India Limited,Other,INE239A01024,8668.0,111.6438,0.0007,2025-12-31
Axis Mutual Fund,AXISEHF,Axis Aggressive Hybrid Fund,Vedant Fashions Limited,Other,INE825V01034,18280.0,106.4079,0.0007,2025-12-31
Axis Mutual Fund,AXISEHF,Axis Aggressive Hybrid Fund,Oil & Natural Gas Corporation Limited,Other,INE213A01029,39083.0,93.9477,0.0006,2025-12-31
Axis Mutual Fund,AXISEHF,Axis Aggressive Hybrid Fund,Coal India Limited,Other,INE522F01014,18828.0,75.1237,0.0005,2025-12-31
Axis Mutual Fund,AXISEHF,Axis Aggressive Hybrid Fund,Suryoday Small Finance Bank Limited,Other,INE428Q01011,45327.0,63.8431,0.0004,2025-12-31
Axis Mutual Fund,AXISEHF,Axis Aggressive Hybrid Fund,Kwality Walls (India) Limited,Other,INE2KCE01013,25077.0,10.081,0.0001,2025-12-31
Axis Mutual Fund,AXISEHF,Axis Aggressive Hybrid Fund,7.25% Government of India (12/06/2063),Other,IN0020230044,5500000.0,5430.348,0.035,2025-12-31
Axis Mutual Fund,AXISEHF,Axis Aggressive Hybrid Fund,8.75% Bharti Telecom Limited (05/11/2029) **,Other,INE403D08264,2500.0,2592.615,0.0167,2025-12-31
Axis Mutual Fund,AXISEHF,Axis Aggressive Hybrid Fund,7.87% Bajaj Finance Limited (08/02/2034) **,Other,INE296A07SU3,2500.0,2540.5725,0.0164,2025-12-31
Axis Mutual Fund,AXISEHF,Axis Aggressive Hybrid Fund,7.60% Poonawalla Fincorp Limited (28/05/2027) **,Other,INE511C07870,2500.0,2499.03,0.0161,2025-12-31
Axis Mutual Fund,AXISEHF,Axis Aggressive Hybrid Fund,9.5% Kogta Financial (India) Limited (30/10/2027) **,Other,INE192U07376,2500.0,2471.2625,0.0159,2025-12-31
Axis Mutual Fund,AXISEHF,Axis Aggressive Hybrid Fund,9.40% Vedanta Limited (20/02/2027) **,Other,INE205A08038,1800.0,1809.747,0.0117,2025-12-31
Axis Mutual Fund,AXISEHF,Axis Aggressive Hybrid Fund,7.18% Government of India (14/08/2033),Other,IN0020230085,1500000.0,1547.6325,0.01,2025-12-31
Axis Mutual Fund,AXISEHF,Axis Aggressive Hybrid Fund,Bamboo Hotel And Global Centre (Delhi) Private limited (31/01/2028) **,Other,INE755L07015,1500.0,1518.4905,0.0098,2025-12-31
Axis Mutual Fund,AXISEHF,Axis Aggressive Hybrid Fund,6.83% HDFC Bank Limited (08/01/2031) **,Other,INE040A08864,150.0,1476.0105,0.0095,2025-12-31
Axis Mutual Fund,AXISEHF,Axis Aggressive Hybrid Fund,5% GMR Airports Limited (13/02/2027) **,Other,INE776C08083,1000.0,1018.479,0.0066,2025-12-31
Axis Mutual Fund,AXISEHF,Axis Aggressive Hybrid Fund,8.10% Godrej Industries Limited (22/05/2028) **,Other,INE233A08154,1000.0,1009.526,0.0065,2025-12-31
Axis Mutual Fund,AXISEHF,Axis Aggressive Hybrid Fund,8.65% TVS Holdings Limited (07/06/2029) **,Other,INE105A08022,1000.0,1008.115,0.0065,2025-12-31
Axis Mutual Fund,AXISEHF,Axis Aggressive Hybrid Fund,7.8445% Tata Capital Housing Finance Limited (18/09/2026) **,Other,INE033L07IC6,1000.0,1006.052,0.0065,2025-12-31
Axis Mutual Fund,AXISEHF,Axis Aggressive Hybrid Fund,7.34% Government of India (22/04/2064),Other,IN0020240035,1000000.0,996.992,0.0064,2025-12-31
Axis Mutual Fund,AXISEHF,Axis Aggressive Hybrid Fund,6.48% Government of India (06/10/2035),Other,IN0020250091,1000000.0,991.359,0.0064,2025-12-31
Axis Mutual Fund,AXISEHF,Axis Aggressive Hybrid Fund,7.59% Mahanagar Telephone Nigam Limited (20/07/2033) **,Other,INE153A08154,1000.0,988.326,0.0064,2025-12-31
Axis Mutual Fund,AXISEHF,Axis Aggressive Hybrid Fund,8.95% Aptus Finance India Private Limited (06/03/2029) **,Other,INE04MH07059,1000.0,811.285,0.0052,2025-12-31
Axis Mutual Fund,AXISEHF,Axis Aggressive Hybrid Fund,7.04% Government of India (03/06/2029),Other,IN0020240050,500000.0,515.268,0.0033,2025-12-31
Axis Mutual Fund,AXISEHF,Axis Aggressive Hybrid Fund,8.8% Aditya Birla Digital Fashion Ventures Limited (26/08/2027) **,Other,INE0M8D08016,500.0,501.3005,0.0032,2025-12-31
Axis Mutual Fund,AXISEHF,Axis Aggressive Hybrid Fund,8.50% Aadhar Housing Finance Limited (26/05/2026) **,Other,INE883F07306,500.0,501.3,0.0032,2025-12-31
Axis Mutual Fund,AXISEHF,Axis Aggressive Hybrid Fund,8.75% Aptus Value Housing Finance India Limited (11/03/2030) **,Other,INE852O07154,500.0,500.8905,0.0032,2025-12-31
Axis Mutual Fund,AXISEHF,Axis Aggressive Hybrid Fund,9.4% IKF Finance Limited (12/08/2027) **,Other,INE859C07246,500.0,498.1695,0.0032,2025-12-31
Axis Mutual Fund,AXISEHF,Axis Aggressive Hybrid Fund,7.4% Power Finance Corporation Limited (08/05/2030) **,Other,INE134E08KQ1,30.0,304.1016,0.002,2025-12-31
Axis Mutual Fund,AXISEHF,Axis Aggressive Hybrid Fund,7.92% West Bangal State Development Loans (15/03/2027),Other,IN3420160175,200000.0,204.1648,0.0013,2025-12-31
Axis Mutual Fund,AXISEHF,Axis Aggressive Hybrid Fund,7.17% Tamilnadu State Development Loans (27/11/2029),Other,IN3120190217,200000.0,203.0106,0.0013,2025-12-31
Axis Mutual Fund,AXISEHF,Axis Aggressive Hybrid Fund,7.17% Karnataka State Development Loans (27/11/2029),Other,IN1920190106,100000.0,101.5053,0.0007,2025-12-31
Axis Mutual Fund,AXISEHF,Axis Aggressive Hybrid Fund,6.9% Karnataka State Development Loans (17/07/2029),Other,IN1920190015,60000.0,60.511,0.0004,2025-12-31
Axis Mutual Fund,AXISEHF,Axis Aggressive Hybrid Fund,4.04% Government of India (04/10/2028),Other,IN0020210160,2600.0,2.6208,$0.00%,2025-12-31
Axis Mutual Fund,AXISEHF,Axis Aggressive Hybrid Fund,182 Days Tbill (MD 05/03/2026),Other,IN002025Y230,1000000.0,991.12,0.0064,2025-12-31
Axis Mutual Fund,AXISEQF,Axis Large Cap Fund,HDFC Bank Limited,Other,INE040A01034,32437076.0,321516.2973,0.0958,2025-12-31
Axis Mutual Fund,AXISEQF,Axis Large Cap Fund,ICICI Bank Limited,Other,INE090A01021,19897888.0,267208.738,0.0796,2025-12-31
Axis Mutual Fund,AXISEQF,Axis Large Cap Fund,Reliance Industries Limited,Other,INE002A01018,16773843.0,263416.4305,0.0785,2025-12-31
Axis Mutual Fund,AXISEQF,Axis Large Cap Fund,Infosys Limited,Other,INE009A01021,11232211.0,181445.1365,0.0541,2025-12-31
Axis Mutual Fund,AXISEQF,Axis Large Cap Fund,Bharti Airtel Limited,Other,INE397D01024,8276386.0,174267.5836,0.0519,2025-12-31
Axis Mutual Fund,AXISEQF,Axis Large Cap Fund,Larsen & Toubro Limited,Other,INE018A01030,4202729.0,171618.4387,0.0511,2025-12-31
Axis Mutual Fund,AXISEQF,Axis Large Cap Fund,Bajaj Finance Limited,Other,INE296A01032,13060685.0,128882.8396,0.0384,2025-12-31
Axis Mutual Fund,AXISEQF,Axis Large Cap Fund,State Bank of India,Other,INE062A01020,12982437.0,127513.4962,0.038,2025-12-31
Axis Mutual Fund,AXISEQF,Axis Large Cap Fund,Mahindra & Mahindra Limited,Other,INE101A01026,3234455.0,119972.4049,0.0358,2025-12-31
Axis Mutual Fund,AXISEQF,Axis Large Cap Fund,Kotak Mahindra Bank Limited,Other,INE237A01028,4657116.0,102507.7803,0.0305,2025-12-31
Axis Mutual Fund,AXISEQF,Axis Large Cap Fund,Eternal Limited,Other,INE758T01015,34657920.0,96366.3466,0.0287,2025-12-31
Axis Mutual Fund,AXISEQF,Axis Large Cap Fund,UltraTech Cement Limited,Other,INE481G01011,641147.0,75552.7625,0.0225,2025-12-31
Axis Mutual Fund,AXISEQF,Axis Large Cap Fund,Apollo Hospitals Enterprise Limited,Other,INE437A01024,982831.0,69215.8732,0.0206,2025-12-31
Axis Mutual Fund,AXISEQF,Axis Large Cap Fund,Titan Company Limited,Other,INE280A01028,1670130.0,67665.317,0.0202,2025-12-31
Axis Mutual Fund,AXISEQF,Axis Large Cap Fund,Divi's Laboratories Limited,Other,INE361B01024,957699.0,61220.9086,0.0182,2025-12-31
Axis Mutual Fund,AXISEQF,Axis Large Cap Fund,Bharat Electronics Limited,Other,INE263A01024,14923230.0,59633.2271,0.0178,2025-12-31
Axis Mutual Fund,AXISEQF,Axis Large Cap Fund,Shriram Finance Limited,Other,INE721A01047,5892728.0,58703.3563,0.0175,2025-12-31
Axis Mutual Fund,AXISEQF,Axis Large Cap Fund,InterGlobe Aviation Limited,Other,INE646L01027,960196.0,48581.1166,0.0145,2025-12-31
Axis Mutual Fund,AXISEQF,Axis Large Cap Fund,Pidilite Industries Limited,Other,INE318A01026,3048767.0,45194.922,0.0135,2025-12-31
Axis Mutual Fund,AXISEQF,Axis Large Cap Fund,Tech Mahindra Limited,Other,INE669C01036,2760351.0,43914.4241,0.0131,2025-12-31
Axis Mutual Fund,AXISEQF,Axis Large Cap Fund,Cholamandalam Investment and Finance Company Ltd,Other,INE121A01024,2428353.0,41335.4248,0.0123,2025-12-31
Axis Mutual Fund,AXISEQF,Axis Large Cap Fund,Maruti Suzuki India Limited,Other,INE585B01010,239963.0,40066.6221,0.0119,2025-12-31
Axis Mutual Fund,AXISEQF,Axis Large Cap Fund,The Indian Hotels Company Limited,Other,INE053A01029,5075194.0,37498.0709,0.0112,2025-12-31
Axis Mutual Fund,AXISEQF,Axis Large Cap Fund,Tata Consultancy Services Limited,Other,INE467B01029,1155560.0,37049.5647,0.011,2025-12-31
Axis Mutual Fund,AXISEQF,Axis Large Cap Fund,Sun Pharmaceutical Industries Limited,Other,INE044A01036,2107483.0,36242.3852,0.0108,2025-12-31
Axis Mutual Fund,AXISEQF,Axis Large Cap Fund,Tata Motors Ltd,Other,INE1TAE01010,8600479.0,35734.9902,0.0106,2025-12-31
Axis Mutual Fund,AXISEQF,Axis Large Cap Fund,Torrent Pharmaceuticals Limited,Other,INE685A01028,911397.0,35088.7845,0.0105,2025-12-31
Axis Mutual Fund,AXISEQF,Axis Large Cap Fund,Tata Consumer Products Limited,Other,INE192A01025,2775109.0,33079.2993,0.0099,2025-12-31
Axis Mutual Fund,AXISEQF,Axis Large Cap Fund,Cummins India Limited,Other,INE298A01020,702545.0,31153.6555,0.0093,2025-12-31
Axis Mutual Fund,AXISEQF,Axis Large Cap Fund,TVS Motor Company Limited,Other,INE494B01023,833538.0,31005.9465,0.0092,2025-12-31
Axis Mutual Fund,AXISEQF,Axis Large Cap Fund,CG Power and Industrial Solutions Limited,Other,INE067A01029,4613487.0,29890.7823,0.0089,2025-12-31
Axis Mutual Fund,AXISEQF,Axis Large Cap Fund,Avenue Supermarts Limited,Other,INE192R01011,737820.0,27905.828,0.0083,2025-12-31
Axis Mutual Fund,AXISEQF,Axis Large Cap Fund,Samvardhana Motherson International Limited,Other,INE775A01035,22700389.0,27226.8466,0.0081,2025-12-31
Axis Mutual Fund,AXISEQF,Axis Large Cap Fund,Trent Limited,Other,INE849A01020,488938.0,20921.657,0.0062,2025-12-31
Axis Mutual Fund,AXISEQF,Axis Large Cap Fund,Hindustan Aeronautics Limited,Other,INE066F01020,439641.0,19294.5246,0.0057,2025-12-31
Axis Mutual Fund,AXISEQF,Axis Large Cap Fund,Eicher Motors Limited,Other,INE066A01021,262494.0,19194.8738,0.0057,2025-12-31
Axis Mutual Fund,AXISEQF,Axis Large Cap Fund,HDFC Life Insurance Company Limited,Other,INE795G01014,2523907.0,18925.5166,0.0056,2025-12-31
Axis Mutual Fund,AXISEQF,Axis Large Cap Fund,NTPC Limited,Other,INE733E01010,5559612.0,18321.7013,0.0055,2025-12-31
Axis Mutual Fund,AXISEQF,Axis Large Cap Fund,Info Edge (India) Limited,Other,INE663F01032,1322304.0,17634.2461,0.0053,2025-12-31
Axis Mutual Fund,AXISEQF,Axis Large Cap Fund,Hyundai Motor India Ltd,Other,INE0V6F01027,753438.0,17314.0052,0.0052,2025-12-31
Axis Mutual Fund,AXISEQF,Axis Large Cap Fund,ICICI Prudential Asset Management Company Limited,Other,INE346A01027,612968.0,16311.6914,0.0049,2025-12-31
Axis Mutual Fund,AXISEQF,Axis Large Cap Fund,LG Electronics India Ltd,Other,INE324D01010,1030166.0,15672.9455,0.0047,2025-12-31
Axis Mutual Fund,AXISEQF,Axis Large Cap Fund,Hindustan Unilever Limited,Other,INE030A01027,612328.0,14180.9042,0.0042,2025-12-31
Axis Mutual Fund,AXISEQF,Axis Large Cap Fund,Solar Industries India Limited,Other,INE343H01029,114245.0,13997.2974,0.0042,2025-12-31
Axis Mutual Fund,AXISEQF,Axis Large Cap Fund,Dixon Technologies (India) Limited,Other,INE935N01020,93114.0,11268.6563,0.0034,2025-12-31
Axis Mutual Fund,AXISEQF,Axis Large Cap Fund,HCL Technologies Limited,Other,INE860A01027,656881.0,10663.1493,0.0032,2025-12-31
Axis Mutual Fund,AXISEQF,Axis Large Cap Fund,Varun Beverages Limited,Other,INE200M01039,2171317.0,10636.1963,0.0032,2025-12-31
Axis Mutual Fund,AXISEQF,Axis Large Cap Fund,SBI Life Insurance Company Limited,Other,INE123W01016,506160.0,10299.8498,0.0031,2025-12-31
Axis Mutual Fund,AXISEQF,Axis Large Cap Fund,Tata Power Company Limited,Other,INE245A01021,2360601.0,8960.8414,0.0027,2025-12-31
Axis Mutual Fund,AXISEQF,Axis Large Cap Fund,ITC Limited,Other,INE154A01025,1869035.0,7532.2111,0.0022,2025-12-31
Axis Mutual Fund,AXISEQF,Axis Large Cap Fund,Britannia Industries Limited,Other,INE216A01030,110421.0,6659.4905,0.002,2025-12-31
Axis Mutual Fund,AXISEQF,Axis Large Cap Fund,Tata Capital Limited,Other,INE976I01016,755219.0,2581.7162,0.0008,2025-12-31
Axis Mutual Fund,AXISEQF,Axis Large Cap Fund,Kwality Walls (India) Limited,Other,INE2KCE01013,612328.0,246.1559,0.0001,2025-12-31
Axis Mutual Fund,AXISEQF,Axis Large Cap Fund,6% TVS Motor Co Non Conv Rede Pref Shares 01SEP26 **,Other,INE494B04019,4827620.0,491.7414,0.0001,2025-12-31
Axis Mutual Fund,AXISEQF,Axis Large Cap Fund,Axis NIFTY 50 ETF,Other,INF846K01W98,9750000.0,27984.45,0.0083,2025-12-31
Axis Mutual Fund,AXISESF,Axis Equity Savings Fund,Reliance Industries Limited,Equity,INE002A01018,589004.0,9249.7188,0.0998,2025-12-31
Axis Mutual Fund,AXISESF,Axis Equity Savings Fund,HDFC Bank Limited,Equity,INE040A01034,861322.0,8537.4237,0.0921,2025-12-31
Axis Mutual Fund,AXISESF,Axis Equity Savings Fund,ICICI Bank Limited,Equity,INE090A01021,324804.0,4361.7929,0.0471,2025-12-31
Axis Mutual Fund,AXISESF,Axis Equity Savings Fund,Larsen & Toubro Limited,Equity,INE018A01030,72664.0,2967.2344,0.032,2025-12-31
Axis Mutual Fund,AXISESF,Axis Equity Savings Fund,Bharti Airtel Limited,Equity,INE397D01024,117209.0,2467.9527,0.0266,2025-12-31
Axis Mutual Fund,AXISESF,Axis Equity Savings Fund,Tata Steel Limited,Equity,INE081A01020,1237500.0,2228.49,0.024,2025-12-31
Axis Mutual Fund,AXISESF,Axis Equity Savings Fund,Kotak Mahindra Bank Limited,Equity,INE237A01028,96000.0,2113.056,0.0228,2025-12-31
Axis Mutual Fund,AXISESF,Axis Equity Savings Fund,Mahindra & Mahindra Limited,Equity,INE101A01026,52663.0,1953.376,0.0211,2025-12-31
Axis Mutual Fund,AXISESF,Axis Equity Savings Fund,Eternal Limited,Equity,INE758T01015,654275.0,1819.2116,0.0196,2025-12-31
Axis Mutual Fund,AXISESF,Axis Equity Savings Fund,Infosys Limited,Equity,INE009A01021,101139.0,1633.7994,0.0176,2025-12-31
Axis Mutual Fund,AXISESF,Axis Equity Savings Fund,Hindustan Aeronautics Limited,Equity,INE066F01020,32150.0,1410.9671,0.0152,2025-12-31
Axis Mutual Fund,AXISESF,Axis Equity Savings Fund,DLF Limited,Equity,INE271C01023,161700.0,1111.5258,0.012,2025-12-31
Axis Mutual Fund,AXISESF,Axis Equity Savings Fund,SBI Life Insurance Company Limited,Equity,INE123W01016,53375.0,1086.1279,0.0117,2025-12-31
Axis Mutual Fund,AXISESF,Axis Equity Savings Fund,S.J.S. Enterprises Limited,Equity,INE284S01014,59790.0,1016.1311,0.011,2025-12-31
Axis Mutual Fund,AXISESF,Axis Equity Savings Fund,State Bank of India,Equity,INE062A01020,96000.0,942.912,0.0102,2025-12-31
Axis Mutual Fund,AXISESF,Axis Equity Savings Fund,Apollo Hospitals Enterprise Limited,Equity,INE437A01024,12825.0,903.2006,0.0097,2025-12-31
Axis Mutual Fund,AXISESF,Axis Equity Savings Fund,IndusInd Bank Limited,Equity,INE095A01012,101500.0,877.163,0.0095,2025-12-31
Axis Mutual Fund,AXISESF,Axis Equity Savings Fund,Ambuja Cements Limited,Equity,INE079A01024,157500.0,876.2513,0.0095,2025-12-31
Axis Mutual Fund,AXISESF,Axis Equity Savings Fund,ITC Limited,Equity,INE154A01025,209200.0,843.076,0.0091,2025-12-31
Axis Mutual Fund,AXISESF,Axis Equity Savings Fund,Bank of Baroda,Equity,INE028A01039,283725.0,839.5423,0.0091,2025-12-31
Axis Mutual Fund,AXISESF,Axis Equity Savings Fund,Aditya Infotech Limited,Equity,INE819V01029,49922.0,743.9876,0.008,2025-12-31
Axis Mutual Fund,AXISESF,Axis Equity Savings Fund,Tech Mahindra Limited,Equity,INE669C01036,46200.0,734.9958,0.0079,2025-12-31
Axis Mutual Fund,AXISESF,Axis Equity Savings Fund,Fortis Healthcare Limited,Equity,INE061F01013,82000.0,724.88,0.0078,2025-12-31
Axis Mutual Fund,AXISESF,Axis Equity Savings Fund,Titan Company Limited,Equity,INE280A01028,16800.0,680.652,0.0073,2025-12-31
Axis Mutual Fund,AXISESF,Axis Equity Savings Fund,Godrej Consumer Products Limited,Equity,INE102D01028,53180.0,649.966,0.007,2025-12-31
Axis Mutual Fund,AXISESF,Axis Equity Savings Fund,Bajaj Finance Limited,Equity,INE296A01032,61790.0,609.7437,0.0066,2025-12-31
Axis Mutual Fund,AXISESF,Axis Equity Savings Fund,The Federal Bank Limited,Equity,INE171A01029,220000.0,587.62,0.0063,2025-12-31
Axis Mutual Fund,AXISESF,Axis Equity Savings Fund,Canara Bank,Equity,INE476A01022,378000.0,585.5598,0.0063,2025-12-31
Axis Mutual Fund,AXISESF,Axis Equity Savings Fund,Corona Remedies Limited,Equity,INE02ZQ01018,41496.0,574.6781,0.0062,2025-12-31
Axis Mutual Fund,AXISESF,Axis Equity Savings Fund,JB Chemicals & Pharmaceuticals Limited,Equity,INE572A01036,31500.0,573.2055,0.0062,2025-12-31
Axis Mutual Fund,AXISESF,Axis Equity Savings Fund,RBL Bank Limited,Equity,INE976G01028,180975.0,571.5191,0.0062,2025-12-31
Axis Mutual Fund,AXISESF,Axis Equity Savings Fund,Punjab National Bank,Equity,INE160A01022,416000.0,514.0928,0.0055,2025-12-31
Axis Mutual Fund,AXISESF,Axis Equity Savings Fund,UltraTech Cement Limited,Equity,INE481G01011,4308.0,507.6547,0.0055,2025-12-31
Axis Mutual Fund,AXISESF,Axis Equity Savings Fund,Hero MotoCorp Limited,Equity,INE158A01026,7900.0,455.909,0.0049,2025-12-31
Axis Mutual Fund,AXISESF,Axis Equity Savings Fund,Welspun Corp Limited,Equity,INE191B01025,49994.0,407.1511,0.0044,2025-12-31
Axis Mutual Fund,AXISESF,Axis Equity Savings Fund,Cohance Lifesciences Limited,Equity,INE03QK01018,76200.0,402.7932,0.0043,2025-12-31
Axis Mutual Fund,AXISESF,Axis Equity Savings Fund,Sun Pharmaceutical Industries Limited,Equity,INE044A01036,22450.0,386.0727,0.0042,2025-12-31
Axis Mutual Fund,AXISESF,Axis Equity Savings Fund,United Spirits Limited,Equity,INE854D01024,26200.0,378.2494,0.0041,2025-12-31
Axis Mutual Fund,AXISESF,Axis Equity Savings Fund,Sansera Engineering Limited,Equity,INE953O01021,22500.0,377.325,0.0041,2025-12-31
Axis Mutual Fund,AXISESF,Axis Equity Savings Fund,Awfis Space Solutions Limited,Equity,INE108V01019,76391.0,376.4548,0.0041,2025-12-31
Axis Mutual Fund,AXISESF,Axis Equity Savings Fund,Healthcare Global Enterprises Limited,Equity,INE075I01017,56456.0,373.7387,0.004,2025-12-31
Axis Mutual Fund,AXISESF,Axis Equity Savings Fund,Divi's Laboratories Limited,Equity,INE361B01024,5700.0,364.3725,0.0039,2025-12-31
Axis Mutual Fund,AXISESF,Axis Equity Savings Fund,Emcure Pharmaceuticals Limited,Equity,INE168P01015,25900.0,353.4055,0.0038,2025-12-31
Axis Mutual Fund,AXISESF,Axis Equity Savings Fund,Vodafone Idea Limited,Equity,INE669E01016,3225305.0,347.0428,0.0037,2025-12-31
Axis Mutual Fund,AXISESF,Axis Equity Savings Fund,Yes Bank Limited,Equity,INE528G01035,1555000.0,335.88,0.0036,2025-12-31
Axis Mutual Fund,AXISESF,Axis Equity Savings Fund,Indus Infra Trust,Equity,INE0NHL23019,275010.0,321.1017,0.0035,2025-12-31
Axis Mutual Fund,AXISESF,Axis Equity Savings Fund,NTPC Limited,Equity,INE733E01010,97000.0,319.6635,0.0034,2025-12-31
Axis Mutual Fund,AXISESF,Axis Equity Savings Fund,Onesource Specialty Pharma Limited,Equity,INE013P01021,17113.0,309.848,0.0033,2025-12-31
Axis Mutual Fund,AXISESF,Axis Equity Savings Fund,Indian Bank,Equity,INE562A01011,34821.0,291.5388,0.0031,2025-12-31
Axis Mutual Fund,AXISESF,Axis Equity Savings Fund,Tata Consultancy Services Limited,Equity,INE467B01029,8618.0,276.3103,0.003,2025-12-31
Axis Mutual Fund,AXISESF,Axis Equity Savings Fund,Crompton Greaves Consumer Electricals Limited,Equity,INE299U01018,108000.0,272.43,0.0029,2025-12-31
Axis Mutual Fund,AXISESF,Axis Equity Savings Fund,Jyoti CNC Automation Ltd,Equity,INE980O01024,27414.0,271.2067,0.0029,2025-12-31
Axis Mutual Fund,AXISESF,Axis Equity Savings Fund,Power Grid Corporation of India Limited,Equity,INE752E01010,98000.0,259.308,0.0028,2025-12-31
Axis Mutual Fund,AXISESF,Axis Equity Savings Fund,Neuland Laboratories Limited,Equity,INE794A01010,1705.0,258.7338,0.0028,2025-12-31
Axis Mutual Fund,AXISESF,Axis Equity Savings Fund,SRF Limited,Equity,INE647A01010,8400.0,258.3,0.0028,2025-12-31
Axis Mutual Fund,AXISESF,Axis Equity Savings Fund,Hindustan Unilever Limited,Equity,INE030A01027,10900.0,252.4331,0.0027,2025-12-31
Axis Mutual Fund,AXISESF,Axis Equity Savings Fund,Trent Limited,Equity,INE849A01020,5600.0,239.624,0.0026,2025-12-31
Axis Mutual Fund,AXISESF,Axis Equity Savings Fund,Coforge Limited,Equity,INE591G01025,14000.0,232.82,0.0025,2025-12-31
Axis Mutual Fund,AXISESF,Axis Equity Savings Fund,HDFC Life Insurance Company Limited,Equity,INE795G01014,28000.0,209.958,0.0023,2025-12-31
Axis Mutual Fund,AXISESF,Axis Equity Savings Fund,Aurobindo Pharma Limited,Equity,INE406A01037,17600.0,208.208,0.0022,2025-12-31
Axis Mutual Fund,AXISESF,Axis Equity Savings Fund,Jindal Steel Limited,Equity,INE749A01030,19375.0,204.1738,0.0022,2025-12-31
Axis Mutual Fund,AXISESF,Axis Equity Savings Fund,Sona BLW Precision Forgings Limited,Equity,INE073K01018,42348.0,203.0163,0.0022,2025-12-31
Axis Mutual Fund,AXISESF,Axis Equity Savings Fund,Shriram Finance Limited,Equity,INE721A01047,19800.0,197.2476,0.0021,2025-12-31
Axis Mutual Fund,AXISESF,Axis Equity Savings Fund,Oil & Natural Gas Corporation Limited,Equity,INE213A01029,81000.0,194.7078,0.0021,2025-12-31
Axis Mutual Fund,AXISESF,Axis Equity Savings Fund,Glenmark Pharmaceuticals Limited,Equity,INE935A01035,9000.0,183.168,0.002,2025-12-31
Axis Mutual Fund,AXISESF,Axis Equity Savings Fund,Sudeep Pharma Limited,Equity,INE0QPI01025,30000.0,180.825,0.002,2025-12-31
Axis Mutual Fund,AXISESF,Axis Equity Savings Fund,Grasim Industries Limited,Equity,INE047A01021,6250.0,176.8125,0.0019,2025-12-31
Axis Mutual Fund,AXISESF,Axis Equity Savings Fund,Cholamandalam Investment and Finance Company Ltd,Equity,INE121A01024,9900.0,168.5178,0.0018,2025-12-31
Axis Mutual Fund,AXISESF,Axis Equity Savings Fund,Pidilite Industries Limited,Equity,INE318A01026,11000.0,163.064,0.0018,2025-12-31
Axis Mutual Fund,AXISESF,Axis Equity Savings Fund,TeamLease Services Limited,Equity,INE985S01024,8360.0,130.1736,0.0014,2025-12-31
Axis Mutual Fund,AXISESF,Axis Equity Savings Fund,Hindalco Industries Limited,Equity,INE038A01020,14000.0,124.138,0.0013,2025-12-31
Axis Mutual Fund,AXISESF,Axis Equity Savings Fund,APL Apollo Tubes Limited,Equity,INE702C01027,5600.0,107.184,0.0012,2025-12-31
Axis Mutual Fund,AXISESF,Axis Equity Savings Fund,Bajaj Finserv Limited,Equity,INE918I01026,5000.0,101.995,0.0011,2025-12-31
Axis Mutual Fund,AXISESF,Axis Equity Savings Fund,Cipla Limited,Equity,INE059A01026,6625.0,100.1236,0.0011,2025-12-31
Axis Mutual Fund,AXISESF,Axis Equity Savings Fund,L&T Finance Limited,Equity,INE498L01015,27000.0,85.3065,0.0009,2025-12-31
Axis Mutual Fund,AXISESF,Axis Equity Savings Fund,IIFL Finance Limited,Equity,INE530B01024,13200.0,80.586,0.0009,2025-12-31
Axis Mutual Fund,AXISESF,Axis Equity Savings Fund,Bharat Petroleum Corporation Limited,Equity,INE029A01011,20000.0,76.8,0.0008,2025-12-31
Axis Mutual Fund,AXISESF,Axis Equity Savings Fund,REC Limited,Equity,INE020B01018,21000.0,74.928,0.0008,2025-12-31
Axis Mutual Fund,AXISESF,Axis Equity Savings Fund,Brigade Enterprises Limited,Equity,INE791I01019,7592.0,67.1892,0.0007,2025-12-31
Axis Mutual Fund,AXISESF,Axis Equity Savings Fund,Cummins India Limited,Equity,INE298A01020,1299.0,57.6029,0.0006,2025-12-31
Axis Mutual Fund,AXISESF,Axis Equity Savings Fund,Krishna Institute Of Medical Sciences Limited,Equity,INE967H01025,8986.0,54.6888,0.0006,2025-12-31
Axis Mutual Fund,AXISESF,Axis Equity Savings Fund,GMR Airports Limited,Equity,INE776C01039,41850.0,43.6788,0.0005,2025-12-31
Axis Mutual Fund,AXISESF,Axis Equity Savings Fund,Bandhan Bank Limited,Equity,INE545U01014,28800.0,41.9962,0.0005,2025-12-31
Axis Mutual Fund,AXISESF,Axis Equity Savings Fund,Multi Commodity Exchange of India Limited,Equity,INE745G01035,375.0,41.76,0.0005,2025-12-31
Axis Mutual Fund,AXISESF,Axis Equity Savings Fund,Biocon Limited,Equity,INE376G01013,10000.0,39.39,0.0004,2025-12-31
Axis Mutual Fund,AXISESF,Axis Equity Savings Fund,Craftsman Automation Limited,Equity,INE00LO01017,500.0,38.4475,0.0004,2025-12-31
Axis Mutual Fund,AXISESF,Axis Equity Savings Fund,Mphasis Limited,Equity,INE356A01018,1375.0,38.379,0.0004,2025-12-31
Axis Mutual Fund,AXISESF,Axis Equity Savings Fund,Havells India Limited,Equity,INE176B01034,2500.0,35.6225,0.0004,2025-12-31
Axis Mutual Fund,AXISESF,Axis Equity Savings Fund,Tata Power Company Limited,Equity,INE245A01021,9176.0,34.8321,0.0004,2025-12-31
Axis Mutual Fund,AXISESF,Axis Equity Savings Fund,Voltamp Transformers Limited,Equity,INE540H01012,400.0,31.408,0.0003,2025-12-31
Axis Mutual Fund,AXISESF,Axis Equity Savings Fund,Solar Industries India Limited,Equity,INE343H01029,250.0,30.63,0.0003,2025-12-31
Axis Mutual Fund,AXISESF,Axis Equity Savings Fund,Hindustan Petroleum Corporation Limited,Equity,INE094A01015,6075.0,30.3173,0.0003,2025-12-31
Axis Mutual Fund,AXISESF,Axis Equity Savings Fund,Dixon Technologies (India) Limited,Equity,INE935N01020,250.0,30.255,0.0003,2025-12-31
Axis Mutual Fund,AXISESF,Axis Equity Savings Fund,Premier Energies Limited,Equity,INE0BS701011,3290.0,27.7067,0.0003,2025-12-31
Axis Mutual Fund,AXISESF,Axis Equity Savings Fund,Max Healthcare Institute Limited,Equity,INE027H01010,2625.0,27.4339,0.0003,2025-12-31
Axis Mutual Fund,AXISESF,Axis Equity Savings Fund,Samvardhana Motherson International Limited,Equity,INE775A01035,18450.0,22.1289,0.0002,2025-12-31
Axis Mutual Fund,AXISESF,Axis Equity Savings Fund,Muthoot Finance Limited,Equity,INE414G01012,550.0,20.9644,0.0002,2025-12-31
Axis Mutual Fund,AXISESF,Axis Equity Savings Fund,ABB India Limited,Equity,INE117A01022,378.0,19.5426,0.0002,2025-12-31
Axis Mutual Fund,AXISESF,Axis Equity Savings Fund,Swiggy Limited,Equity,INE00H001014,5000.0,19.3125,0.0002,2025-12-31
Axis Mutual Fund,AXISESF,Axis Equity Savings Fund,Bharat Dynamics Limited,Equity,INE171Z01026,990.0,14.5184,0.0002,2025-12-31
Axis Mutual Fund,AXISESF,Axis Equity Savings Fund,Indian Energy Exchange Limited,Equity,INE022Q01020,7500.0,10.0665,0.0001,2025-12-31
Axis Mutual Fund,AXISESF,Axis Equity Savings Fund,Lupin Limited,Equity,INE326A01037,425.0,8.9654,0.0001,2025-12-31
Axis Mutual Fund,AXISESF,Axis Equity Savings Fund,Maruti Suzuki India Limited,Equity,INE585B01010,50.0,8.3485,0.0001,2025-12-31
Axis Mutual Fund,AXISESF,Axis Equity Savings Fund,Kwality Walls (India) Limited,Equity,INE2KCE01013,4000.0,1.608,$0.00%,2025-12-31
Axis Mutual Fund,AXISESF,Axis Equity Savings Fund,7.18% Government of India (14/08/2033),Equity,IN0020230085,4000000.0,4127.02,0.0445,2025-12-31
Axis Mutual Fund,AXISESF,Axis Equity Savings Fund,7.1% Government of India (08/04/2034),Equity,IN0020240019,3500000.0,3600.156,0.0388,2025-12-31
Axis Mutual Fund,AXISESF,Axis Equity Savings Fund,8.75% Shriram Finance Limited (05/10/2026) **,Equity,INE721A07RQ0,2500.0,2522.6,0.0272,2025-12-31
Axis Mutual Fund,AXISESF,Axis Equity Savings Fund,8.52% Muthoot Finance Limited (07/04/2028) **,Equity,INE414G07JN3,1500.0,1521.6225,0.0164,2025-12-31
Axis Mutual Fund,AXISESF,Axis Equity Savings Fund,8.9% Muthoot Finance Limited (07/10/2027) **,Equity,INE414G07JI3,1000.0,1019.558,0.011,2025-12-31
Axis Mutual Fund,AXISESF,Axis Equity Savings Fund,5% GMR Airports Limited (13/02/2027) **,Equity,INE776C08083,1000.0,1018.479,0.011,2025-12-31
Axis Mutual Fund,AXISESF,Axis Equity Savings Fund,8.65% TVS Holdings Limited (07/06/2029) **,Equity,INE105A08022,1000.0,1008.115,0.0109,2025-12-31
Axis Mutual Fund,AXISESF,Axis Equity Savings Fund,7.69% REC Limited (31/03/2033) **,Equity,INE020B08EG2,500.0,512.378,0.0055,2025-12-31
Axis Mutual Fund,AXISESF,Axis Equity Savings Fund,8.55% Shriram Finance Limited (28/04/2028) **,Equity,INE721A07SP0,500.0,511.3945,0.0055,2025-12-31
Axis Mutual Fund,AXISESF,Axis Equity Savings Fund,9.02% Muthoot Finance Limited (14/07/2027) **,Equity,INE414G07JF9,500.0,509.2765,0.0055,2025-12-31
Axis Mutual Fund,AXISESF,Axis Equity Savings Fund,8.8% Aditya Birla Digital Fashion Ventures Limited (26/08/2027) **,Equity,INE0M8D08016,500.0,501.3005,0.0054,2025-12-31
Axis Mutual Fund,AXISESF,Axis Equity Savings Fund,7.02% Bajaj Housing Finance Limited (26/05/2028) **,Equity,INE377Y07565,500.0,499.1245,0.0054,2025-12-31
Axis Mutual Fund,AXISESF,Axis Equity Savings Fund,7.26% Government of India (22/08/2032),Equity,IN0020220060,300000.0,310.3368,0.0033,2025-12-31
Axis Mutual Fund,AXISESF,Axis Equity Savings Fund,7.69% National Bank For Agriculture and Rural Development (31/03/2032) **,Equity,INE261F08832,20.0,205.392,0.0022,2025-12-31
Axis Mutual Fund,AXISESF,Axis Equity Savings Fund,7.18% Government of India (24/07/2037),Equity,IN0020230077,200000.0,204.9802,0.0022,2025-12-31
Axis Mutual Fund,AXISESF,Axis Equity Savings Fund,6.19% Government of India (16/09/2034),Equity,IN0020200096,200000.0,193.6948,0.0021,2025-12-31
Axis Mutual Fund,AXISESF,Axis Equity Savings Fund,8.20% Power Grid Corporation of India Limited (23/01/2030) **,Equity,INE752E07MH7,10.0,104.5059,0.0011,2025-12-31
Axis Mutual Fund,AXISESF,Axis Equity Savings Fund,7.72% Government of India (26/10/2055),Equity,IN0020150077,40800.0,43.0486,0.0005,2025-12-31
Axis Mutual Fund,AXISESF,Axis Equity Savings Fund,91 Days Tbill (MD 02/01/2026),Equity,IN002025X273,1000000.0,999.854,0.0108,2025-12-31
Axis Mutual Fund,AXISESF,Axis Equity Savings Fund,Axis Money Market Fund - Direct Plan - Growth Option,Equity,INF846K01Q62,168087.062,2509.2806,0.0271,2025-12-31
Axis Mutual Fund,AXISESG,Axis ESG Integration Strategy Fund,ICICI Bank Limited,Other,INE090A01021,630000.0,8460.27,0.0702,2025-12-31
Axis Mutual Fund,AXISESG,Axis ESG Integration Strategy Fund,HDFC Bank Limited,Other,INE040A01034,815448.0,8082.7206,0.0671,2025-12-31
Axis Mutual Fund,AXISESG,Axis ESG Integration Strategy Fund,Bharti Airtel Limited,Other,INE397D01024,377000.0,7938.112,0.0659,2025-12-31
Axis Mutual Fund,AXISESG,Axis ESG Integration Strategy Fund,Bajaj Finance Limited,Other,INE296A01032,665900.0,6571.1012,0.0546,2025-12-31
Axis Mutual Fund,AXISESG,Axis ESG Integration Strategy Fund,Reliance Industries Limited,Other,INE002A01018,390740.0,6136.181,0.0509,2025-12-31
Axis Mutual Fund,AXISESG,Axis ESG Integration Strategy Fund,Gland Pharma Limited,Other,INE068V01023,289485.0,4984.9317,0.0414,2025-12-31
Axis Mutual Fund,AXISESG,Axis ESG Integration Strategy Fund,AU Small Finance Bank Limited,Other,INE949L01017,440460.0,4380.3747,0.0364,2025-12-31
Axis Mutual Fund,AXISESG,Axis ESG Integration Strategy Fund,Infosys Limited,Other,INE009A01021,268378.0,4335.3782,0.036,2025-12-31
Axis Mutual Fund,AXISESG,Axis ESG Integration Strategy Fund,Maruti Suzuki India Limited,Other,INE585B01010,22968.0,3834.967,0.0318,2025-12-31
Axis Mutual Fund,AXISESG,Axis ESG Integration Strategy Fund,TVS Motor Company Limited,Other,INE494B01023,93375.0,3473.3633,0.0288,2025-12-31
Axis Mutual Fund,AXISESG,Axis ESG Integration Strategy Fund,Eternal Limited,Other,INE758T01015,1244435.0,3460.1515,0.0287,2025-12-31
Axis Mutual Fund,AXISESG,Axis ESG Integration Strategy Fund,HCL Technologies Limited,Other,INE860A01027,212049.0,3442.1914,0.0286,2025-12-31
Axis Mutual Fund,AXISESG,Axis ESG Integration Strategy Fund,Cholamandalam Investment and Finance Company Ltd,Other,INE121A01024,202103.0,3440.1973,0.0286,2025-12-31
Axis Mutual Fund,AXISESG,Axis ESG Integration Strategy Fund,Larsen & Toubro Limited,Other,INE018A01030,75000.0,3062.625,0.0254,2025-12-31
Axis Mutual Fund,AXISESG,Axis ESG Integration Strategy Fund,Tech Mahindra Limited,Other,INE669C01036,175683.0,2794.9408,0.0232,2025-12-31
Axis Mutual Fund,AXISESG,Axis ESG Integration Strategy Fund,Tata Consumer Products Limited,Other,INE192A01025,216972.0,2586.3062,0.0215,2025-12-31
Axis Mutual Fund,AXISESG,Axis ESG Integration Strategy Fund,Varun Beverages Limited,Other,INE200M01039,525185.0,2572.6187,0.0214,2025-12-31
Axis Mutual Fund,AXISESG,Axis ESG Integration Strategy Fund,Wipro Limited,Other,INE075A01022,950000.0,2501.16,0.0208,2025-12-31
Axis Mutual Fund,AXISESG,Axis ESG Integration Strategy Fund,Kotak Mahindra Bank Limited,Other,INE237A01028,109000.0,2399.199,0.0199,2025-12-31
Axis Mutual Fund,AXISESG,Axis ESG Integration Strategy Fund,State Bank of India,Other,INE062A01020,230000.0,2259.06,0.0188,2025-12-31
Axis Mutual Fund,AXISESG,Axis ESG Integration Strategy Fund,Coforge Limited,Other,INE591G01025,131805.0,2191.9172,0.0182,2025-12-31
Axis Mutual Fund,AXISESG,Axis ESG Integration Strategy Fund,Trent Limited,Other,INE849A01020,50969.0,2180.9635,0.0181,2025-12-31
Axis Mutual Fund,AXISESG,Axis ESG Integration Strategy Fund,Cipla Limited,Other,INE059A01026,135000.0,2040.255,0.0169,2025-12-31
Axis Mutual Fund,AXISESG,Axis ESG Integration Strategy Fund,Shriram Finance Limited,Other,INE721A01047,200000.0,1992.4,0.0165,2025-12-31
Axis Mutual Fund,AXISESG,Axis ESG Integration Strategy Fund,Sun Pharmaceutical Industries Limited,Other,INE044A01036,105000.0,1805.685,0.015,2025-12-31
Axis Mutual Fund,AXISESG,Axis ESG Integration Strategy Fund,The Federal Bank Limited,Other,INE171A01029,626029.0,1672.1235,0.0139,2025-12-31
Axis Mutual Fund,AXISESG,Axis ESG Integration Strategy Fund,Amber Enterprises India Limited,Other,INE371P01015,25000.0,1596.75,0.0133,2025-12-31
Axis Mutual Fund,AXISESG,Axis ESG Integration Strategy Fund,Torrent Pharmaceuticals Limited,Other,INE685A01028,40547.0,1561.0595,0.013,2025-12-31
Axis Mutual Fund,AXISESG,Axis ESG Integration Strategy Fund,Craftsman Automation Limited,Other,INE00LO01017,19054.0,1465.1573,0.0122,2025-12-31
Axis Mutual Fund,AXISESG,Axis ESG Integration Strategy Fund,UltraTech Cement Limited,Other,INE481G01011,10841.0,1277.5034,0.0106,2025-12-31
Axis Mutual Fund,AXISESG,Axis ESG Integration Strategy Fund,Hindustan Unilever Limited,Other,INE030A01027,55000.0,1273.745,0.0106,2025-12-31
Axis Mutual Fund,AXISESG,Axis ESG Integration Strategy Fund,Tata Motors Ltd,Other,INE1TAE01010,301180.0,1251.4029,0.0104,2025-12-31
Axis Mutual Fund,AXISESG,Axis ESG Integration Strategy Fund,LTIMindtree Limited,Other,INE214T01019,20500.0,1243.0175,0.0103,2025-12-31
Axis Mutual Fund,AXISESG,Axis ESG Integration Strategy Fund,SBI Life Insurance Company Limited,Other,INE123W01016,60571.0,1232.5593,0.0102,2025-12-31
Axis Mutual Fund,AXISESG,Axis ESG Integration Strategy Fund,Titan Company Limited,Other,INE280A01028,30005.0,1215.6526,0.0101,2025-12-31
Axis Mutual Fund,AXISESG,Axis ESG Integration Strategy Fund,Apollo Hospitals Enterprise Limited,Other,INE437A01024,17000.0,1197.225,0.0099,2025-12-31
Axis Mutual Fund,AXISESG,Axis ESG Integration Strategy Fund,Info Edge (India) Limited,Other,INE663F01032,86310.0,1151.0302,0.0096,2025-12-31
Axis Mutual Fund,AXISESG,Axis ESG Integration Strategy Fund,Tata Motors Passenger Vehicles Limited,Other,INE155A01022,301180.0,1106.3847,0.0092,2025-12-31
Axis Mutual Fund,AXISESG,Axis ESG Integration Strategy Fund,Samvardhana Motherson International Limited,Other,INE775A01035,824344.0,988.7182,0.0082,2025-12-31
Axis Mutual Fund,AXISESG,Axis ESG Integration Strategy Fund,ICICI Prudential Life Insurance Company Limited,Other,INE726G01019,146920.0,981.7929,0.0082,2025-12-31
Axis Mutual Fund,AXISESG,Axis ESG Integration Strategy Fund,Symphony Limited,Other,INE225D01027,83001.0,731.9443,0.0061,2025-12-31
Axis Mutual Fund,AXISESG,Axis ESG Integration Strategy Fund,Jyoti CNC Automation Ltd,Other,INE980O01024,72865.0,720.8534,0.006,2025-12-31
Axis Mutual Fund,AXISESG,Axis ESG Integration Strategy Fund,Godrej Consumer Products Limited,Other,INE102D01028,50000.0,611.1,0.0051,2025-12-31
Axis Mutual Fund,AXISESG,Axis ESG Integration Strategy Fund,Go Fashion (India) Limited,Other,INE0BJS01011,98619.0,455.5212,0.0038,2025-12-31
Axis Mutual Fund,AXISESG,Axis ESG Integration Strategy Fund,Aditya Vision Ltd,Other,INE679V01027,12147.0,59.2834,0.0005,2025-12-31
Axis Mutual Fund,AXISESG,Axis ESG Integration Strategy Fund,InterGlobe Aviation Limited,Other,INE646L01027,827.0,41.8421,0.0003,2025-12-31
Axis Mutual Fund,AXISESG,Axis ESG Integration Strategy Fund,Tata Consultancy Services Limited,Other,INE467B01029,1066.0,34.1781,0.0003,2025-12-31
Axis Mutual Fund,AXISESG,Axis ESG Integration Strategy Fund,Kwality Walls (India) Limited,Other,INE2KCE01013,55000.0,22.11,0.0002,2025-12-31
Axis Mutual Fund,AXISESG,Axis ESG Integration Strategy Fund,6% TVS Motor Co Non Conv Rede Pref Shares 01SEP26 **,Other,INE494B04019,373500.0,38.0447,0.0003,2025-12-31
Axis Mutual Fund,AXISF25,Axis Focused Fund,ICICI Bank Limited,Other,INE090A01021,8141967.0,109338.4748,0.0913,2025-12-31
Axis Mutual Fund,AXISF25,Axis Focused Fund,HDFC Bank Limited,Other,INE040A01034,9783958.0,96978.5917,0.081,2025-12-31
Axis Mutual Fund,AXISF25,Axis Focused Fund,Eternal Limited,Other,INE758T01015,25167777.0,69979.0039,0.0585,2025-12-31
Axis Mutual Fund,AXISF25,Axis Focused Fund,Cholamandalam Investment and Finance Company Ltd,Other,INE121A01024,3711001.0,63168.659,0.0528,2025-12-31
Axis Mutual Fund,AXISF25,Axis Focused Fund,Divi's Laboratories Limited,Other,INE361B01024,932714.0,59623.7425,0.0498,2025-12-31
Axis Mutual Fund,AXISF25,Axis Focused Fund,Bharti Airtel Limited,Other,INE397D01024,2831381.0,59617.5583,0.0498,2025-12-31
Axis Mutual Fund,AXISF25,Axis Focused Fund,Infosys Limited,Other,INE009A01021,3538434.0,57159.8628,0.0477,2025-12-31
Axis Mutual Fund,AXISF25,Axis Focused Fund,Bajaj Finance Limited,Other,INE296A01032,5022585.0,49562.8688,0.0414,2025-12-31
Axis Mutual Fund,AXISF25,Axis Focused Fund,Apollo Hospitals Enterprise Limited,Other,INE437A01024,668123.0,47052.5623,0.0393,2025-12-31
Axis Mutual Fund,AXISF25,Axis Focused Fund,PB Fintech Limited,Other,INE417T01026,2432766.0,44412.5761,0.0371,2025-12-31
Axis Mutual Fund,AXISF25,Axis Focused Fund,Pidilite Industries Limited,Other,INE318A01026,2931176.0,43451.753,0.0363,2025-12-31
Axis Mutual Fund,AXISF25,Axis Focused Fund,Mahindra & Mahindra Limited,Other,INE101A01026,1170148.0,43403.1296,0.0363,2025-12-31
Axis Mutual Fund,AXISF25,Axis Focused Fund,InterGlobe Aviation Limited,Other,INE646L01027,764491.0,38679.4221,0.0323,2025-12-31
Axis Mutual Fund,AXISF25,Axis Focused Fund,Prestige Estates Projects Limited,Other,INE811K01011,2308257.0,36812.0826,0.0307,2025-12-31
Axis Mutual Fund,AXISF25,Axis Focused Fund,Torrent Power Limited,Other,INE813H01021,2809230.0,36708.2084,0.0307,2025-12-31
Axis Mutual Fund,AXISF25,Axis Focused Fund,Hindustan Aeronautics Limited,Other,INE066F01020,807690.0,35447.091,0.0296,2025-12-31
Axis Mutual Fund,AXISF25,Axis Focused Fund,Reliance Industries Limited,Other,INE002A01018,1950859.0,30636.2897,0.0256,2025-12-31
Axis Mutual Fund,AXISF25,Axis Focused Fund,Hyundai Motor India Ltd,Other,INE0V6F01027,1146834.0,26354.2453,0.022,2025-12-31
Axis Mutual Fund,AXISF25,Axis Focused Fund,Info Edge (India) Limited,Other,INE663F01032,1869453.0,24931.0252,0.0208,2025-12-31
Axis Mutual Fund,AXISF25,Axis Focused Fund,Cummins India Limited,Other,INE298A01020,547992.0,24300.1572,0.0203,2025-12-31
Axis Mutual Fund,AXISF25,Axis Focused Fund,Apar Industries Limited,Other,INE372A01015,283723.0,23740.522,0.0198,2025-12-31
Axis Mutual Fund,AXISF25,Axis Focused Fund,Tata Consultancy Services Limited,Other,INE467B01029,729838.0,23400.066,0.0195,2025-12-31
Axis Mutual Fund,AXISF25,Axis Focused Fund,Mankind Pharma Limited,Other,INE634S01028,1037596.0,22790.7961,0.019,2025-12-31
Axis Mutual Fund,AXISF25,Axis Focused Fund,United Spirits Limited,Other,INE854D01024,1376895.0,19878.2331,0.0166,2025-12-31
Axis Mutual Fund,AXISF25,Axis Focused Fund,Trent Limited,Other,INE849A01020,343158.0,14683.7308,0.0123,2025-12-31
Axis Mutual Fund,AXISF25,Axis Focused Fund,Cohance Lifesciences Limited,Other,INE03QK01018,1327133.0,7015.225,0.0059,2025-12-31
Axis Mutual Fund,AXISF25,Axis Focused Fund,Titan Company Limited,Other,INE280A01028,145415.0,5891.4887,0.0049,2025-12-31
Axis Mutual Fund,AXISFLO,Axis Floater Fund,7.34% Government of India (22/04/2064),Other,IN0020240035,1934000.0,1928.1825,0.1278,2025-12-31
Axis Mutual Fund,AXISFLO,Axis Floater Fund,6.68% Government of India (07/07/2040),Other,IN0020250042,1000000.0,971.044,0.0644,2025-12-31
Axis Mutual Fund,AXISFLO,Axis Floater Fund,6.96% Andhra Pradesh State Development Loans (19/05/2035),Other,IN1020210077,1000000.0,967.987,0.0642,2025-12-31
Axis Mutual Fund,AXISFLO,Axis Floater Fund,6.9% Government of India (15/04/2065),Other,IN0020250018,1000000.0,943.604,0.0626,2025-12-31
Axis Mutual Fund,AXISFLO,Axis Floater Fund,6.48% Government of India (06/10/2035),Other,IN0020250091,750600.0,744.1141,0.0493,2025-12-31
Axis Mutual Fund,AXISFLO,Axis Floater Fund,Jubilant Bevco Limited (31/05/2028) (ZCB) **,Other,INE1D4P08019,500.0,536.7975,0.0356,2025-12-31
Axis Mutual Fund,AXISFLO,Axis Floater Fund,Jubilant Beverages Limited (31/05/2028) (ZCB) **,Other,INE1D4O08012,500.0,535.162,0.0355,2025-12-31
Axis Mutual Fund,AXISFLO,Axis Floater Fund,9.233% Shriram Finance Limited (18/05/2027) **,Other,INE721A07RV0,500.0,512.0585,0.0339,2025-12-31
Axis Mutual Fund,AXISFLO,Axis Floater Fund,7.96% Pipeline Infrastructure Private Limited (11/03/2028) **,Other,INE01XX07042,500.0,510.515,0.0338,2025-12-31
Axis Mutual Fund,AXISFLO,Axis Floater Fund,8.52% Muthoot Finance Limited (26/05/2028) **,Other,INE414G07JO1,500.0,507.543,0.0336,2025-12-31
Axis Mutual Fund,AXISFLO,Axis Floater Fund,7.65% Bihar State Development Loans (24/12/2033),Other,IN1320250211,500000.0,505.3125,0.0335,2025-12-31
Axis Mutual Fund,AXISFLO,Axis Floater Fund,7.96% Pipeline Infrastructure Private Limited (11/03/2027) **,Other,INE01XX07059,500.0,505.2015,0.0335,2025-12-31
Axis Mutual Fund,AXISFLO,Axis Floater Fund,8.75% Motilal Oswal Finvest Limited (29/10/2027) **,Other,INE01WN07136,500.0,503.716,0.0334,2025-12-31
Axis Mutual Fund,AXISFLO,Axis Floater Fund,8.75% Piramal Finance Limited (29/10/2027) **,Other,INE202B07JW4,500.0,500.7115,0.0332,2025-12-31
Axis Mutual Fund,AXISFLO,Axis Floater Fund,7.43% Maharashtra State Development Loans (03/12/2040),Other,IN2220250392,500000.0,500.0475,0.0331,2025-12-31
Axis Mutual Fund,AXISFLO,Axis Floater Fund,8.75% 360 One Prime Limited (10/09/2027) **,Other,INE248U07GA9,500.0,500.029,0.0331,2025-12-31
Axis Mutual Fund,AXISFLO,Axis Floater Fund,7.24% Government of India (18/08/2055),Other,IN0020250075,500000.0,498.636,0.0331,2025-12-31
Axis Mutual Fund,AXISFLO,Axis Floater Fund,7.11% Power Finance Corporation Limited (30/06/2036) **,Other,INE134E08LI6,50.0,494.311,0.0328,2025-12-31
Axis Mutual Fund,AXISFLO,Axis Floater Fund,182 Days Tbill (MD 30/04/2026),Other,IN002025Y313,1000000.0,982.825,0.0652,2025-12-31
Axis Mutual Fund,AXISFLO,Axis Floater Fund,SBI - Corporate Debt Market Development Fund (CDMDF) - Class A2,Other,INF0RQ622028,1150.043,132.8736,0.0088,2025-12-31
Axis Mutual Fund,AXISFSD,Axis CRISIL-IBX Financial Services 3-6 Months Debt Index Fund,7.8% REC Limited (30/05/2026) **,Equity,INE020B08ES7,2500.0,2509.695,0.0823,2025-12-31
Axis Mutual Fund,AXISFSD,Axis CRISIL-IBX Financial Services 3-6 Months Debt Index Fund,7.78% Bajaj Housing Finance Limited (26/05/2026) **,Equity,INE377Y07425,250.0,2508.12,0.0823,2025-12-31
Axis Mutual Fund,AXISFSD,Axis CRISIL-IBX Financial Services 3-6 Months Debt Index Fund,7.37% Power Finance Corporation Limited (22/05/2026) **,Equity,INE134E08MO2,2500.0,2504.49,0.0821,2025-12-31
Axis Mutual Fund,AXISFSD,Axis CRISIL-IBX Financial Services 3-6 Months Debt Index Fund,6.01% LIC Housing Finance Limited (19/05/2026) **,Equity,INE115A07PF2,250.0,2492.38,0.0818,2025-12-31
Axis Mutual Fund,AXISFSD,Axis CRISIL-IBX Financial Services 3-6 Months Debt Index Fund,Bank of Baroda (05/06/2026),Equity,INE028A16KR4,700.0,3407.747,0.1118,2025-12-31
Axis Mutual Fund,AXISFSD,Axis CRISIL-IBX Financial Services 3-6 Months Debt Index Fund,Small Industries Dev Bank of India (20/05/2026) **,Equity,INE556F16BI1,500.0,2440.52,0.0801,2025-12-31
Axis Mutual Fund,AXISFSD,Axis CRISIL-IBX Financial Services 3-6 Months Debt Index Fund,Indian Bank (05/06/2026) **,Equity,INE562A16PZ4,500.0,2434.4075,0.0799,2025-12-31
Axis Mutual Fund,AXISFSD,Axis CRISIL-IBX Financial Services 3-6 Months Debt Index Fund,Punjab National Bank (18/03/2026),Equity,INE160A16RK5,400.0,1975.682,0.0648,2025-12-31
Axis Mutual Fund,AXISFSD,Axis CRISIL-IBX Financial Services 3-6 Months Debt Index Fund,HDFC Bank Limited (19/05/2026),Equity,INE040A16GW7,300.0,1464.8325,0.048,2025-12-31
Axis Mutual Fund,AXISFSD,Axis CRISIL-IBX Financial Services 3-6 Months Debt Index Fund,National Bank For Agriculture and Rural Development (27/02/2026) **,Equity,INE261F16967,100.0,495.393,0.0162,2025-12-31
Axis Mutual Fund,AXISFSD,Axis CRISIL-IBX Financial Services 3-6 Months Debt Index Fund,Export Import Bank of India (04/03/2026),Equity,INE514E16CJ9,100.0,495.0345,0.0162,2025-12-31
Axis Mutual Fund,AXISFSD,Axis CRISIL-IBX Financial Services 3-6 Months Debt Index Fund,HDFC Bank Limited (09/03/2026) **,Equity,INE040A16HM6,100.0,494.643,0.0162,2025-12-31
Axis Mutual Fund,AXISFSD,Axis CRISIL-IBX Financial Services 3-6 Months Debt Index Fund,Canara Bank (12/03/2026) **,Equity,INE476A16B23,100.0,494.3825,0.0162,2025-12-31
Axis Mutual Fund,AXISFSD,Axis CRISIL-IBX Financial Services 3-6 Months Debt Index Fund,Tata Capital Limited (21/05/2026) **,Equity,INE976I14PZ4,500.0,2437.045,0.0799,2025-12-31
Axis Mutual Fund,AXISFSD,Axis CRISIL-IBX Financial Services 3-6 Months Debt Index Fund,L&T Finance Limited (10/06/2026) **,Equity,INE498L14ED4,500.0,2427.9975,0.0796,2025-12-31
Axis Mutual Fund,AXISFSD,Axis CRISIL-IBX Financial Services 3-6 Months Debt Index Fund,HDB Financial Services Limited (16/03/2026) **,Equity,INE756I14EZ4,200.0,987.161,0.0324,2025-12-31
Axis Mutual Fund,AXISGCE,Axis Greater China Equity Fund of Fund,Schroder ISF Greater China Class X Acc,Equity,LU2289884996,2420052.896394,177966.5777,0.9666,2025-12-31
Axis Mutual Fund,AXISGEA,Axis Global Equity Alpha Fund of Fund,Schroder ISF Global Equity Alpha Class X1 Acc,Equity,LU2225036040,730772.427138,132777.6999,0.9217,2025-12-31
Axis Mutual Fund,AXISGIF,Axis Global Innovation Fund of Fund,Schroder International Selection Fund Global innovation,Other,LU2340194146,479475.58792,62363.6124,0.9605,2025-12-31
Axis Mutual Fund,AXISGLD,Axis Gold Fund,Axis Gold ETF,Other,INF846K01W80,195829138.0,216763.2729,1.0003,2025-12-31
Axis Mutual Fund,AXISGOF,Axis Large & Mid Cap Fund,HDFC Bank Limited,Other,INE040A01034,9572140.0,94879.0517,0.0608,2025-12-31
Axis Mutual Fund,AXISGOF,Axis Large & Mid Cap Fund,ICICI Bank Limited,Other,INE090A01021,4699365.0,63107.7726,0.0404,2025-12-31
Axis Mutual Fund,AXISGOF,Axis Large & Mid Cap Fund,Reliance Industries Limited,Other,INE002A01018,3745528.0,58819.7717,0.0377,2025-12-31
Axis Mutual Fund,AXISGOF,Axis Large & Mid Cap Fund,Bharti Airtel Limited,Other,INE397D01024,1543339.0,32496.546,0.0208,2025-12-31
Axis Mutual Fund,AXISGOF,Axis Large & Mid Cap Fund,Torrent Power Limited,Other,INE813H01021,2399257.0,31351.0912,0.0201,2025-12-31
Axis Mutual Fund,AXISGOF,Axis Large & Mid Cap Fund,The Federal Bank Limited,Other,INE171A01029,11666267.0,31160.5992,0.02,2025-12-31
Axis Mutual Fund,AXISGOF,Axis Large & Mid Cap Fund,State Bank of India,Other,INE062A01020,3124060.0,30684.5173,0.0196,2025-12-31
Axis Mutual Fund,AXISGOF,Axis Large & Mid Cap Fund,Larsen & Toubro Limited,Other,INE018A01030,748017.0,30545.2742,0.0196,2025-12-31
Axis Mutual Fund,AXISGOF,Axis Large & Mid Cap Fund,Multi Commodity Exchange of India Limited,Other,INE745G01035,251061.0,27958.153,0.0179,2025-12-31
Axis Mutual Fund,AXISGOF,Axis Large & Mid Cap Fund,Infosys Limited,Other,INE009A01021,1695325.0,27386.2801,0.0175,2025-12-31
Axis Mutual Fund,AXISGOF,Axis Large & Mid Cap Fund,Shriram Finance Limited,Other,INE721A01047,2747879.0,27374.3706,0.0175,2025-12-31
Axis Mutual Fund,AXISGOF,Axis Large & Mid Cap Fund,Mahindra & Mahindra Limited,Other,INE101A01026,726237.0,26937.5828,0.0172,2025-12-31
Axis Mutual Fund,AXISGOF,Axis Large & Mid Cap Fund,Bajaj Finance Limited,Other,INE296A01032,2660167.0,26250.528,0.0168,2025-12-31
Axis Mutual Fund,AXISGOF,Axis Large & Mid Cap Fund,Eternal Limited,Other,INE758T01015,9134980.0,25399.8119,0.0163,2025-12-31
Axis Mutual Fund,AXISGOF,Axis Large & Mid Cap Fund,Divi's Laboratories Limited,Other,INE361B01024,380368.0,24315.0244,0.0156,2025-12-31
Axis Mutual Fund,AXISGOF,Axis Large & Mid Cap Fund,Fortis Healthcare Limited,Other,INE061F01013,2624593.0,23201.4021,0.0149,2025-12-31
Axis Mutual Fund,AXISGOF,Axis Large & Mid Cap Fund,GE Vernova T&D India Limited,Other,INE200A01026,718996.0,22522.5497,0.0144,2025-12-31
Axis Mutual Fund,AXISGOF,Axis Large & Mid Cap Fund,Kotak Mahindra Bank Limited,Other,INE237A01028,985136.0,21683.8285,0.0139,2025-12-31
Axis Mutual Fund,AXISGOF,Axis Large & Mid Cap Fund,Coforge Limited,Other,INE591G01025,1259180.0,20940.1634,0.0134,2025-12-31
Axis Mutual Fund,AXISGOF,Axis Large & Mid Cap Fund,Vishal Mega Mart Limited,Other,INE01EA01019,13165702.0,17954.0678,0.0115,2025-12-31
Axis Mutual Fund,AXISGOF,Axis Large & Mid Cap Fund,Bharat Electronics Limited,Other,INE263A01024,4041979.0,16151.7481,0.0103,2025-12-31
Axis Mutual Fund,AXISGOF,Axis Large & Mid Cap Fund,Cummins India Limited,Other,INE298A01020,360384.0,15980.8681,0.0102,2025-12-31
Axis Mutual Fund,AXISGOF,Axis Large & Mid Cap Fund,CG Power and Industrial Solutions Limited,Other,INE067A01029,2441553.0,15818.8219,0.0101,2025-12-31
Axis Mutual Fund,AXISGOF,Axis Large & Mid Cap Fund,Persistent Systems Limited,Other,INE262H01021,251629.0,15782.1709,0.0101,2025-12-31
Axis Mutual Fund,AXISGOF,Axis Large & Mid Cap Fund,HDFC Asset Management Company Limited,Other,INE127D01025,590422.0,15777.2567,0.0101,2025-12-31
Axis Mutual Fund,AXISGOF,Axis Large & Mid Cap Fund,Bharat Heavy Electricals Limited,Other,INE257A01026,5354417.0,15391.2717,0.0099,2025-12-31
Axis Mutual Fund,AXISGOF,Axis Large & Mid Cap Fund,TVS Motor Company Limited,Other,INE494B01023,413010.0,15363.146,0.0098,2025-12-31
Axis Mutual Fund,AXISGOF,Axis Large & Mid Cap Fund,The Indian Hotels Company Limited,Other,INE053A01029,2053793.0,15174.4496,0.0097,2025-12-31
Axis Mutual Fund,AXISGOF,Axis Large & Mid Cap Fund,PB Fintech Limited,Other,INE417T01026,829789.0,15148.628,0.0097,2025-12-31
Axis Mutual Fund,AXISGOF,Axis Large & Mid Cap Fund,UNO Minda Limited,Other,INE405E01023,1173079.0,15083.4498,0.0097,2025-12-31
Axis Mutual Fund,AXISGOF,Axis Large & Mid Cap Fund,The Phoenix Mills Limited,Other,INE211B01039,812545.0,15060.5216,0.0096,2025-12-31
Axis Mutual Fund,AXISGOF,Axis Large & Mid Cap Fund,Tech Mahindra Limited,Other,INE669C01036,941889.0,14984.5121,0.0096,2025-12-31
Axis Mutual Fund,AXISGOF,Axis Large & Mid Cap Fund,Mankind Pharma Limited,Other,INE634S01028,679650.0,14928.5123,0.0096,2025-12-31
Axis Mutual Fund,AXISGOF,Axis Large & Mid Cap Fund,Torrent Pharmaceuticals Limited,Other,INE685A01028,387176.0,14906.276,0.0095,2025-12-31
Axis Mutual Fund,AXISGOF,Axis Large & Mid Cap Fund,AU Small Finance Bank Limited,Other,INE949L01017,1483801.0,14756.4009,0.0094,2025-12-31
Axis Mutual Fund,AXISGOF,Axis Large & Mid Cap Fund,BSE Limited,Other,INE118H01025,560000.0,14740.32,0.0094,2025-12-31
Axis Mutual Fund,AXISGOF,Axis Large & Mid Cap Fund,Pidilite Industries Limited,Other,INE318A01026,987148.0,14633.482,0.0094,2025-12-31
Axis Mutual Fund,AXISGOF,Axis Large & Mid Cap Fund,Solar Industries India Limited,Other,INE343H01029,119119.0,14594.4599,0.0093,2025-12-31
Axis Mutual Fund,AXISGOF,Axis Large & Mid Cap Fund,Sundaram Finance Limited,Other,INE660A01013,276047.0,14583.0109,0.0093,2025-12-31
Axis Mutual Fund,AXISGOF,Axis Large & Mid Cap Fund,Schaeffler India Limited,Other,INE513A01022,370788.0,14382.8665,0.0092,2025-12-31
Axis Mutual Fund,AXISGOF,Axis Large & Mid Cap Fund,Blue Star Limited,Other,INE472A01039,791248.0,13694.1291,0.0088,2025-12-31
Axis Mutual Fund,AXISGOF,Axis Large & Mid Cap Fund,Mphasis Limited,Other,INE356A01018,489177.0,13653.9084,0.0087,2025-12-31
Axis Mutual Fund,AXISGOF,Axis Large & Mid Cap Fund,Sona BLW Precision Forgings Limited,Other,INE073K01018,2783092.0,13342.143,0.0085,2025-12-31
Axis Mutual Fund,AXISGOF,Axis Large & Mid Cap Fund,Premier Energies Limited,Other,INE0BS701011,1546446.0,13023.395,0.0083,2025-12-31
Axis Mutual Fund,AXISGOF,Axis Large & Mid Cap Fund,Apar Industries Limited,Other,INE372A01015,154012.0,12886.9541,0.0083,2025-12-31
Axis Mutual Fund,AXISGOF,Axis Large & Mid Cap Fund,Ashok Leyland Limited,Other,INE208A01029,6860764.0,12293.803,0.0079,2025-12-31
Axis Mutual Fund,AXISGOF,Axis Large & Mid Cap Fund,Hyundai Motor India Ltd,Other,INE0V6F01027,530690.0,12195.2562,0.0078,2025-12-31
Axis Mutual Fund,AXISGOF,Axis Large & Mid Cap Fund,Indian Bank,Other,INE562A01011,1451783.0,12155.0532,0.0078,2025-12-31
Axis Mutual Fund,AXISGOF,Axis Large & Mid Cap Fund,Maruti Suzuki India Limited,Other,INE585B01010,71238.0,11894.6089,0.0076,2025-12-31
Axis Mutual Fund,AXISGOF,Axis Large & Mid Cap Fund,Swiggy Limited,Other,INE00H001014,3013894.0,11641.1656,0.0075,2025-12-31
Axis Mutual Fund,AXISGOF,Axis Large & Mid Cap Fund,UltraTech Cement Limited,Other,INE481G01011,98494.0,11606.533,0.0074,2025-12-31
Axis Mutual Fund,AXISGOF,Axis Large & Mid Cap Fund,HDFC Life Insurance Company Limited,Other,INE795G01014,1484684.0,11132.903,0.0071,2025-12-31
Axis Mutual Fund,AXISGOF,Axis Large & Mid Cap Fund,Indus Towers Limited,Other,INE121J01017,2616308.0,10955.7898,0.007,2025-12-31
Axis Mutual Fund,AXISGOF,Axis Large & Mid Cap Fund,ITC Limited,Other,INE154A01025,2603861.0,10493.5598,0.0067,2025-12-31
Axis Mutual Fund,AXISGOF,Axis Large & Mid Cap Fund,Lupin Limited,Other,INE326A01037,484481.0,10220.1267,0.0065,2025-12-31
Axis Mutual Fund,AXISGOF,Axis Large & Mid Cap Fund,L&T Finance Limited,Other,INE498L01015,3118845.0,9853.9908,0.0063,2025-12-31
Axis Mutual Fund,AXISGOF,Axis Large & Mid Cap Fund,Cholamandalam Investment and Finance Company Ltd,Other,INE121A01024,576194.0,9807.9743,0.0063,2025-12-31
Axis Mutual Fund,AXISGOF,Axis Large & Mid Cap Fund,Titan Company Limited,Other,INE280A01028,238695.0,9670.7279,0.0062,2025-12-31
Axis Mutual Fund,AXISGOF,Axis Large & Mid Cap Fund,Minda Corporation Limited,Other,INE842C01021,1618518.0,9291.9118,0.006,2025-12-31
Axis Mutual Fund,AXISGOF,Axis Large & Mid Cap Fund,RBL Bank Limited,Other,INE976G01028,2911533.0,9194.6212,0.0059,2025-12-31
Axis Mutual Fund,AXISGOF,Axis Large & Mid Cap Fund,Berger Paints (I) Limited,Other,INE463A01038,1695127.0,9095.2039,0.0058,2025-12-31
Axis Mutual Fund,AXISGOF,Axis Large & Mid Cap Fund,Mahindra & Mahindra Financial Services Limited,Other,INE774D01024,2255305.0,9088.8792,0.0058,2025-12-31
Axis Mutual Fund,AXISGOF,Axis Large & Mid Cap Fund,Vijaya Diagnostic Centre Limited,Other,INE043W01024,837651.0,8887.4771,0.0057,2025-12-31
Axis Mutual Fund,AXISGOF,Axis Large & Mid Cap Fund,Coromandel International Limited,Other,INE169A01031,392117.0,8886.9397,0.0057,2025-12-31
Axis Mutual Fund,AXISGOF,Axis Large & Mid Cap Fund,Hindalco Industries Limited,Other,INE038A01020,1000000.0,8867.0,0.0057,2025-12-31
Axis Mutual Fund,AXISGOF,Axis Large & Mid Cap Fund,KEI Industries Limited,Other,INE878B01027,196977.0,8785.5682,0.0056,2025-12-31
Axis Mutual Fund,AXISGOF,Axis Large & Mid Cap Fund,ITC Hotels Limited,Other,INE379A01028,4401370.0,8689.6248,0.0056,2025-12-31
Axis Mutual Fund,AXISGOF,Axis Large & Mid Cap Fund,Dixon Technologies (India) Limited,Other,INE935N01020,71171.0,8613.1144,0.0055,2025-12-31
Axis Mutual Fund,AXISGOF,Axis Large & Mid Cap Fund,Apollo Hospitals Enterprise Limited,Other,INE437A01024,122270.0,8610.8648,0.0055,2025-12-31
Axis Mutual Fund,AXISGOF,Axis Large & Mid Cap Fund,Sun Pharmaceutical Industries Limited,Other,INE044A01036,498078.0,8565.4474,0.0055,2025-12-31
Axis Mutual Fund,AXISGOF,Axis Large & Mid Cap Fund,Jubilant Foodworks Limited,Other,INE797F01020,1491624.0,8332.2117,0.0053,2025-12-31
Axis Mutual Fund,AXISGOF,Axis Large & Mid Cap Fund,Varun Beverages Limited,Other,INE200M01039,1645963.0,8062.7498,0.0052,2025-12-31
Axis Mutual Fund,AXISGOF,Axis Large & Mid Cap Fund,FSN E-Commerce Ventures Limited,Other,INE388Y01029,2823793.0,7487.2871,0.0048,2025-12-31
Axis Mutual Fund,AXISGOF,Axis Large & Mid Cap Fund,Prestige Estates Projects Limited,Other,INE811K01011,453908.0,7238.9248,0.0046,2025-12-31
Axis Mutual Fund,AXISGOF,Axis Large & Mid Cap Fund,Birlasoft Limited,Other,INE836A01035,1654582.0,7169.3038,0.0046,2025-12-31
Axis Mutual Fund,AXISGOF,Axis Large & Mid Cap Fund,Glenmark Pharmaceuticals Limited,Other,INE935A01035,324839.0,6611.1233,0.0042,2025-12-31
Axis Mutual Fund,AXISGOF,Axis Large & Mid Cap Fund,InterGlobe Aviation Limited,Other,INE646L01027,130023.0,6578.5137,0.0042,2025-12-31
Axis Mutual Fund,AXISGOF,Axis Large & Mid Cap Fund,Linde India Limited,Other,INE473A01011,107159.0,6381.8542,0.0041,2025-12-31
Axis Mutual Fund,AXISGOF,Axis Large & Mid Cap Fund,Avenue Supermarts Limited,Other,INE192R01011,165636.0,6264.6848,0.004,2025-12-31
Axis Mutual Fund,AXISGOF,Axis Large & Mid Cap Fund,Hindustan Unilever Limited,Other,INE030A01027,260010.0,6021.5716,0.0039,2025-12-31
Axis Mutual Fund,AXISGOF,Axis Large & Mid Cap Fund,Lenskart Solutions Limited,Other,INE956O01016,1286794.0,5799.5806,0.0037,2025-12-31
Axis Mutual Fund,AXISGOF,Axis Large & Mid Cap Fund,Jyoti CNC Automation Ltd,Other,INE980O01024,577382.0,5712.0401,0.0037,2025-12-31
Axis Mutual Fund,AXISGOF,Axis Large & Mid Cap Fund,Tata Steel Limited,Other,INE081A01020,2985717.0,5376.6792,0.0034,2025-12-31
Axis Mutual Fund,AXISGOF,Axis Large & Mid Cap Fund,SBI Cards and Payment Services Limited,Other,INE018E01016,561066.0,4834.7057,0.0031,2025-12-31
Axis Mutual Fund,AXISGOF,Axis Large & Mid Cap Fund,Colgate Palmolive (India) Limited,Other,INE259A01022,227919.0,4730.9147,0.003,2025-12-31
Axis Mutual Fund,AXISGOF,Axis Large & Mid Cap Fund,Dabur India Limited,Other,INE016A01026,900000.0,4532.4,0.0029,2025-12-31
Axis Mutual Fund,AXISGOF,Axis Large & Mid Cap Fund,CreditAccess Grameen Limited,Other,INE741K01010,352890.0,4494.407,0.0029,2025-12-31
Axis Mutual Fund,AXISGOF,Axis Large & Mid Cap Fund,Gland Pharma Limited,Other,INE068V01023,258292.0,4447.7882,0.0028,2025-12-31
Axis Mutual Fund,AXISGOF,Axis Large & Mid Cap Fund,HDB Financial Services Limited,Other,INE756I01012,408230.0,3125.2048,0.002,2025-12-31
Axis Mutual Fund,AXISGOF,Axis Large & Mid Cap Fund,Godrej Consumer Products Limited,Other,INE102D01028,253230.0,3094.9771,0.002,2025-12-31
Axis Mutual Fund,AXISGOF,Axis Large & Mid Cap Fund,LG Electronics India Ltd,Other,INE324D01010,186418.0,2836.1635,0.0018,2025-12-31
Axis Mutual Fund,AXISGOF,Axis Large & Mid Cap Fund,Bharat Petroleum Corporation Limited,Other,INE029A01011,720863.0,2768.1139,0.0018,2025-12-31
Axis Mutual Fund,AXISGOF,Axis Large & Mid Cap Fund,Anthem Biosciences Limited,Other,INE0CZ201020,375297.0,2445.06,0.0016,2025-12-31
Axis Mutual Fund,AXISGOF,Axis Large & Mid Cap Fund,Tata Capital Limited,Other,INE976I01016,559844.0,1913.8267,0.0012,2025-12-31
Axis Mutual Fund,AXISGOF,Axis Large & Mid Cap Fund,Capillary Technologies India Limited,Other,INE0ILV01024,20622.0,138.817,0.0001,2025-12-31
Axis Mutual Fund,AXISGOF,Axis Large & Mid Cap Fund,Kwality Walls (India) Limited,Other,INE2KCE01013,260010.0,104.524,0.0001,2025-12-31
Axis Mutual Fund,AXISGOF,Axis Large & Mid Cap Fund,Alphabet Inc A,Other,US02079K3059,50932.0,14334.7591,0.0092,2025-12-31
Axis Mutual Fund,AXISGOF,Axis Large & Mid Cap Fund,Taiwan Semiconductor Sp ADR,Other,US8740391003,31780.0,8684.1164,0.0056,2025-12-31
Axis Mutual Fund,AXISGOF,Axis Large & Mid Cap Fund,Booking Holdings Inc,Other,US09857L1089,1458.0,7021.002,0.0045,2025-12-31
Axis Mutual Fund,AXISGOF,Axis Large & Mid Cap Fund,TJX ORD,Other,US8725401090,49419.0,6826.0391,0.0044,2025-12-31
Axis Mutual Fund,AXISGOF,Axis Large & Mid Cap Fund,Boston Scientific Corp,Other,US1011371077,73452.0,6297.6665,0.004,2025-12-31
Axis Mutual Fund,AXISGOF,Axis Large & Mid Cap Fund,Microsoft Corp,Other,US5949181045,13477.0,5860.7448,0.0038,2025-12-31
Axis Mutual Fund,AXISGOF,Axis Large & Mid Cap Fund,Uber Technologies Inc,Other,US90353T1007,61376.0,4509.5076,0.0029,2025-12-31
Axis Mutual Fund,AXISGOF,Axis Large & Mid Cap Fund,SAP SE,Other,US8030542042,19609.0,4283.0799,0.0027,2025-12-31
Axis Mutual Fund,AXISGOF,Axis Large & Mid Cap Fund,Parker-Hannifin Corp,Other,US7010941042,5370.0,4244.2282,0.0027,2025-12-31
Axis Mutual Fund,AXISGOF,Axis Large & Mid Cap Fund,Visa Inc,Other,US92826C8394,13384.0,4220.7479,0.0027,2025-12-31
Axis Mutual Fund,AXISGOF,Axis Large & Mid Cap Fund,Meta Platforms Registered Shares A,Other,US30303M1027,6992.0,4150.1128,0.0027,2025-12-31
Axis Mutual Fund,AXISGOF,Axis Large & Mid Cap Fund,Netflix Inc,Other,US64110L1061,44550.0,3755.9572,0.0024,2025-12-31
Axis Mutual Fund,AXISGOF,Axis Large & Mid Cap Fund,Autozone Inc,Other,US0533321024,948.0,2891.0493,0.0019,2025-12-31
Axis Mutual Fund,AXISGOF,Axis Large & Mid Cap Fund,Coca Cola Co.,Other,US1912161007,35471.0,2229.8111,0.0014,2025-12-31
Axis Mutual Fund,AXISGOF,Axis Large & Mid Cap Fund,Spotify Technology SA,Other,LU1778762911,2245.0,1172.279,0.0008,2025-12-31
Axis Mutual Fund,AXISGOF,Axis Large & Mid Cap Fund,6% TVS Motor Co Non Conv Rede Pref Shares 01SEP26 **,Other,INE494B04019,1166304.0,118.7997,0.0001,2025-12-31
Axis Mutual Fund,AXISGOF,Axis Large & Mid Cap Fund,Axis NIFTY 50 ETF,Other,INF846K01W98,4300000.0,12341.86,0.0079,2025-12-31
Axis Mutual Fund,AXISGOF,Axis Large & Mid Cap Fund,iShares VII PLC - iShares NASDAQ 100 UCITS ETF,Other,IE00B53SZB19,7835.0,10273.3345,0.0066,2025-12-31
Axis Mutual Fund,AXISGOF,Axis Large & Mid Cap Fund,ISHARES CORE S&P 500 (USD) UCITS ETF,Other,IE00B5BMR087,13712.0,9105.9294,0.0058,2025-12-31
Axis Mutual Fund,AXISGSP,Axis Gold and Silver Passive FoF,Axis Gold ETF,Other,INF846K01W80,10500000.0,11622.45,0.5891,2025-12-31
Axis Mutual Fund,AXISGSP,Axis Gold and Silver Passive FoF,Axis Silver ETF,Other,INF846K011K1,3484500.0,7810.1583,0.3959,2025-12-31
Axis Mutual Fund,AXISHETF,Axis NIFTY Healthcare ETF,Sun Pharmaceutical Industries Limited,Equity,INE044A01036,21723.0,373.5704,0.1855,2025-12-31
Axis Mutual Fund,AXISHETF,Axis NIFTY Healthcare ETF,Cipla Limited,Equity,INE059A01026,11543.0,174.4494,0.0866,2025-12-31
Axis Mutual Fund,AXISHETF,Axis NIFTY Healthcare ETF,Divi's Laboratories Limited,Equity,INE361B01024,2607.0,166.6525,0.0827,2025-12-31
Axis Mutual Fund,AXISHETF,Axis NIFTY Healthcare ETF,Max Healthcare Institute Limited,Equity,INE027H01010,15258.0,159.4614,0.0792,2025-12-31
Axis Mutual Fund,AXISHETF,Axis NIFTY Healthcare ETF,Dr. Reddy's Laboratories Limited,Equity,INE089A01031,12503.0,158.9631,0.0789,2025-12-31
Axis Mutual Fund,AXISHETF,Axis NIFTY Healthcare ETF,Apollo Hospitals Enterprise Limited,Equity,INE437A01024,2110.0,148.5968,0.0738,2025-12-31
Axis Mutual Fund,AXISHETF,Axis NIFTY Healthcare ETF,Lupin Limited,Equity,INE326A01037,4974.0,104.9265,0.0521,2025-12-31
Axis Mutual Fund,AXISHETF,Axis NIFTY Healthcare ETF,Fortis Healthcare Limited,Equity,INE061F01013,10691.0,94.5084,0.0469,2025-12-31
Axis Mutual Fund,AXISHETF,Axis NIFTY Healthcare ETF,Laurus Labs Limited,Equity,INE947Q01028,7972.0,88.3298,0.0439,2025-12-31
Axis Mutual Fund,AXISHETF,Axis NIFTY Healthcare ETF,Torrent Pharmaceuticals Limited,Equity,INE685A01028,2146.0,82.621,0.041,2025-12-31
Axis Mutual Fund,AXISHETF,Axis NIFTY Healthcare ETF,Aurobindo Pharma Limited,Equity,INE406A01037,5738.0,67.8805,0.0337,2025-12-31
Axis Mutual Fund,AXISHETF,Axis NIFTY Healthcare ETF,Alkem Laboratories Limited,Equity,INE540L01014,1198.0,65.9679,0.0328,2025-12-31
Axis Mutual Fund,AXISHETF,Axis NIFTY Healthcare ETF,Glenmark Pharmaceuticals Limited,Equity,INE935A01035,3089.0,62.8673,0.0312,2025-12-31
Axis Mutual Fund,AXISHETF,Axis NIFTY Healthcare ETF,Mankind Pharma Limited,Equity,INE634S01028,2320.0,50.9588,0.0253,2025-12-31
Axis Mutual Fund,AXISHETF,Axis NIFTY Healthcare ETF,Biocon Limited,Equity,INE376G01013,12319.0,48.5245,0.0241,2025-12-31
Axis Mutual Fund,AXISHETF,Axis NIFTY Healthcare ETF,Zydus Lifesciences Limited,Equity,INE010B01027,5135.0,46.9519,0.0233,2025-12-31
Axis Mutual Fund,AXISHETF,Axis NIFTY Healthcare ETF,IPCA Laboratories Limited,Equity,INE571A01038,2852.0,40.467,0.0201,2025-12-31
Axis Mutual Fund,AXISHETF,Axis NIFTY Healthcare ETF,Abbott India Limited,Equity,INE358A01014,107.0,31.0568,0.0154,2025-12-31
Axis Mutual Fund,AXISHETF,Axis NIFTY Healthcare ETF,Syngene International Limited,Equity,INE398R01022,3892.0,25.3369,0.0126,2025-12-31
Axis Mutual Fund,AXISHETF,Axis NIFTY Healthcare ETF,Piramal Pharma Limited,Equity,INE0DK501011,12675.0,21.8276,0.0108,2025-12-31
Axis Mutual Fund,AXISIAP,Axis Income Plus Arbitrage Passive FOF,Axis CRISIL-IBX AAA Bond NBFC - Jun 2027 Index Fund - Direct Plan - Growth Option,Other,INF846K017X1,74464592.118,8249.0386,0.6006,2025-12-31
Axis Mutual Fund,AXISIAP,Axis Income Plus Arbitrage Passive FOF,Axis Arbitrage Fund Direct Plan Growth,Other,INF846K01PZ1,25542930.322,5351.4738,0.3897,2025-12-31
Axis Mutual Fund,AXISIFD,Axis Strategic Bond Fund,Capital Infra Trust,Debt,INE0Z8Z23013,2627939.0,1957.289,0.0095,2025-12-31
Axis Mutual Fund,AXISIFD,Axis Strategic Bond Fund,Knowledge Realty Trust,Debt,INE1JAR25012,530168.0,646.858,0.0031,2025-12-31
Axis Mutual Fund,AXISIFD,Axis Strategic Bond Fund,Indus Infra Trust,Debt,INE0NHL23019,167485.0,195.5555,0.0009,2025-12-31
Axis Mutual Fund,AXISIFD,Axis Strategic Bond Fund,Embassy Office Parks REIT,Debt,INE041025011,26120.0,113.7056,0.0006,2025-12-31
Axis Mutual Fund,AXISIFD,Axis Strategic Bond Fund,6.48% Government of India (06/10/2035),Debt,IN0020250091,11800000.0,11698.0362,0.0568,2025-12-31
Axis Mutual Fund,AXISIFD,Axis Strategic Bond Fund,7.1% Government of India (08/04/2034),Debt,IN0020240019,11200000.0,11520.4992,0.056,2025-12-31
Axis Mutual Fund,AXISIFD,Axis Strategic Bond Fund,6.68% Government of India (07/07/2040),Debt,IN0020250042,7500000.0,7282.83,0.0354,2025-12-31
Axis Mutual Fund,AXISIFD,Axis Strategic Bond Fund,Jubilant Beverages Limited (31/05/2028) (ZCB) **,Debt,INE1D4O08012,6500.0,6957.106,0.0338,2025-12-31
Axis Mutual Fund,AXISIFD,Axis Strategic Bond Fund,8.58% GMR Hyderabad International Airport Limited (28/03/2034) **,Debt,INE802J07035,6500.0,6557.8305,0.0319,2025-12-31
Axis Mutual Fund,AXISIFD,Axis Strategic Bond Fund,7.18% Tamilnadu State Development Loans (03/12/2033),Debt,IN3120250458,6358600.0,6323.9138,0.0307,2025-12-31
Axis Mutual Fund,AXISIFD,Axis Strategic Bond Fund,9.40% Vedanta Limited (20/02/2027) **,Debt,INE205A08038,6000.0,6032.49,0.0293,2025-12-31
Axis Mutual Fund,AXISIFD,Axis Strategic Bond Fund,Jubilant Bevco Limited (31/05/2028) (ZCB) **,Debt,INE1D4P08019,5500.0,5904.7725,0.0287,2025-12-31
Axis Mutual Fund,AXISIFD,Axis Strategic Bond Fund,9.75% Nuvama Wealth Finance Limited (17/01/2028) **,Debt,INE918K07PU7,5800.0,5817.197,0.0283,2025-12-31
Axis Mutual Fund,AXISIFD,Axis Strategic Bond Fund,9.5% Delhi International Airport Limited (22/03/2034) **,Debt,INE657H08043,5500.0,5662.8715,0.0275,2025-12-31
Axis Mutual Fund,AXISIFD,Axis Strategic Bond Fund,6.79% Government of India (07/10/2034),Debt,IN0020240126,5531900.0,5581.4824,0.0271,2025-12-31
Axis Mutual Fund,AXISIFD,Axis Strategic Bond Fund,8.8% Aditya Birla Digital Fashion Ventures Limited (26/08/2027) **,Debt,INE0M8D08016,5500.0,5514.3055,0.0268,2025-12-31
Axis Mutual Fund,AXISIFD,Axis Strategic Bond Fund,8.65% Aadhar Housing Finance Limited (20/08/2027),Debt,INE883F07330,5200.0,5271.7392,0.0256,2025-12-31
Axis Mutual Fund,AXISIFD,Axis Strategic Bond Fund,8.5% Nirma Limited (07/04/2027) **,Debt,INE091A07208,5000.0,5042.14,0.0245,2025-12-31
Axis Mutual Fund,AXISIFD,Axis Strategic Bond Fund,9.4% IKF Finance Limited (12/08/2027) **,Debt,INE859C07246,4500.0,4483.5255,0.0218,2025-12-31
Axis Mutual Fund,AXISIFD,Axis Strategic Bond Fund,7.96% Lodha Developers Limited (07/07/2028) **,Debt,INE670K07299,4200.0,4198.1562,0.0204,2025-12-31
Axis Mutual Fund,AXISIFD,Axis Strategic Bond Fund,8.95% Aptus Finance India Private Limited (06/03/2029) **,Debt,INE04MH07059,5000.0,4056.425,0.0197,2025-12-31
Axis Mutual Fund,AXISIFD,Axis Strategic Bond Fund,Bamboo Hotel And Global Centre (Delhi) Private limited (31/01/2028) **,Debt,INE755L07015,4000.0,4049.308,0.0197,2025-12-31
Axis Mutual Fund,AXISIFD,Axis Strategic Bond Fund,9.5% Keystone Realtors Limited (29/09/2028) **,Debt,INE263M07109,4000.0,3998.384,0.0194,2025-12-31
Axis Mutual Fund,AXISIFD,Axis Strategic Bond Fund,9.5% Kogta Financial (India) Limited (30/10/2027) **,Debt,INE192U07376,4000.0,3954.02,0.0192,2025-12-31
Axis Mutual Fund,AXISIFD,Axis Strategic Bond Fund,JTPM Metal Traders Limited (29/09/2028) (ZCB) **,Debt,INE02PE08036,3500.0,3610.607,0.0175,2025-12-31
Axis Mutual Fund,AXISIFD,Axis Strategic Bond Fund,8.60% Aditya Birla Renewables Limited (24/09/2027) **,Debt,INE01QP08016,3500.0,3538.7205,0.0172,2025-12-31
Axis Mutual Fund,AXISIFD,Axis Strategic Bond Fund,9.4% IndoStar Capital Finance Limited (18/06/2027) **,Debt,INE896L07AL4,3500.0,3517.465,0.0171,2025-12-31
Axis Mutual Fund,AXISIFD,Axis Strategic Bond Fund,9.9% Tyger Capital Private Limited (13/08/2027) **,Debt,INE01EQ07137,3200.0,3201.0048,0.0155,2025-12-31
Axis Mutual Fund,AXISIFD,Axis Strategic Bond Fund,8.06% Summit Digitel Infrastructure Limited (29/01/2029) **,Debt,INE507T07120,3000.0,3079.104,0.015,2025-12-31
Axis Mutual Fund,AXISIFD,Axis Strategic Bond Fund,6.76% Maharashtra State Development Loans (23/04/2037),Debt,IN2220250012,3000000.0,2853.0,0.0139,2025-12-31
Axis Mutual Fund,AXISIFD,Axis Strategic Bond Fund,6.9% Government of India (15/04/2065),Debt,IN0020250018,2800000.0,2642.0912,0.0128,2025-12-31
Axis Mutual Fund,AXISIFD,Axis Strategic Bond Fund,8.3% Tata Projects Limited (07/01/2028) **,Debt,INE725H08238,2500.0,2533.095,0.0123,2025-12-31
Axis Mutual Fund,AXISIFD,Axis Strategic Bond Fund,8.15% Godrej Industries Limited (22/11/2029) **,Debt,INE233A08147,2500.0,2533.0325,0.0123,2025-12-31
Axis Mutual Fund,AXISIFD,Axis Strategic Bond Fund,9.3% JM Financial Credit Solution Limited (15/02/2027) **,Debt,INE651J07986,2500.0,2525.5875,0.0123,2025-12-31
Axis Mutual Fund,AXISIFD,Axis Strategic Bond Fund,6.94% Power Grid Corporation of India Limited (15/04/2035) **,Debt,INE752E08783,2500.0,2470.305,0.012,2025-12-31
Axis Mutual Fund,AXISIFD,Axis Strategic Bond Fund,6.28% Government of India (14/07/2032),Debt,IN0020250059,2500000.0,2462.0575,0.012,2025-12-31
Axis Mutual Fund,AXISIFD,Axis Strategic Bond Fund,7.80% Mahanagar Telephone Nigam Limited (07/11/2033) **,Debt,INE153A08170,2400.0,2400.1608,0.0117,2025-12-31
Axis Mutual Fund,AXISIFD,Axis Strategic Bond Fund,7.26% Government of India (06/02/2033),Debt,IN0020220151,2079400.0,2152.8506,0.0105,2025-12-31
Axis Mutual Fund,AXISIFD,Axis Strategic Bond Fund,7.73% Embassy Office Parks REIT (14/12/2029) **,Debt,INE041007159,2000.0,2038.592,0.0099,2025-12-31
Axis Mutual Fund,AXISIFD,Axis Strategic Bond Fund,5% GMR Airports Limited (13/02/2027) **,Debt,INE776C08083,2000.0,2036.958,0.0099,2025-12-31
Axis Mutual Fund,AXISIFD,Axis Strategic Bond Fund,9.95% IndoStar Capital Finance Limited (27/05/2026) **,Debt,INE896L07AI0,2000.0,2011.768,0.0098,2025-12-31
Axis Mutual Fund,AXISIFD,Axis Strategic Bond Fund,9.65% Vistaar Financial Services Private Limited (18/06/2026) **,Debt,INE016P07229,4000.0,2003.268,0.0097,2025-12-31
Axis Mutual Fund,AXISIFD,Axis Strategic Bond Fund,7.55% L&T Metro Rail (Hyderabad) Limited (28/04/2035),Debt,INE128M08094,2000.0,1980.85,0.0096,2025-12-31
Axis Mutual Fund,AXISIFD,Axis Strategic Bond Fund,7.18% Government of India (14/08/2033),Debt,IN0020230085,1900000.0,1960.3345,0.0095,2025-12-31
Axis Mutual Fund,AXISIFD,Axis Strategic Bond Fund,7.20% National Bank For Agriculture and Rural Development (21/10/2031) **,Debt,INE261F08691,150.0,1516.116,0.0074,2025-12-31
Axis Mutual Fund,AXISIFD,Axis Strategic Bond Fund,8.65% TVS Holdings Limited (07/06/2029) **,Debt,INE105A08022,1500.0,1512.1725,0.0073,2025-12-31
Axis Mutual Fund,AXISIFD,Axis Strategic Bond Fund,8.6% Infopark Properties Limited (19/06/2039) **,Debt,INE0KZX07023,1500.0,1505.7285,0.0073,2025-12-31
Axis Mutual Fund,AXISIFD,Axis Strategic Bond Fund,7.86% Jharkhand State Development Loans (09/11/2034),Debt,IN3720220018,1000000.0,1029.366,0.005,2025-12-31
Axis Mutual Fund,AXISIFD,Axis Strategic Bond Fund,7.45% Altius Telecom Infrastructure Trust (20/04/2035) **,Debt,INE0BWS07045,1000.0,1009.904,0.0049,2025-12-31
Axis Mutual Fund,AXISIFD,Axis Strategic Bond Fund,9.31% Vedanta Limited (03/12/2027) **,Debt,INE205A08046,1000.0,1005.804,0.0049,2025-12-31
Axis Mutual Fund,AXISIFD,Axis Strategic Bond Fund,8.75% Aptus Value Housing Finance India Limited (11/03/2030) **,Debt,INE852O07154,800.0,801.4248,0.0039,2025-12-31
Axis Mutual Fund,AXISIFD,Axis Strategic Bond Fund,9.75% Veritas Finance Private Limited (28/11/2026) **,Debt,INE448U07240,500.0,501.433,0.0024,2025-12-31
Axis Mutual Fund,AXISIFD,Axis Strategic Bond Fund,8.50% Aadhar Housing Finance Limited (26/05/2026) **,Debt,INE883F07306,500.0,501.3,0.0024,2025-12-31
Axis Mutual Fund,AXISIFD,Axis Strategic Bond Fund,7.24% Government of India (18/08/2055),Debt,IN0020250075,500000.0,498.636,0.0024,2025-12-31
Axis Mutual Fund,AXISIFD,Axis Strategic Bond Fund,7.57% Government of India (17/06/2033),Debt,IN0020190065,300000.0,315.8814,0.0015,2025-12-31
Axis Mutual Fund,AXISIFD,Axis Strategic Bond Fund,7.34% Government of India (22/04/2064),Debt,IN0020240035,300000.0,299.0976,0.0015,2025-12-31
Axis Mutual Fund,AXISIFD,Axis Strategic Bond Fund,7.26% Government of India (22/08/2032),Debt,IN0020220060,200000.0,206.8912,0.001,2025-12-31
Axis Mutual Fund,AXISIFD,Axis Strategic Bond Fund,7.46% Karnataka State Development Loans (20/03/2038),Debt,IN1920230365,183700.0,183.9858,0.0009,2025-12-31
Axis Mutual Fund,AXISIFD,Axis Strategic Bond Fund,7.88% Government of India (19/03/2030),Debt,IN0020150028,150000.0,158.7312,0.0008,2025-12-31
Axis Mutual Fund,AXISIFD,Axis Strategic Bond Fund,8.49% National Highways Authority Of India (05/02/2029) **,Debt,INE906B07GO3,12.0,125.2818,0.0006,2025-12-31
Axis Mutual Fund,AXISIFD,Axis Strategic Bond Fund,7.1% Government of India (18/04/2029),Debt,IN0020220011,100000.0,103.1554,0.0005,2025-12-31
Axis Mutual Fund,AXISIFD,Axis Strategic Bond Fund,7.23% Government of India (15/04/2039),Debt,IN0020240027,98700.0,101.1648,0.0005,2025-12-31
Axis Mutual Fund,AXISIFD,Axis Strategic Bond Fund,7.26% Government of India (14/01/2029),Debt,IN0020180454,48900.0,50.7458,0.0002,2025-12-31
Axis Mutual Fund,AXISIFD,Axis Strategic Bond Fund,5.79% Government of India (11/05/2030),Debt,IN0020200070,49400.0,48.3627,0.0002,2025-12-31
Axis Mutual Fund,AXISIFD,Axis Strategic Bond Fund,8.60% Government of India (02/06/2028),Debt,IN0020140011,42000.0,44.5801,0.0002,2025-12-31
Axis Mutual Fund,AXISIFD,Axis Strategic Bond Fund,7.35% Embassy Office Parks REIT (05/04/2027) **,Debt,INE041007092,1.0,10.0284,$0.00%,2025-12-31
Axis Mutual Fund,AXISIFD,Axis Strategic Bond Fund,8.15% Government of India (24/11/2026),Debt,IN0020140060,9400.0,9.6063,$0.00%,2025-12-31
Axis Mutual Fund,AXISIFD,Axis Strategic Bond Fund,7.59% Government of India (20/03/2029),Debt,IN0020150069,4000.0,4.186,$0.00%,2025-12-31
Axis Mutual Fund,AXISIFD,Axis Strategic Bond Fund,Siddhivinayak Securitisation Trust (28/09/2030) **,Debt,INE2I7F15012,19.0,1908.662,0.0093,2025-12-31
Axis Mutual Fund,AXISIFD,Axis Strategic Bond Fund,Shivshakti Securitisation Trust (28/09/2029) **,Debt,INE2I7G15010,19.0,1906.4116,0.0093,2025-12-31
Axis Mutual Fund,AXISIFD,Axis Strategic Bond Fund,Radhakrishna Securitisation Trust (28/09/2028) **,Debt,INE2I7H15018,12.0,1198.7843,0.0058,2025-12-31
Axis Mutual Fund,AXISIFD,Axis Strategic Bond Fund,Canara Bank (18/03/2026),Debt,INE476A16B64,1000.0,4938.465,0.024,2025-12-31
Axis Mutual Fund,AXISIFD,Axis Strategic Bond Fund,SBI - Corporate Debt Market Development Fund (CDMDF) - Class A2,Debt,INF0RQ622028,4918.583,568.2829,0.0028,2025-12-31
Axis Mutual Fund,AXISIMF,Axis India Manufacturing Fund,Mahindra & Mahindra Limited,Other,INE101A01026,858432.0,31840.9597,0.0621,2025-12-31
Axis Mutual Fund,AXISIMF,Axis India Manufacturing Fund,Bharat Electronics Limited,Other,INE263A01024,5953332.0,23789.5147,0.0464,2025-12-31
Axis Mutual Fund,AXISIMF,Axis India Manufacturing Fund,Reliance Industries Limited,Other,INE002A01018,1479124.0,23228.1633,0.0453,2025-12-31
Axis Mutual Fund,AXISIMF,Axis India Manufacturing Fund,Maruti Suzuki India Limited,Other,INE585B01010,109877.0,18346.1627,0.0358,2025-12-31
Axis Mutual Fund,AXISIMF,Axis India Manufacturing Fund,Sun Pharmaceutical Industries Limited,Other,INE044A01036,953693.0,16400.6585,0.032,2025-12-31
Axis Mutual Fund,AXISIMF,Axis India Manufacturing Fund,Cummins India Limited,Other,INE298A01020,355210.0,15751.4322,0.0307,2025-12-31
Axis Mutual Fund,AXISIMF,Axis India Manufacturing Fund,TVS Motor Company Limited,Other,INE494B01023,390593.0,14529.2784,0.0283,2025-12-31
Axis Mutual Fund,AXISIMF,Axis India Manufacturing Fund,Tata Steel Limited,Other,INE081A01020,7434487.0,13388.0242,0.0261,2025-12-31
Axis Mutual Fund,AXISIMF,Axis India Manufacturing Fund,Hindalco Industries Limited,Other,INE038A01020,1358066.0,12041.9712,0.0235,2025-12-31
Axis Mutual Fund,AXISIMF,Axis India Manufacturing Fund,Divi's Laboratories Limited,Other,INE361B01024,179236.0,11457.6613,0.0223,2025-12-31
Axis Mutual Fund,AXISIMF,Axis India Manufacturing Fund,GE Vernova T&D India Limited,Other,INE200A01026,349462.0,10946.8972,0.0213,2025-12-31
Axis Mutual Fund,AXISIMF,Axis India Manufacturing Fund,Bharat Petroleum Corporation Limited,Other,INE029A01011,2654565.0,10193.5296,0.0199,2025-12-31
Axis Mutual Fund,AXISIMF,Axis India Manufacturing Fund,Premier Energies Limited,Other,INE0BS701011,1165154.0,9812.3444,0.0191,2025-12-31
Axis Mutual Fund,AXISIMF,Axis India Manufacturing Fund,CG Power and Industrial Solutions Limited,Other,INE067A01029,1489823.0,9652.5632,0.0188,2025-12-31
Axis Mutual Fund,AXISIMF,Axis India Manufacturing Fund,Bajaj Auto Limited,Other,INE917I01010,93022.0,8691.0455,0.0169,2025-12-31
Axis Mutual Fund,AXISIMF,Axis India Manufacturing Fund,UltraTech Cement Limited,Other,INE481G01011,69475.0,8186.934,0.016,2025-12-31
Axis Mutual Fund,AXISIMF,Axis India Manufacturing Fund,Hindustan Aeronautics Limited,Other,INE066F01020,183484.0,8052.5623,0.0157,2025-12-31
Axis Mutual Fund,AXISIMF,Axis India Manufacturing Fund,Solar Industries India Limited,Other,INE343H01029,63686.0,7802.8087,0.0152,2025-12-31
Axis Mutual Fund,AXISIMF,Axis India Manufacturing Fund,Minda Corporation Limited,Other,INE842C01021,1212878.0,6963.1326,0.0136,2025-12-31
Axis Mutual Fund,AXISIMF,Axis India Manufacturing Fund,Craftsman Automation Limited,Other,INE00LO01017,90319.0,6945.0795,0.0135,2025-12-31
Axis Mutual Fund,AXISIMF,Axis India Manufacturing Fund,Samvardhana Motherson International Limited,Other,INE775A01035,5477574.0,6569.8023,0.0128,2025-12-31
Axis Mutual Fund,AXISIMF,Axis India Manufacturing Fund,JSW Steel Limited,Other,INE019A01038,545533.0,6354.3684,0.0124,2025-12-31
Axis Mutual Fund,AXISIMF,Axis India Manufacturing Fund,Pidilite Industries Limited,Other,INE318A01026,427098.0,6331.3008,0.0123,2025-12-31
Axis Mutual Fund,AXISIMF,Axis India Manufacturing Fund,KEI Industries Limited,Other,INE878B01027,141394.0,6306.4552,0.0123,2025-12-31
Axis Mutual Fund,AXISIMF,Axis India Manufacturing Fund,Hyundai Motor India Ltd,Other,INE0V6F01027,271391.0,6236.5652,0.0122,2025-12-31
Axis Mutual Fund,AXISIMF,Axis India Manufacturing Fund,Glenmark Pharmaceuticals Limited,Other,INE935A01035,301785.0,6141.9283,0.012,2025-12-31
Axis Mutual Fund,AXISIMF,Axis India Manufacturing Fund,Jindal Steel Limited,Other,INE749A01030,577830.0,6089.1725,0.0119,2025-12-31
Axis Mutual Fund,AXISIMF,Axis India Manufacturing Fund,Sona BLW Precision Forgings Limited,Other,INE073K01018,1261302.0,6046.6818,0.0118,2025-12-31
Axis Mutual Fund,AXISIMF,Axis India Manufacturing Fund,Cipla Limited,Other,INE059A01026,389821.0,5891.3648,0.0115,2025-12-31
Axis Mutual Fund,AXISIMF,Axis India Manufacturing Fund,JB Chemicals & Pharmaceuticals Limited,Other,INE572A01036,320347.0,5829.3544,0.0114,2025-12-31
Axis Mutual Fund,AXISIMF,Axis India Manufacturing Fund,Larsen & Toubro Limited,Other,INE018A01030,142568.0,5821.7643,0.0114,2025-12-31
Axis Mutual Fund,AXISIMF,Axis India Manufacturing Fund,Torrent Pharmaceuticals Limited,Other,INE685A01028,147522.0,5679.597,0.0111,2025-12-31
Axis Mutual Fund,AXISIMF,Axis India Manufacturing Fund,Schaeffler India Limited,Other,INE513A01022,144608.0,5609.3443,0.0109,2025-12-31
Axis Mutual Fund,AXISIMF,Axis India Manufacturing Fund,Jyoti CNC Automation Ltd,Other,INE980O01024,547807.0,5419.4547,0.0106,2025-12-31
Axis Mutual Fund,AXISIMF,Axis India Manufacturing Fund,Varun Beverages Limited,Other,INE200M01039,1100017.0,5388.4333,0.0105,2025-12-31
Axis Mutual Fund,AXISIMF,Axis India Manufacturing Fund,Hindustan Petroleum Corporation Limited,Other,INE094A01015,1046244.0,5221.2807,0.0102,2025-12-31
Axis Mutual Fund,AXISIMF,Axis India Manufacturing Fund,Ashok Leyland Limited,Other,INE208A01029,2857362.0,5120.107,0.01,2025-12-31
Axis Mutual Fund,AXISIMF,Axis India Manufacturing Fund,Sansera Engineering Limited,Other,INE953O01021,296221.0,4967.6262,0.0097,2025-12-31
Axis Mutual Fund,AXISIMF,Axis India Manufacturing Fund,Voltamp Transformers Limited,Other,INE540H01012,61365.0,4818.3798,0.0094,2025-12-31
Axis Mutual Fund,AXISIMF,Axis India Manufacturing Fund,Ambuja Cements Limited,Other,INE079A01024,865989.0,4817.9298,0.0094,2025-12-31
Axis Mutual Fund,AXISIMF,Axis India Manufacturing Fund,Bharat Heavy Electricals Limited,Other,INE257A01026,1658236.0,4766.5994,0.0093,2025-12-31
Axis Mutual Fund,AXISIMF,Axis India Manufacturing Fund,Vedanta Limited,Other,INE205A01025,775118.0,4684.8132,0.0091,2025-12-31
Axis Mutual Fund,AXISIMF,Axis India Manufacturing Fund,Eicher Motors Limited,Other,INE066A01021,63575.0,4648.9219,0.0091,2025-12-31
Axis Mutual Fund,AXISIMF,Axis India Manufacturing Fund,Gabriel India Limited,Other,INE524A01029,397640.0,4015.3687,0.0078,2025-12-31
Axis Mutual Fund,AXISIMF,Axis India Manufacturing Fund,Apar Industries Limited,Other,INE372A01015,47978.0,4014.5592,0.0078,2025-12-31
Axis Mutual Fund,AXISIMF,Axis India Manufacturing Fund,Laurus Labs Limited,Other,INE947Q01028,351559.0,3895.2737,0.0076,2025-12-31
Axis Mutual Fund,AXISIMF,Axis India Manufacturing Fund,Tata Motors Ltd,Other,INE1TAE01010,888558.0,3691.9585,0.0072,2025-12-31
Axis Mutual Fund,AXISIMF,Axis India Manufacturing Fund,Sai Life Sciences Limited,Other,INE570L01029,387288.0,3518.1242,0.0069,2025-12-31
Axis Mutual Fund,AXISIMF,Axis India Manufacturing Fund,Kaynes Technology India Limited,Other,INE918Z01012,78964.0,3168.8253,0.0062,2025-12-31
Axis Mutual Fund,AXISIMF,Axis India Manufacturing Fund,Voltas Limited,Other,INE226A01021,228730.0,3113.4728,0.0061,2025-12-31
Axis Mutual Fund,AXISIMF,Axis India Manufacturing Fund,Doms Industries Limited,Other,INE321T01012,118804.0,3107.1998,0.0061,2025-12-31
Axis Mutual Fund,AXISIMF,Axis India Manufacturing Fund,Coromandel International Limited,Other,INE169A01031,131524.0,2980.8599,0.0058,2025-12-31
Axis Mutual Fund,AXISIMF,Axis India Manufacturing Fund,PI Industries Limited,Other,INE603J01030,89233.0,2889.543,0.0056,2025-12-31
Axis Mutual Fund,AXISIMF,Axis India Manufacturing Fund,Happy Forgings Limited,Other,INE330T01021,251072.0,2885.0684,0.0056,2025-12-31
Axis Mutual Fund,AXISIMF,Axis India Manufacturing Fund,Ather Energy Limited,Other,INE0LEZ01016,380949.0,2875.2126,0.0056,2025-12-31
Axis Mutual Fund,AXISIMF,Axis India Manufacturing Fund,SRF Limited,Other,INE647A01010,93160.0,2864.67,0.0056,2025-12-31
Axis Mutual Fund,AXISIMF,Axis India Manufacturing Fund,Lupin Limited,Other,INE326A01037,131536.0,2774.7519,0.0054,2025-12-31
Axis Mutual Fund,AXISIMF,Axis India Manufacturing Fund,JK Cement Limited,Other,INE823G01014,50158.0,2774.239,0.0054,2025-12-31
Axis Mutual Fund,AXISIMF,Axis India Manufacturing Fund,Blue Star Limited,Other,INE472A01039,159075.0,2753.111,0.0054,2025-12-31
Axis Mutual Fund,AXISIMF,Axis India Manufacturing Fund,Britannia Industries Limited,Other,INE216A01030,45042.0,2716.483,0.0053,2025-12-31
Axis Mutual Fund,AXISIMF,Axis India Manufacturing Fund,Carborundum Universal Limited,Other,INE120A01034,317258.0,2715.4112,0.0053,2025-12-31
Axis Mutual Fund,AXISIMF,Axis India Manufacturing Fund,Bosch Limited,Other,INE323A01026,7512.0,2707.3248,0.0053,2025-12-31
Axis Mutual Fund,AXISIMF,Axis India Manufacturing Fund,Bharat Forge Limited,Other,INE465A01025,184087.0,2706.8152,0.0053,2025-12-31
Axis Mutual Fund,AXISIMF,Axis India Manufacturing Fund,UNO Minda Limited,Other,INE405E01023,193082.0,2482.6484,0.0048,2025-12-31
Axis Mutual Fund,AXISIMF,Axis India Manufacturing Fund,K.P.R. Mill Limited,Other,INE930H01031,263155.0,2479.9727,0.0048,2025-12-31
Axis Mutual Fund,AXISIMF,Axis India Manufacturing Fund,V-Guard Industries Limited,Other,INE951I01027,748792.0,2456.0378,0.0048,2025-12-31
Axis Mutual Fund,AXISIMF,Axis India Manufacturing Fund,Jubilant Ingrevia Limited,Other,INE0BY001018,347382.0,2443.6587,0.0048,2025-12-31
Axis Mutual Fund,AXISIMF,Axis India Manufacturing Fund,Gland Pharma Limited,Other,INE068V01023,140333.0,2416.5343,0.0047,2025-12-31
Axis Mutual Fund,AXISIMF,Axis India Manufacturing Fund,Welspun Corp Limited,Other,INE191B01025,293660.0,2391.567,0.0047,2025-12-31
Axis Mutual Fund,AXISIMF,Axis India Manufacturing Fund,Onesource Specialty Pharma Limited,Other,INE013P01021,127413.0,2306.9398,0.0045,2025-12-31
Axis Mutual Fund,AXISIMF,Axis India Manufacturing Fund,Timken India Limited,Other,INE325A01013,73659.0,2212.0534,0.0043,2025-12-31
Axis Mutual Fund,AXISIMF,Axis India Manufacturing Fund,PG Electroplast Limited,Other,INE457L01029,356289.0,2049.7306,0.004,2025-12-31
Axis Mutual Fund,AXISIMF,Axis India Manufacturing Fund,Grindwell Norton Limited,Other,INE536A01023,130568.0,2042.2141,0.004,2025-12-31
Axis Mutual Fund,AXISIMF,Axis India Manufacturing Fund,Siemens Limited,Other,INE003A01024,65472.0,2005.6038,0.0039,2025-12-31
Axis Mutual Fund,AXISIMF,Axis India Manufacturing Fund,Linde India Limited,Other,INE473A01011,33073.0,1969.6625,0.0038,2025-12-31
Axis Mutual Fund,AXISIMF,Axis India Manufacturing Fund,Triveni Turbine Limited,Other,INE152M01016,342321.0,1842.5428,0.0036,2025-12-31
Axis Mutual Fund,AXISIMF,Axis India Manufacturing Fund,LG Electronics India Ltd,Other,INE324D01010,115225.0,1753.0332,0.0034,2025-12-31
Axis Mutual Fund,AXISIMF,Axis India Manufacturing Fund,Dixon Technologies (India) Limited,Other,INE935N01020,14035.0,1698.5157,0.0033,2025-12-31
Axis Mutual Fund,AXISIMF,Axis India Manufacturing Fund,Avalon Technologies Limited,Other,INE0LCL01028,188111.0,1653.3076,0.0032,2025-12-31
Axis Mutual Fund,AXISIMF,Axis India Manufacturing Fund,Hitachi Energy India Limited,Other,INE07Y701011,8472.0,1551.2232,0.003,2025-12-31
Axis Mutual Fund,AXISIMF,Axis India Manufacturing Fund,Syrma SGS Technology Limited,Other,INE0DYJ01015,203778.0,1493.9984,0.0029,2025-12-31
Axis Mutual Fund,AXISIMF,Axis India Manufacturing Fund,Tenneco Clean Air India Limited,Other,INE19RI01016,290497.0,1475.4343,0.0029,2025-12-31
Axis Mutual Fund,AXISIMF,Axis India Manufacturing Fund,Amber Enterprises India Limited,Other,INE371P01015,18306.0,1169.2042,0.0023,2025-12-31
Axis Mutual Fund,AXISIMF,Axis India Manufacturing Fund,Mrs. Bectors Food Specialities Limited,Other,INE495P01020,477035.0,1099.0886,0.0021,2025-12-31
Axis Mutual Fund,AXISIMF,Axis India Manufacturing Fund,Hero MotoCorp Limited,Other,INE158A01026,17973.0,1037.2218,0.002,2025-12-31
Axis Mutual Fund,AXISIMF,Axis India Manufacturing Fund,Cohance Lifesciences Limited,Other,INE03QK01018,151283.0,799.6819,0.0016,2025-12-31
Axis Mutual Fund,AXISIMF,Axis India Manufacturing Fund,Aequs Limited,Other,INE947N01017,499508.0,686.7735,0.0013,2025-12-31
Axis Mutual Fund,AXISIMF,Axis India Manufacturing Fund,Honeywell Automation India Limited,Other,INE671A01010,2007.0,658.3964,0.0013,2025-12-31
Axis Mutual Fund,AXISIMF,Axis India Manufacturing Fund,Tata Motors Passenger Vehicles Limited,Other,INE155A01022,177556.0,652.252,0.0013,2025-12-31
Axis Mutual Fund,AXISIMF,Axis India Manufacturing Fund,RHI Magnesita India Limited,Other,INE743M01012,141128.0,647.8481,0.0013,2025-12-31
Axis Mutual Fund,AXISIMF,Axis India Manufacturing Fund,ABB India Limited,Other,INE117A01022,9607.0,496.6819,0.001,2025-12-31
Axis Mutual Fund,AXISIMF,Axis India Manufacturing Fund,Rolex Rings Limited,Other,INE645S01024,270300.0,348.0653,0.0007,2025-12-31
Axis Mutual Fund,AXISIMF,Axis India Manufacturing Fund,Exide Industries Limited,Other,INE302A01020,67455.0,244.322,0.0005,2025-12-31
Axis Mutual Fund,AXISIMF,Axis India Manufacturing Fund,Whirlpool of India Limited,Other,INE716A01013,25955.0,233.3614,0.0005,2025-12-31
Axis Mutual Fund,AXISIMF,Axis India Manufacturing Fund,6% TVS Motor Co Non Conv Rede Pref Shares 01SEP26 **,Other,INE494B04019,1547788.0,157.6577,0.0003,2025-12-31
Axis Mutual Fund,AXISIOF,Axis Credit Risk Fund,Capital Infra Trust,Other,INE0Z8Z23013,829875.0,618.0909,0.0168,2025-12-31
Axis Mutual Fund,AXISIOF,Axis Credit Risk Fund,Knowledge Realty Trust,Other,INE1JAR25012,458738.0,559.7062,0.0152,2025-12-31
Axis Mutual Fund,AXISIOF,Axis Credit Risk Fund,Indus Infra Trust,Other,INE0NHL23019,286470.0,334.4824,0.0091,2025-12-31
Axis Mutual Fund,AXISIOF,Axis Credit Risk Fund,IndiGrid Infrastructure Trust,Other,INE219X23014,50000.0,84.08,0.0023,2025-12-31
Axis Mutual Fund,AXISIOF,Axis Credit Risk Fund,Embassy Office Parks REIT,Other,INE041025011,15328.0,66.7258,0.0018,2025-12-31
Axis Mutual Fund,AXISIOF,Axis Credit Risk Fund,7.18% Government of India (14/08/2033),Other,IN0020230085,1700000.0,1753.9835,0.0477,2025-12-31
Axis Mutual Fund,AXISIOF,Axis Credit Risk Fund,Jubilant Bevco Limited (31/05/2028) (ZCB) **,Other,INE1D4P08019,1500.0,1610.3925,0.0438,2025-12-31
Axis Mutual Fund,AXISIOF,Axis Credit Risk Fund,JTPM Metal Traders Limited (29/09/2028) (ZCB) **,Other,INE02PE08036,1500.0,1547.403,0.042,2025-12-31
Axis Mutual Fund,AXISIOF,Axis Credit Risk Fund,8.4% Narayana Hrudayalaya Limited (15/02/2030) **,Other,INE410P08024,1500.0,1519.0095,0.0413,2025-12-31
Axis Mutual Fund,AXISIOF,Axis Credit Risk Fund,8.60% Aditya Birla Renewables Limited (24/09/2027) **,Other,INE01QP08016,1500.0,1516.5945,0.0412,2025-12-31
Axis Mutual Fund,AXISIOF,Axis Credit Risk Fund,7.45% Altius Telecom Infrastructure Trust (20/04/2035) **,Other,INE0BWS07045,1500.0,1514.856,0.0412,2025-12-31
Axis Mutual Fund,AXISIOF,Axis Credit Risk Fund,8.6% Infopark Properties Limited (19/06/2039) **,Other,INE0KZX07023,1500.0,1505.7285,0.0409,2025-12-31
Axis Mutual Fund,AXISIOF,Axis Credit Risk Fund,8.8% Aditya Birla Digital Fashion Ventures Limited (26/08/2027) **,Other,INE0M8D08016,1500.0,1503.9015,0.0409,2025-12-31
Axis Mutual Fund,AXISIOF,Axis Credit Risk Fund,9.40% Vedanta Limited (20/02/2027) **,Other,INE205A08038,1200.0,1206.498,0.0328,2025-12-31
Axis Mutual Fund,AXISIOF,Axis Credit Risk Fund,Jubilant Beverages Limited (31/05/2028) (ZCB) **,Other,INE1D4O08012,1000.0,1070.324,0.0291,2025-12-31
Axis Mutual Fund,AXISIOF,Axis Credit Risk Fund,9.5% Delhi International Airport Limited (22/03/2034) **,Other,INE657H08043,1000.0,1029.613,0.028,2025-12-31
Axis Mutual Fund,AXISIOF,Axis Credit Risk Fund,5% GMR Airports Limited (13/02/2027) **,Other,INE776C08083,1000.0,1018.479,0.0277,2025-12-31
Axis Mutual Fund,AXISIOF,Axis Credit Risk Fund,Bamboo Hotel And Global Centre (Delhi) Private limited (31/01/2028) **,Other,INE755L07015,1000.0,1012.327,0.0275,2025-12-31
Axis Mutual Fund,AXISIOF,Axis Credit Risk Fund,8.58% GMR Hyderabad International Airport Limited (28/03/2034) **,Other,INE802J07035,1000.0,1008.897,0.0274,2025-12-31
Axis Mutual Fund,AXISIOF,Axis Credit Risk Fund,8.75% Motilal Oswal Finvest Limited (29/10/2027) **,Other,INE01WN07136,1000.0,1007.432,0.0274,2025-12-31
Axis Mutual Fund,AXISIOF,Axis Credit Risk Fund,9.75% Veritas Finance Private Limited (28/11/2026) **,Other,INE448U07240,1000.0,1002.866,0.0273,2025-12-31
Axis Mutual Fund,AXISIOF,Axis Credit Risk Fund,9.5% Keystone Realtors Limited (29/09/2028) **,Other,INE263M07109,1000.0,999.596,0.0272,2025-12-31
Axis Mutual Fund,AXISIOF,Axis Credit Risk Fund,9.4% IKF Finance Limited (12/08/2027) **,Other,INE859C07246,1000.0,996.339,0.0271,2025-12-31
Axis Mutual Fund,AXISIOF,Axis Credit Risk Fund,6.48% Government of India (06/10/2035),Other,IN0020250091,1000000.0,991.359,0.0269,2025-12-31
Axis Mutual Fund,AXISIOF,Axis Credit Risk Fund,9.5% Kogta Financial (India) Limited (30/10/2027) **,Other,INE192U07376,1000.0,988.505,0.0269,2025-12-31
Axis Mutual Fund,AXISIOF,Axis Credit Risk Fund,9.25% Birla Corporation Limited (18/08/2026) **,Other,INE340A07084,230.0,927.2174,0.0252,2025-12-31
Axis Mutual Fund,AXISIOF,Axis Credit Risk Fund,8.95% Aptus Finance India Private Limited (06/03/2029) **,Other,INE04MH07059,1000.0,811.285,0.022,2025-12-31
Axis Mutual Fund,AXISIOF,Axis Credit Risk Fund,8.65% Aadhar Housing Finance Limited (20/08/2027),Other,INE883F07330,800.0,811.0368,0.022,2025-12-31
Axis Mutual Fund,AXISIOF,Axis Credit Risk Fund,9.9% Tyger Capital Private Limited (13/08/2027) **,Other,INE01EQ07137,800.0,800.2512,0.0217,2025-12-31
Axis Mutual Fund,AXISIOF,Axis Credit Risk Fund,7.96% Lodha Developers Limited (07/07/2028) **,Other,INE670K07299,800.0,799.6488,0.0217,2025-12-31
Axis Mutual Fund,AXISIOF,Axis Credit Risk Fund,8.75% Aptus Value Housing Finance India Limited (11/03/2030) **,Other,INE852O07154,700.0,701.2467,0.0191,2025-12-31
Axis Mutual Fund,AXISIOF,Axis Credit Risk Fund,7.73% Embassy Office Parks REIT (14/12/2029) **,Other,INE041007159,500.0,509.648,0.0138,2025-12-31
Axis Mutual Fund,AXISIOF,Axis Credit Risk Fund,9.31% Vedanta Limited (03/12/2027) **,Other,INE205A08046,500.0,502.902,0.0137,2025-12-31
Axis Mutual Fund,AXISIOF,Axis Credit Risk Fund,9.65% Vistaar Financial Services Private Limited (18/06/2026) **,Other,INE016P07229,1000.0,500.817,0.0136,2025-12-31
Axis Mutual Fund,AXISIOF,Axis Credit Risk Fund,9.75% Nuvama Wealth Finance Limited (17/01/2028) **,Other,INE918K07PU7,200.0,200.593,0.0055,2025-12-31
Axis Mutual Fund,AXISIOF,Axis Credit Risk Fund,7.18% Tamilnadu State Development Loans (27/08/2036),Other,IN3120240582,138800.0,136.7069,0.0037,2025-12-31
Axis Mutual Fund,AXISIOF,Axis Credit Risk Fund,7.59% Government of India (20/03/2029),Other,IN0020150069,50000.0,52.325,0.0014,2025-12-31
Axis Mutual Fund,AXISIOF,Axis Credit Risk Fund,7.26% Government of India (06/02/2033),Other,IN0020220151,50000.0,51.7662,0.0014,2025-12-31
Axis Mutual Fund,AXISIOF,Axis Credit Risk Fund,7.59% Government of India (11/01/2026),Other,IN0020150093,6100.0,6.1037,0.0002,2025-12-31
Axis Mutual Fund,AXISIOF,Axis Credit Risk Fund,Radhakrishna Securitisation Trust (28/09/2028) **,Other,INE2I7H15018,7.0,699.2908,0.019,2025-12-31
Axis Mutual Fund,AXISIOF,Axis Credit Risk Fund,Shivshakti Securitisation Trust (28/09/2029) **,Other,INE2I7G15010,3.0,301.0124,0.0082,2025-12-31
Axis Mutual Fund,AXISIOF,Axis Credit Risk Fund,SBI - Corporate Debt Market Development Fund (CDMDF) - Class A2,Other,INF0RQ622028,1555.222,179.6871,0.0049,2025-12-31
Axis Mutual Fund,AXISISF,Axis Conservative Hybrid Fund,Reliance Industries Limited,Other,INE002A01018,32282.0,506.9565,0.0216,2025-12-31
Axis Mutual Fund,AXISISF,Axis Conservative Hybrid Fund,HDFC Bank Limited,Other,INE040A01034,46295.0,458.876,0.0196,2025-12-31
Axis Mutual Fund,AXISISF,Axis Conservative Hybrid Fund,Infosys Limited,Other,INE009A01021,24458.0,395.0945,0.0168,2025-12-31
Axis Mutual Fund,AXISISF,Axis Conservative Hybrid Fund,ICICI Bank Limited,Other,INE090A01021,27577.0,370.3315,0.0158,2025-12-31
Axis Mutual Fund,AXISISF,Axis Conservative Hybrid Fund,State Bank of India,Other,INE062A01020,36762.0,361.0764,0.0154,2025-12-31
Axis Mutual Fund,AXISISF,Axis Conservative Hybrid Fund,Larsen & Toubro Limited,Other,INE018A01030,7552.0,308.3859,0.0131,2025-12-31
Axis Mutual Fund,AXISISF,Axis Conservative Hybrid Fund,Cipla Limited,Other,INE059A01026,16332.0,246.8255,0.0105,2025-12-31
Axis Mutual Fund,AXISISF,Axis Conservative Hybrid Fund,Bharti Airtel Limited,Other,INE397D01024,10345.0,217.8243,0.0093,2025-12-31
Axis Mutual Fund,AXISISF,Axis Conservative Hybrid Fund,NTPC Limited,Other,INE733E01010,61472.0,202.581,0.0086,2025-12-31
Axis Mutual Fund,AXISISF,Axis Conservative Hybrid Fund,Kotak Mahindra Bank Limited,Other,INE237A01028,8309.0,182.8894,0.0078,2025-12-31
Axis Mutual Fund,AXISISF,Axis Conservative Hybrid Fund,Cholamandalam Investment and Finance Company Ltd (CCD),Other,INE121A08PJ0,150.0,178.4977,0.0076,2025-12-31
Axis Mutual Fund,AXISISF,Axis Conservative Hybrid Fund,Bank of Baroda,Other,INE028A01039,54290.0,160.6441,0.0068,2025-12-31
Axis Mutual Fund,AXISISF,Axis Conservative Hybrid Fund,Mahindra & Mahindra Limited,Other,INE101A01026,4325.0,160.4229,0.0068,2025-12-31
Axis Mutual Fund,AXISISF,Axis Conservative Hybrid Fund,HDFC Life Insurance Company Limited,Other,INE795G01014,20515.0,153.8317,0.0066,2025-12-31
Axis Mutual Fund,AXISISF,Axis Conservative Hybrid Fund,LTIMindtree Limited,Other,INE214T01019,2342.0,142.0072,0.0061,2025-12-31
Axis Mutual Fund,AXISISF,Axis Conservative Hybrid Fund,ITC Limited,Other,INE154A01025,31479.0,126.8604,0.0054,2025-12-31
Axis Mutual Fund,AXISISF,Axis Conservative Hybrid Fund,Britannia Industries Limited,Other,INE216A01030,1709.0,103.0698,0.0044,2025-12-31
Axis Mutual Fund,AXISISF,Axis Conservative Hybrid Fund,Titan Company Limited,Other,INE280A01028,2500.0,101.2875,0.0043,2025-12-31
Axis Mutual Fund,AXISISF,Axis Conservative Hybrid Fund,Bharat Petroleum Corporation Limited,Other,INE029A01011,25376.0,97.4438,0.0042,2025-12-31
Axis Mutual Fund,AXISISF,Axis Conservative Hybrid Fund,PI Industries Limited,Other,INE603J01030,2942.0,95.2678,0.0041,2025-12-31
Axis Mutual Fund,AXISISF,Axis Conservative Hybrid Fund,Divi's Laboratories Limited,Other,INE361B01024,1478.0,94.4812,0.004,2025-12-31
Axis Mutual Fund,AXISISF,Axis Conservative Hybrid Fund,Tata Consultancy Services Limited,Other,INE467B01029,2367.0,75.8908,0.0032,2025-12-31
Axis Mutual Fund,AXISISF,Axis Conservative Hybrid Fund,Cholamandalam Investment and Finance Company Ltd,Other,INE121A01024,4399.0,74.8798,0.0032,2025-12-31
Axis Mutual Fund,AXISISF,Axis Conservative Hybrid Fund,Apollo Hospitals Enterprise Limited,Other,INE437A01024,997.0,70.2137,0.003,2025-12-31
Axis Mutual Fund,AXISISF,Axis Conservative Hybrid Fund,Bajaj Finance Limited,Other,INE296A01032,6626.0,65.3854,0.0028,2025-12-31
Axis Mutual Fund,AXISISF,Axis Conservative Hybrid Fund,Sun Pharmaceutical Industries Limited,Other,INE044A01036,3774.0,64.9015,0.0028,2025-12-31
Axis Mutual Fund,AXISISF,Axis Conservative Hybrid Fund,Tech Mahindra Limited,Other,INE669C01036,3391.0,53.9474,0.0023,2025-12-31
Axis Mutual Fund,AXISISF,Axis Conservative Hybrid Fund,Sona BLW Precision Forgings Limited,Other,INE073K01018,9733.0,46.66,0.002,2025-12-31
Axis Mutual Fund,AXISISF,Axis Conservative Hybrid Fund,Hindustan Unilever Limited,Other,INE030A01027,1784.0,41.3157,0.0018,2025-12-31
Axis Mutual Fund,AXISISF,Axis Conservative Hybrid Fund,Sundaram Finance Limited,Other,INE660A01013,353.0,18.6483,0.0008,2025-12-31
Axis Mutual Fund,AXISISF,Axis Conservative Hybrid Fund,Nestle India Limited,Other,INE239A01024,884.0,11.3859,0.0005,2025-12-31
Axis Mutual Fund,AXISISF,Axis Conservative Hybrid Fund,Tata Motors Ltd,Other,INE1TAE01010,1378.0,5.7256,0.0002,2025-12-31
Axis Mutual Fund,AXISISF,Axis Conservative Hybrid Fund,Kwality Walls (India) Limited,Other,INE2KCE01013,1784.0,0.7172,$0.00%,2025-12-31
Axis Mutual Fund,AXISISF,Axis Conservative Hybrid Fund,7.18% Government of India (14/08/2033),Other,IN0020230085,3500000.0,3611.1425,0.1539,2025-12-31
Axis Mutual Fund,AXISISF,Axis Conservative Hybrid Fund,6.79% Government of India (07/10/2034),Other,IN0020240126,2600000.0,2623.3038,0.1118,2025-12-31
Axis Mutual Fund,AXISISF,Axis Conservative Hybrid Fund,6.68% Government of India (07/07/2040),Other,IN0020250042,2500000.0,2427.61,0.1034,2025-12-31
Axis Mutual Fund,AXISISF,Axis Conservative Hybrid Fund,7.64% Power Finance Corporation Limited (22/02/2033) **,Other,INE134E08MA1,1500.0,1535.391,0.0654,2025-12-31
Axis Mutual Fund,AXISISF,Axis Conservative Hybrid Fund,8.15% Samvardhana Motherson International Limited (23/01/2026) **,Other,INE775A08089,1000.0,1000.711,0.0426,2025-12-31
Axis Mutual Fund,AXISISF,Axis Conservative Hybrid Fund,7.18% Government of India (24/07/2037),Other,IN0020230077,900000.0,922.4109,0.0393,2025-12-31
Axis Mutual Fund,AXISISF,Axis Conservative Hybrid Fund,7.1% Government of India (08/04/2034),Other,IN0020240019,500000.0,514.308,0.0219,2025-12-31
Axis Mutual Fund,AXISISF,Axis Conservative Hybrid Fund,5% GMR Airports Limited (13/02/2027) **,Other,INE776C08083,500.0,509.2395,0.0217,2025-12-31
Axis Mutual Fund,AXISISF,Axis Conservative Hybrid Fund,Bamboo Hotel And Global Centre (Delhi) Private limited (31/01/2028) **,Other,INE755L07015,500.0,506.1635,0.0216,2025-12-31
Axis Mutual Fund,AXISISF,Axis Conservative Hybrid Fund,8.50% Aadhar Housing Finance Limited (26/05/2026) **,Other,INE883F07306,500.0,501.3,0.0214,2025-12-31
Axis Mutual Fund,AXISISF,Axis Conservative Hybrid Fund,8.75% Aptus Value Housing Finance India Limited (11/03/2030) **,Other,INE852O07154,500.0,500.8905,0.0213,2025-12-31
Axis Mutual Fund,AXISISF,Axis Conservative Hybrid Fund,8.50% Muthoot Finance Limited (29/01/2026),Other,INE414G07HK3,500.0,500.4305,0.0213,2025-12-31
Axis Mutual Fund,AXISISF,Axis Conservative Hybrid Fund,6.72% IndiGrid Infrastructure Trust (14/09/2026) **,Other,INE219X07306,50.0,499.224,0.0213,2025-12-31
Axis Mutual Fund,AXISISF,Axis Conservative Hybrid Fund,9.4% IKF Finance Limited (12/08/2027) **,Other,INE859C07246,500.0,498.1695,0.0212,2025-12-31
Axis Mutual Fund,AXISISF,Axis Conservative Hybrid Fund,8.95% Aptus Finance India Private Limited (06/03/2029) **,Other,INE04MH07059,500.0,405.6425,0.0173,2025-12-31
Axis Mutual Fund,AXISISF,Axis Conservative Hybrid Fund,7.23% Government of India (15/04/2039),Other,IN0020240027,300000.0,307.4919,0.0131,2025-12-31
Axis Mutual Fund,AXISISF,Axis Conservative Hybrid Fund,6.19% Government of India (16/09/2034),Other,IN0020200096,20000.0,19.3695,0.0008,2025-12-31
Axis Mutual Fund,AXISISF,Axis Conservative Hybrid Fund,SBI - Corporate Debt Market Development Fund (CDMDF) - Class A2,Other,INF0RQ622028,1092.645,126.2419,0.0054,2025-12-31
Axis Mutual Fund,AXISLDF,Axis Long Duration Fund,7.34% Government of India (22/04/2064),Other,IN0020240035,9725300.0,9696.0463,0.3505,2025-12-31
Axis Mutual Fund,AXISLDF,Axis Long Duration Fund,7.25% Government of India (12/06/2063),Other,IN0020230044,6500000.0,6417.684,0.232,2025-12-31
Axis Mutual Fund,AXISLDF,Axis Long Duration Fund,7.36% Government of India (12/09/2052),Other,IN0020220086,4800000.0,4838.6352,0.1749,2025-12-31
Axis Mutual Fund,AXISLDF,Axis Long Duration Fund,7.09% Government of India (05/08/2054),Other,IN0020240118,3000000.0,2933.094,0.106,2025-12-31
Axis Mutual Fund,AXISLDF,Axis Long Duration Fund,7.24% Government of India (18/08/2055),Other,IN0020250075,2500000.0,2493.18,0.0901,2025-12-31
Axis Mutual Fund,AXISLDF,Axis Long Duration Fund,7.3% Government of India (19/06/2053),Other,IN0020230051,285800.0,286.3056,0.0103,2025-12-31
Axis Mutual Fund,AXISLDF,Axis Long Duration Fund,SBI - Corporate Debt Market Development Fund (CDMDF) - Class A2,Other,INF0RQ622028,1344.408,155.3301,0.0056,2025-12-31
Axis Mutual Fund,AXISLFA,Axis Liquid Fund,8.69% Tamilnadu State Development Loans (24/02/2026),Debt,IN3120150203,10000000.0,10045.09,0.0028,2025-12-31
Axis Mutual Fund,AXISLFA,Axis Liquid Fund,8.04% HDB Financial Services Limited (25/02/2026),Debt,INE756I07EL8,750.0,7512.645,0.0021,2025-12-31
Axis Mutual Fund,AXISLFA,Axis Liquid Fund,8.76% Madhya Pradesh State Development Loans (24/02/2026),Debt,IN2120150106,6714000.0,6744.7501,0.0019,2025-12-31
Axis Mutual Fund,AXISLFA,Axis Liquid Fund,7.924% Kotak Mahindra Prime Limited (20/02/2026) **,Debt,INE916DA7RW2,500.0,5006.435,0.0014,2025-12-31
Axis Mutual Fund,AXISLFA,Axis Liquid Fund,Bajaj Finance Limited (18/02/2026) (ZCB) **,Debt,INE296A07RY7,250.0,3180.08,0.0009,2025-12-31
Axis Mutual Fund,AXISLFA,Axis Liquid Fund,HDFC Bank Limited (18/03/2026),Debt,INE040A16IC5,25500.0,125959.1625,0.0353,2025-12-31
Axis Mutual Fund,AXISLFA,Axis Liquid Fund,Indian Bank (25/02/2026) **,Debt,INE562A16PX9,20000.0,99118.1,0.0278,2025-12-31
Axis Mutual Fund,AXISLFA,Axis Liquid Fund,HDFC Bank Limited (17/03/2026),Debt,INE040A16IB7,19500.0,96337.02,0.027,2025-12-31
Axis Mutual Fund,AXISLFA,Axis Liquid Fund,Punjab National Bank (18/03/2026),Debt,INE160A16RK5,16500.0,81496.8825,0.0229,2025-12-31
Axis Mutual Fund,AXISLFA,Axis Liquid Fund,Small Industries Dev Bank of India (27/02/2026),Debt,INE556F16BB6,15500.0,76780.5675,0.0215,2025-12-31
Axis Mutual Fund,AXISLFA,Axis Liquid Fund,National Bank For Agriculture and Rural Development (24/03/2026) **,Debt,INE261F16991,15000.0,74004.15,0.0208,2025-12-31
Axis Mutual Fund,AXISLFA,Axis Liquid Fund,Bank of Baroda (06/03/2026) **,Debt,INE028A16HW0,13500.0,66807.1125,0.0187,2025-12-31
Axis Mutual Fund,AXISLFA,Axis Liquid Fund,Punjab National Bank (03/03/2026) **,Debt,INE160A16TR6,13000.0,64363.91,0.0181,2025-12-31
Axis Mutual Fund,AXISLFA,Axis Liquid Fund,Bank of Baroda (05/03/2026) **,Debt,INE028A16KP8,12000.0,59393.64,0.0167,2025-12-31
Axis Mutual Fund,AXISLFA,Axis Liquid Fund,Punjab National Bank (13/03/2026) **,Debt,INE160A16TU0,12000.0,59317.68,0.0166,2025-12-31
Axis Mutual Fund,AXISLFA,Axis Liquid Fund,Bank of Baroda (05/01/2026) **,Debt,INE028A16JI5,10500.0,52465.5075,0.0147,2025-12-31
Axis Mutual Fund,AXISLFA,Axis Liquid Fund,Bank of India (24/02/2026) **,Debt,INE084A16FA3,10000.0,49561.15,0.0139,2025-12-31
Axis Mutual Fund,AXISLFA,Axis Liquid Fund,Canara Bank (26/02/2026) **,Debt,INE476A16E95,10000.0,49549.6,0.0139,2025-12-31
Axis Mutual Fund,AXISLFA,Axis Liquid Fund,RBL Bank Limited (25/02/2026) **,Debt,INE976G16OE1,10000.0,49511.35,0.0139,2025-12-31
Axis Mutual Fund,AXISLFA,Axis Liquid Fund,Karur Vysya Bank Limited (13/03/2026) **,Debt,INE036D16JM4,10000.0,49419.85,0.0139,2025-12-31
Axis Mutual Fund,AXISLFA,Axis Liquid Fund,Union Bank of India (03/02/2026) **,Debt,INE692A16IP5,9500.0,47246.92,0.0133,2025-12-31
Axis Mutual Fund,AXISLFA,Axis Liquid Fund,Union Bank of India (05/03/2026) **,Debt,INE692A16IY7,8000.0,39595.08,0.0111,2025-12-31
Axis Mutual Fund,AXISLFA,Axis Liquid Fund,Indian Bank (19/01/2026),Debt,INE562A16NW6,6000.0,29909.67,0.0084,2025-12-31
Axis Mutual Fund,AXISLFA,Axis Liquid Fund,Union Bank of India (27/01/2026) **,Debt,INE692A16IM2,6000.0,29871.6,0.0084,2025-12-31
Axis Mutual Fund,AXISLFA,Axis Liquid Fund,HDFC Bank Limited (12/02/2026) **,Debt,INE040A16HV7,6000.0,29797.71,0.0084,2025-12-31
Axis Mutual Fund,AXISLFA,Axis Liquid Fund,Canara Bank (04/03/2026),Debt,INE476A16A73,6000.0,29699.85,0.0083,2025-12-31
Axis Mutual Fund,AXISLFA,Axis Liquid Fund,Indian Bank (12/03/2026) **,Debt,INE562A16OI3,6000.0,29664.09,0.0083,2025-12-31
Axis Mutual Fund,AXISLFA,Axis Liquid Fund,Canara Bank (05/03/2026) **,Debt,INE476A16A81,5000.0,24746.925,0.0069,2025-12-31
Axis Mutual Fund,AXISLFA,Axis Liquid Fund,UCO Bank (12/03/2026) **,Debt,INE691A16MB9,5000.0,24714.95,0.0069,2025-12-31
Axis Mutual Fund,AXISLFA,Axis Liquid Fund,UCO Bank (18/03/2026) **,Debt,INE691A16MD5,5000.0,24690.8,0.0069,2025-12-31
Axis Mutual Fund,AXISLFA,Axis Liquid Fund,Kotak Mahindra Bank Limited (15/01/2026) **,Debt,INE237A162Z2,4900.0,24443.748,0.0069,2025-12-31
Axis Mutual Fund,AXISLFA,Axis Liquid Fund,Indian Bank (04/02/2026) **,Debt,INE562A16OA0,4500.0,22376.925,0.0063,2025-12-31
Axis Mutual Fund,AXISLFA,Axis Liquid Fund,Bank of Baroda (11/03/2026) **,Debt,INE028A16HZ3,4500.0,22251.195,0.0062,2025-12-31
Axis Mutual Fund,AXISLFA,Axis Liquid Fund,Indian Bank (08/01/2026) **,Debt,INE562A16NV8,4000.0,19976.86,0.0056,2025-12-31
Axis Mutual Fund,AXISLFA,Axis Liquid Fund,IDBI Bank Limited (05/02/2026) **,Debt,INE008A16X73,4000.0,19886.26,0.0056,2025-12-31
Axis Mutual Fund,AXISLFA,Axis Liquid Fund,Bank of Baroda (24/02/2026),Debt,INE028A16JJ3,4000.0,19826.46,0.0056,2025-12-31
Axis Mutual Fund,AXISLFA,Axis Liquid Fund,Bank of India (05/03/2026) **,Debt,INE084A16FC9,4000.0,19795.52,0.0056,2025-12-31
Axis Mutual Fund,AXISLFA,Axis Liquid Fund,Canara Bank (12/03/2026) **,Debt,INE476A16B23,4000.0,19775.3,0.0055,2025-12-31
Axis Mutual Fund,AXISLFA,Axis Liquid Fund,Indian Bank (25/03/2026) **,Debt,INE562A16ON3,4000.0,19735.02,0.0055,2025-12-31
Axis Mutual Fund,AXISLFA,Axis Liquid Fund,Bank of Baroda (06/01/2026) **,Debt,INE028A16KA0,3000.0,14987.67,0.0042,2025-12-31
Axis Mutual Fund,AXISLFA,Axis Liquid Fund,Bank of Baroda (13/01/2026) **,Debt,INE028A16HK5,3000.0,14970.345,0.0042,2025-12-31
Axis Mutual Fund,AXISLFA,Axis Liquid Fund,National Bank For Agriculture and Rural Development (17/02/2026) **,Debt,INE261F16959,3000.0,14885.865,0.0042,2025-12-31
Axis Mutual Fund,AXISLFA,Axis Liquid Fund,Kotak Mahindra Bank Limited (18/02/2026),Debt,INE237A165Z5,3000.0,14884.23,0.0042,2025-12-31
Axis Mutual Fund,AXISLFA,Axis Liquid Fund,Bank of India (10/03/2026) **,Debt,INE084A16EK5,3000.0,14834.595,0.0042,2025-12-31
Axis Mutual Fund,AXISLFA,Axis Liquid Fund,Kotak Mahindra Bank Limited (13/03/2026) **,Debt,INE237A167Z1,3000.0,14830.095,0.0042,2025-12-31
Axis Mutual Fund,AXISLFA,Axis Liquid Fund,Bank of Baroda (13/03/2026) **,Debt,INE028A16IC0,3000.0,14829.375,0.0042,2025-12-31
Axis Mutual Fund,AXISLFA,Axis Liquid Fund,National Bank For Agriculture and Rural Development (13/03/2026) **,Debt,INE261F16983,2500.0,12356.025,0.0035,2025-12-31
Axis Mutual Fund,AXISLFA,Axis Liquid Fund,Bank of Baroda (16/01/2026),Debt,INE028A16HL3,2000.0,9974.89,0.0028,2025-12-31
Axis Mutual Fund,AXISLFA,Axis Liquid Fund,Canara Bank (13/03/2026) **,Debt,INE476A16B31,2000.0,9886.06,0.0028,2025-12-31
Axis Mutual Fund,AXISLFA,Axis Liquid Fund,Export Import Bank of India (04/03/2026),Debt,INE514E16CJ9,1500.0,7425.5175,0.0021,2025-12-31
Axis Mutual Fund,AXISLFA,Axis Liquid Fund,HDFC Bank Limited (12/03/2026),Debt,INE040A16GN6,1500.0,7415.67,0.0021,2025-12-31
Axis Mutual Fund,AXISLFA,Axis Liquid Fund,National Bank For Agriculture and Rural Development (20/01/2026),Debt,INE261F16892,1000.0,4984.2,0.0014,2025-12-31
Axis Mutual Fund,AXISLFA,Axis Liquid Fund,Indian Bank (30/01/2026) **,Debt,INE562A16NX4,1000.0,4976.125,0.0014,2025-12-31
Axis Mutual Fund,AXISLFA,Axis Liquid Fund,Canara Bank (03/02/2026) **,Debt,INE476A16A24,1000.0,4973.36,0.0014,2025-12-31
Axis Mutual Fund,AXISLFA,Axis Liquid Fund,Bank of Baroda (06/02/2026) **,Debt,INE028A16JM7,1000.0,4971.0,0.0014,2025-12-31
Axis Mutual Fund,AXISLFA,Axis Liquid Fund,Union Bank of India (06/03/2026) **,Debt,INE692A16JB3,1000.0,4948.59,0.0014,2025-12-31
Axis Mutual Fund,AXISLFA,Axis Liquid Fund,HDFC Bank Limited (09/03/2026) **,Debt,INE040A16HM6,1000.0,4946.43,0.0014,2025-12-31
Axis Mutual Fund,AXISLFA,Axis Liquid Fund,HDFC Bank Limited (24/03/2026),Debt,INE040A16GS5,1000.0,4934.485,0.0014,2025-12-31
Axis Mutual Fund,AXISLFA,Axis Liquid Fund,Bank of Baroda (02/01/2026),Debt,INE028A16JT2,500.0,2499.59,0.0007,2025-12-31
Axis Mutual Fund,AXISLFA,Axis Liquid Fund,IDFC First Bank Limited (27/01/2026),Debt,INE092T16XY9,500.0,2488.83,0.0007,2025-12-31
Axis Mutual Fund,AXISLFA,Axis Liquid Fund,Canara Bank (27/02/2026) **,Debt,INE476A16D96,100.0,495.416,0.0001,2025-12-31
Axis Mutual Fund,AXISLFA,Axis Liquid Fund,Small Industries Dev Bank of India (12/02/2026) **,Debt,INE556F14LQ8,20000.0,99315.5,0.0279,2025-12-31
Axis Mutual Fund,AXISLFA,Axis Liquid Fund,Export Import Bank of India (13/02/2026) **,Debt,INE514E14SX1,20000.0,99309.2,0.0279,2025-12-31
Axis Mutual Fund,AXISLFA,Axis Liquid Fund,Small Industries Dev Bank of India (24/02/2026) **,Debt,INE556F14LS4,20000.0,99118.0,0.0278,2025-12-31
Axis Mutual Fund,AXISLFA,Axis Liquid Fund,Export Import Bank of India (26/02/2026) **,Debt,INE514E14SZ6,15000.0,74323.8,0.0208,2025-12-31
Axis Mutual Fund,AXISLFA,Axis Liquid Fund,Bajaj Financial Securities Limited (12/03/2026) **,Debt,INE01C314DR3,14000.0,69141.45,0.0194,2025-12-31
Axis Mutual Fund,AXISLFA,Axis Liquid Fund,Biocon Limited (20/03/2026) **,Debt,INE376G14040,12000.0,59149.98,0.0166,2025-12-31
Axis Mutual Fund,AXISLFA,Axis Liquid Fund,Reliance Retail Ventures Limited (11/02/2026) **,Debt,INE929O14EH3,10000.0,49666.65,0.0139,2025-12-31
Axis Mutual Fund,AXISLFA,Axis Liquid Fund,Mahindra & Mahindra Financial Services Limited (13/02/2026) **,Debt,INE774D14TG6,10000.0,49626.15,0.0139,2025-12-31
Axis Mutual Fund,AXISLFA,Axis Liquid Fund,Kotak Securities Limited (03/03/2026) **,Debt,INE028E14TW2,10000.0,49464.3,0.0139,2025-12-31
Axis Mutual Fund,AXISLFA,Axis Liquid Fund,Export Import Bank of India (12/03/2026) **,Debt,INE514E14TA7,10000.0,49440.15,0.0139,2025-12-31
Axis Mutual Fund,AXISLFA,Axis Liquid Fund,Tata Power Company Limited (11/03/2026) **,Debt,INE245A14KQ1,10000.0,49433.7,0.0139,2025-12-31
Axis Mutual Fund,AXISLFA,Axis Liquid Fund,Small Industries Dev Bank of India (13/03/2026) **,Debt,INE556F14LW6,10000.0,49423.65,0.0139,2025-12-31
Axis Mutual Fund,AXISLFA,Axis Liquid Fund,HDFC Securities Limited (12/03/2026) **,Debt,INE700G14RH6,10000.0,49386.25,0.0139,2025-12-31
Axis Mutual Fund,AXISLFA,Axis Liquid Fund,Aditya Birla Capital Limited (13/03/2026) **,Debt,INE674K14AZ3,10000.0,49385.2,0.0139,2025-12-31
Axis Mutual Fund,AXISLFA,Axis Liquid Fund,ICICI Securities Limited (03/02/2026) **,Debt,INE763G14C38,9000.0,44737.875,0.0125,2025-12-31
Axis Mutual Fund,AXISLFA,Axis Liquid Fund,Birla Group Holdings Private Limited (24/02/2026) **,Debt,INE09OL14IE6,9000.0,44560.935,0.0125,2025-12-31
Axis Mutual Fund,AXISLFA,Axis Liquid Fund,Motilal Oswal Financial Services Limited (28/01/2026) **,Debt,INE338I14LE1,8000.0,39798.48,0.0112,2025-12-31
Axis Mutual Fund,AXISLFA,Axis Liquid Fund,Tata Steel Limited (06/03/2026) **,Debt,INE081A14GK1,7000.0,34635.335,0.0097,2025-12-31
Axis Mutual Fund,AXISLFA,Axis Liquid Fund,Kotak Securities Limited (13/03/2026) **,Debt,INE028E14TK7,7000.0,34564.32,0.0097,2025-12-31
Axis Mutual Fund,AXISLFA,Axis Liquid Fund,HDFC Securities Limited (10/02/2026) **,Debt,INE700G14QX5,6000.0,29788.47,0.0084,2025-12-31
Axis Mutual Fund,AXISLFA,Axis Liquid Fund,ICICI Securities Limited (13/02/2026) **,Debt,INE763G14C95,6000.0,29772.72,0.0084,2025-12-31
Axis Mutual Fund,AXISLFA,Axis Liquid Fund,Hindalco Industries Limited (15/01/2026) **,Debt,INE038A14395,5000.0,24940.025,0.007,2025-12-31
Axis Mutual Fund,AXISLFA,Axis Liquid Fund,Bajaj Finance Limited (12/02/2026) **,Debt,INE296A14D47,5000.0,24818.225,0.007,2025-12-31
Axis Mutual Fund,AXISLFA,Axis Liquid Fund,HDFC Securities Limited (17/02/2026) **,Debt,INE700G14QY3,5000.0,24793.125,0.007,2025-12-31
Axis Mutual Fund,AXISLFA,Axis Liquid Fund,ICICI Securities Limited (10/03/2026) **,Debt,INE763G14A63,5000.0,24701.8,0.0069,2025-12-31
Axis Mutual Fund,AXISLFA,Axis Liquid Fund,IIFL Finance Limited (05/03/2026) **,Debt,INE530B14EZ8,5000.0,24638.525,0.0069,2025-12-31
Axis Mutual Fund,AXISLFA,Axis Liquid Fund,Birla Group Holdings Private Limited (11/03/2026) **,Debt,INE09OL14IF3,4000.0,19751.34,0.0055,2025-12-31
Axis Mutual Fund,AXISLFA,Axis Liquid Fund,Nuvama Wealth Finance Limited (09/03/2026) **,Debt,INE918K14CV9,3500.0,17265.1675,0.0048,2025-12-31
Axis Mutual Fund,AXISLFA,Axis Liquid Fund,Dalmia Cement (Bharat) Limited (11/02/2026) **,Debt,INE755K14FQ8,3000.0,14898.75,0.0042,2025-12-31
Axis Mutual Fund,AXISLFA,Axis Liquid Fund,Piramal Capital & Housing Finance Limited (06/02/2026) **,Debt,INE516Y14HT5,3000.0,14895.765,0.0042,2025-12-31
Axis Mutual Fund,AXISLFA,Axis Liquid Fund,Birla Group Holdings Private Limited (11/02/2026) **,Debt,INE09OL14IC0,3000.0,14888.625,0.0042,2025-12-31
Axis Mutual Fund,AXISLFA,Axis Liquid Fund,IIFL Finance Limited (06/02/2026) **,Debt,INE530B14FR2,3000.0,14875.29,0.0042,2025-12-31
Axis Mutual Fund,AXISLFA,Axis Liquid Fund,Tata Projects Limited (09/03/2026) **,Debt,INE725H14DG3,3000.0,14834.175,0.0042,2025-12-31
Axis Mutual Fund,AXISLFA,Axis Liquid Fund,ICICI Home Finance Company Limited (24/02/2026) **,Debt,INE071G14HG5,2500.0,12389.475,0.0035,2025-12-31
Axis Mutual Fund,AXISLFA,Axis Liquid Fund,Bharti Telecom Limited (13/02/2026) **,Debt,INE403D14551,2000.0,9922.91,0.0028,2025-12-31
Axis Mutual Fund,AXISLFA,Axis Liquid Fund,ICICI Securities Limited (02/03/2026) **,Debt,INE763G14C61,2000.0,9894.6,0.0028,2025-12-31
Axis Mutual Fund,AXISLFA,Axis Liquid Fund,Nu Vista Limited (12/03/2026) **,Debt,INE973U14284,2000.0,9884.09,0.0028,2025-12-31
Axis Mutual Fund,AXISLFA,Axis Liquid Fund,360 One WAM Limited (05/03/2026) **,Debt,INE466L14FL1,2000.0,9881.38,0.0028,2025-12-31
Axis Mutual Fund,AXISLFA,Axis Liquid Fund,Nuvoco Vistas Corporation Limited (12/03/2026) **,Debt,INE118D14AC5,2000.0,9876.22,0.0028,2025-12-31
Axis Mutual Fund,AXISLFA,Axis Liquid Fund,Birla Group Holdings Private Limited (06/02/2026) **,Debt,INE09OL14GM3,1500.0,7451.055,0.0021,2025-12-31
Axis Mutual Fund,AXISLFA,Axis Liquid Fund,Godrej Industries Limited (12/03/2026) **,Debt,INE233A145T4,1500.0,7412.4375,0.0021,2025-12-31
Axis Mutual Fund,AXISLFA,Axis Liquid Fund,Godrej Industries Limited (13/03/2026) **,Debt,INE233A145U2,1500.0,7411.1925,0.0021,2025-12-31
Axis Mutual Fund,AXISLFA,Axis Liquid Fund,ICICI Securities Limited (20/02/2026) **,Debt,INE763G14XZ4,1200.0,5947.206,0.0017,2025-12-31
Axis Mutual Fund,AXISLFA,Axis Liquid Fund,Piramal Finance Limited (05/02/2026) **,Debt,INE140A146I7,1000.0,4966.215,0.0014,2025-12-31
Axis Mutual Fund,AXISLFA,Axis Liquid Fund,Piramal Finance Limited (16/02/2026) **,Debt,INE202B14PB1,1000.0,4955.69,0.0014,2025-12-31
Axis Mutual Fund,AXISLFA,Axis Liquid Fund,Barclays Investments & Loans (India) Private Limited (27/02/2026) **,Debt,INE704I14KM9,600.0,2968.983,0.0008,2025-12-31
Axis Mutual Fund,AXISLFA,Axis Liquid Fund,ICICI Securities Limited (30/01/2026) **,Debt,INE763G14ZL9,400.0,1989.756,0.0006,2025-12-31
Axis Mutual Fund,AXISLFA,Axis Liquid Fund,91 Days Tbill (MD 27/03/2026),Debt,IN002025X398,200000000.0,197614.4,0.0554,2025-12-31
Axis Mutual Fund,AXISLFA,Axis Liquid Fund,91 Days Tbill (MD 19/02/2026),Debt,IN002025X349,130807200.0,129902.0142,0.0364,2025-12-31
Axis Mutual Fund,AXISLFA,Axis Liquid Fund,91 Days Tbill (MD 29/01/2026),Debt,IN002025X315,95000000.0,94619.24,0.0265,2025-12-31
Axis Mutual Fund,AXISLFA,Axis Liquid Fund,91 Days Tbill (MD 15/01/2026),Debt,IN002025X299,60000000.0,59879.46,0.0168,2025-12-31
Axis Mutual Fund,AXISLFA,Axis Liquid Fund,91 Days Tbill (MD 12/03/2026),Debt,IN002025X372,40000000.0,39605.72,0.0111,2025-12-31
Axis Mutual Fund,AXISLFA,Axis Liquid Fund,182 Days Tbill (MD 05/03/2026),Debt,IN002025Y230,38834100.0,38489.2532,0.0108,2025-12-31
Axis Mutual Fund,AXISLFA,Axis Liquid Fund,91 Days Tbill (MD 26/02/2026),Debt,IN002025X356,32500000.0,32243.25,0.009,2025-12-31
Axis Mutual Fund,AXISLFA,Axis Liquid Fund,364 Days Tbill (MD 27/02/2026),Debt,IN002024Z461,20000000.0,19839.16,0.0056,2025-12-31
Axis Mutual Fund,AXISLFA,Axis Liquid Fund,182 Days Tbill (MD 15/01/2026),Debt,IN002025Y164,12500000.0,12474.875,0.0035,2025-12-31
Axis Mutual Fund,AXISLFA,Axis Liquid Fund,364 Days Tbill (MD 12/03/2026),Debt,IN002024Z487,12500000.0,12376.7875,0.0035,2025-12-31
Axis Mutual Fund,AXISLFA,Axis Liquid Fund,91 Days Tbill (MD 02/01/2026),Debt,IN002025X273,9000000.0,8998.686,0.0025,2025-12-31
Axis Mutual Fund,AXISLFA,Axis Liquid Fund,182 Days Tbill (MD 29/01/2026),Debt,IN002025Y180,4500000.0,4481.9505,0.0013,2025-12-31
Axis Mutual Fund,AXISLFA,Axis Liquid Fund,364 Days Tbill (MD 01/01/2026),Debt,IN002024Z388,1000000.0,1000.0,0.0003,2025-12-31
Axis Mutual Fund,AXISLFA,Axis Liquid Fund,SBI - Corporate Debt Market Development Fund (CDMDF) - Class A2,Debt,INF0RQ622028,81627.708,9431.0958,0.0026,2025-12-31
Axis Mutual Fund,AXISM10,Axis Gilt Fund,6.9% Government of India (15/04/2065),Debt,IN0020250018,9000000.0,8492.436,0.1237,2025-12-31
Axis Mutual Fund,AXISM10,Axis Gilt Fund,6.28% Government of India (14/07/2032),Debt,IN0020250059,7500000.0,7386.1725,0.1076,2025-12-31
Axis Mutual Fund,AXISM10,Axis Gilt Fund,6.68% Government of India (07/07/2040),Debt,IN0020250042,7357000.0,7143.9707,0.1041,2025-12-31
Axis Mutual Fund,AXISM10,Axis Gilt Fund,6.48% Government of India (06/10/2035),Debt,IN0020250091,5000000.0,4956.795,0.0722,2025-12-31
Axis Mutual Fund,AXISM10,Axis Gilt Fund,7.24% Government of India (18/08/2055),Debt,IN0020250075,4500000.0,4487.724,0.0654,2025-12-31
Axis Mutual Fund,AXISM10,Axis Gilt Fund,7.34% Government of India (22/04/2064),Debt,IN0020240035,4494700.0,4481.1799,0.0653,2025-12-31
Axis Mutual Fund,AXISM10,Axis Gilt Fund,7.18% Government of India (14/08/2033),Debt,IN0020230085,3700000.0,3817.4935,0.0556,2025-12-31
Axis Mutual Fund,AXISM10,Axis Gilt Fund,7.09% Government of India (25/11/2074),Debt,IN0020240142,3643000.0,3508.617,0.0511,2025-12-31
Axis Mutual Fund,AXISM10,Axis Gilt Fund,7.1% Government of India (08/04/2034),Debt,IN0020240019,2500000.0,2571.54,0.0375,2025-12-31
Axis Mutual Fund,AXISM10,Axis Gilt Fund,7.09% Government of India (05/08/2054),Debt,IN0020240118,2500000.0,2444.245,0.0356,2025-12-31
Axis Mutual Fund,AXISM10,Axis Gilt Fund,6.33% Government of India (05/05/2035),Debt,IN0020250026,1600000.0,1569.8336,0.0229,2025-12-31
Axis Mutual Fund,AXISM10,Axis Gilt Fund,7.49% Haryana State Development Loans (27/03/2035),Debt,IN1620230426,1483000.0,1482.6293,0.0216,2025-12-31
Axis Mutual Fund,AXISM10,Axis Gilt Fund,6.79% Government of India (07/10/2034),Debt,IN0020240126,1114800.0,1124.792,0.0164,2025-12-31
Axis Mutual Fund,AXISM10,Axis Gilt Fund,7.44% Madhya Pradesh State Development Loans (03/12/2038),Debt,IN2120250260,1000000.0,995.771,0.0145,2025-12-31
Axis Mutual Fund,AXISM10,Axis Gilt Fund,7.54% Government of India (23/05/2036),Debt,IN0020220029,500000.0,527.7515,0.0077,2025-12-31
Axis Mutual Fund,AXISM10,Axis Gilt Fund,7.46% Government of India (06/11/2073),Debt,IN0020230127,500000.0,505.8895,0.0074,2025-12-31
Axis Mutual Fund,AXISM10,Axis Gilt Fund,6.76% Maharashtra State Development Loans (23/04/2037),Debt,IN2220250012,424800.0,403.9848,0.0059,2025-12-31
Axis Mutual Fund,AXISM10,Axis Gilt Fund,7.43% Maharashtra State Development Loans (03/12/2040),Debt,IN2220250392,319200.0,319.2303,0.0047,2025-12-31
Axis Mutual Fund,AXISM10,Axis Gilt Fund,7.39% Chhatisgarh State Development Loans (13/03/2033),Debt,IN3520230241,235700.0,236.2506,0.0034,2025-12-31
Axis Mutual Fund,AXISM10,Axis Gilt Fund,7.05% Andhra Pradesh State Development Loans (01/09/2035),Debt,IN1020210234,200000.0,194.55,0.0028,2025-12-31
Axis Mutual Fund,AXISM10,Axis Gilt Fund,182 Days Tbill (MD 11/06/2026),Debt,IN002025Y370,4000000.0,3907.332,0.0569,2025-12-31
Axis Mutual Fund,AXISMAF,Axis Multi-Asset Active FOF,Axis Gold ETF,Other,INF846K01W80,20134000.0,22286.3246,0.1639,2025-12-31
Axis Mutual Fund,AXISMAF,Axis Multi-Asset Active FOF,Axis Silver ETF,Other,INF846K011K1,1140000.0,2555.196,0.0188,2025-12-31
Axis Mutual Fund,AXISMAF,Axis Multi-Asset Active FOF,Axis Short Duration Fund - Direct Plan - Growth Option,Other,INF846K01EI1,41622359.981,14519.9603,0.1068,2025-12-31
Axis Mutual Fund,AXISMAF,Axis Multi-Asset Active FOF,Axis Large & Mid Cap Fund - Direct Plan - Growth,Other,INF846K01J46,31984890.084,11805.6229,0.0868,2025-12-31
Axis Mutual Fund,AXISMAF,Axis Multi-Asset Active FOF,Axis Strategic Bond Fund - Direct Plan - Growth Option,Other,INF846K01DT0,36137395.051,11525.2633,0.0848,2025-12-31
Axis Mutual Fund,AXISMAF,Axis Multi-Asset Active FOF,ICICI Pru Banking & Fin Servs Fund -Direct Plan -Growth,Other,INF109K013J1,7283245.198,11412.8452,0.0839,2025-12-31
Axis Mutual Fund,AXISMAF,Axis Multi-Asset Active FOF,Axis Value Fund - Direct Plan - Growth,Other,INF846K010C0,54614945.519,11196.0638,0.0823,2025-12-31
Axis Mutual Fund,AXISMAF,Axis Multi-Asset Active FOF,ICICI Pru Technology Fund - Direct Plan -  Growth,Other,INF109K01Z48,4363402.788,10184.1821,0.0749,2025-12-31
Axis Mutual Fund,AXISMAF,Axis Multi-Asset Active FOF,Axis Flexi Cap Fund - Direct Plan - Growth,Other,INF846K01B28,30579510.78,9005.6659,0.0662,2025-12-31
Axis Mutual Fund,AXISMAF,Axis Multi-Asset Active FOF,ICICI Prud Commo Fund - Direct Plan - Grwt Option,Other,INF109KC1F91,13096280.325,6417.1774,0.0472,2025-12-31
Axis Mutual Fund,AXISMAF,Axis Multi-Asset Active FOF,Axis Consumption Fund Direct Plan - Growth,Other,INF846K013X0,64969316.226,6379.9869,0.0469,2025-12-31
Axis Mutual Fund,AXISMAF,Axis Multi-Asset Active FOF,ICICI Pru Energy Opportunities Fund Dr - Gr Plan,Other,INF109KC12W6,28827387.459,3078.765,0.0226,2025-12-31
Axis Mutual Fund,AXISMAF,Axis Multi-Asset Active FOF,SBI Banking and Financial Services Fund Dr Gr Plan,Other,INF200KA1507,5898997.468,3031.8487,0.0223,2025-12-31
Axis Mutual Fund,AXISMAF,Axis Multi-Asset Active FOF,Kotak Energy Opportunities Fund-Direct-Growth,Other,INF174KA1VX0,24876853.48,2567.2913,0.0189,2025-12-31
Axis Mutual Fund,AXISMAF,Axis Multi-Asset Active FOF,Axis India Manufacturing Fund - Direct Plan - Gr,Other,INF846K016S3,17629583.965,2563.3415,0.0189,2025-12-31
Axis Mutual Fund,AXISMAF,Axis Multi-Asset Active FOF,Axis Innovation Fund - Direct Plan - Growth Option,Other,INF846K01X71,9989510.514,2023.8748,0.0149,2025-12-31
Axis Mutual Fund,AXISMAF,Axis Multi-Asset Active FOF,ICICI Pharma HlthCare & Diagnstc PHD-DP-Cumultv Op,Other,INF109KC1GH2,3222674.962,1387.3616,0.0102,2025-12-31
Axis Mutual Fund,AXISMCF,Axis Midcap Fund,Fortis Healthcare Limited,Equity,INE061F01013,13060764.0,115457.1538,0.0364,2025-12-31
Axis Mutual Fund,AXISMCF,Axis Midcap Fund,The Federal Bank Limited,Equity,INE171A01029,39590705.0,105746.7731,0.0333,2025-12-31
Axis Mutual Fund,AXISMCF,Axis Midcap Fund,The Indian Hotels Company Limited,Equity,INE053A01029,10812201.0,79885.9471,0.0252,2025-12-31
Axis Mutual Fund,AXISMCF,Axis Midcap Fund,Multi Commodity Exchange of India Limited,Equity,INE745G01035,713813.0,79490.2157,0.0251,2025-12-31
Axis Mutual Fund,AXISMCF,Axis Midcap Fund,The Phoenix Mills Limited,Equity,INE211B01039,3700614.0,68590.8805,0.0216,2025-12-31
Axis Mutual Fund,AXISMCF,Axis Midcap Fund,UNO Minda Limited,Equity,INE405E01023,5150285.0,66222.3645,0.0209,2025-12-31
Axis Mutual Fund,AXISMCF,Axis Midcap Fund,Bharti Hexacom Limited,Equity,INE343G01021,3503642.0,63825.8463,0.0201,2025-12-31
Axis Mutual Fund,AXISMCF,Axis Midcap Fund,Schaeffler India Limited,Equity,INE513A01022,1639295.0,63588.2531,0.02,2025-12-31
Axis Mutual Fund,AXISMCF,Axis Midcap Fund,PB Fintech Limited,Equity,INE417T01026,3359729.0,61335.2126,0.0193,2025-12-31
Axis Mutual Fund,AXISMCF,Axis Midcap Fund,Coromandel International Limited,Equity,INE169A01031,2692866.0,61031.115,0.0192,2025-12-31
Axis Mutual Fund,AXISMCF,Axis Midcap Fund,Persistent Systems Limited,Equity,INE262H01021,948214.0,59471.9821,0.0188,2025-12-31
Axis Mutual Fund,AXISMCF,Axis Midcap Fund,Cummins India Limited,Equity,INE298A01020,1336705.0,59274.8465,0.0187,2025-12-31
Axis Mutual Fund,AXISMCF,Axis Midcap Fund,GE Vernova T&D India Limited,Equity,INE200A01026,1828646.0,57282.336,0.0181,2025-12-31
Axis Mutual Fund,AXISMCF,Axis Midcap Fund,TVS Motor Company Limited,Equity,INE494B01023,1498641.0,55746.4479,0.0176,2025-12-31
Axis Mutual Fund,AXISMCF,Axis Midcap Fund,Solar Industries India Limited,Equity,INE343H01029,409811.0,50210.0437,0.0158,2025-12-31
Axis Mutual Fund,AXISMCF,Axis Midcap Fund,Coforge Limited,Equity,INE591G01025,2941185.0,48911.9066,0.0154,2025-12-31
Axis Mutual Fund,AXISMCF,Axis Midcap Fund,Vishal Mega Mart Limited,Equity,INE01EA01019,35711859.0,48700.2621,0.0154,2025-12-31
Axis Mutual Fund,AXISMCF,Axis Midcap Fund,JK Cement Limited,Equity,INE823G01014,873451.0,48310.5748,0.0152,2025-12-31
Axis Mutual Fund,AXISMCF,Axis Midcap Fund,Eternal Limited,Equity,INE758T01015,17361757.0,48274.3653,0.0152,2025-12-31
Axis Mutual Fund,AXISMCF,Axis Midcap Fund,Bharat Heavy Electricals Limited,Equity,INE257A01026,16544200.0,47556.3029,0.015,2025-12-31
Axis Mutual Fund,AXISMCF,Axis Midcap Fund,Abbott India Limited,Equity,INE358A01014,162848.0,47266.632,0.0149,2025-12-31
Axis Mutual Fund,AXISMCF,Axis Midcap Fund,Premier Energies Limited,Equity,INE0BS701011,5281018.0,44474.0931,0.014,2025-12-31
Axis Mutual Fund,AXISMCF,Axis Midcap Fund,Hitachi Energy India Limited,Equity,INE07Y701011,239343.0,43823.7033,0.0138,2025-12-31
Axis Mutual Fund,AXISMCF,Axis Midcap Fund,Ashok Leyland Limited,Equity,INE208A01029,24363448.0,43656.8625,0.0138,2025-12-31
Axis Mutual Fund,AXISMCF,Axis Midcap Fund,Bharat Electronics Limited,Equity,INE263A01024,10844267.0,43333.6909,0.0137,2025-12-31
Axis Mutual Fund,AXISMCF,Axis Midcap Fund,Indian Bank,Equity,INE562A01011,4861920.0,40706.4252,0.0128,2025-12-31
Axis Mutual Fund,AXISMCF,Axis Midcap Fund,Dixon Technologies (India) Limited,Equity,INE935N01020,332135.0,40194.9777,0.0127,2025-12-31
Axis Mutual Fund,AXISMCF,Axis Midcap Fund,Apar Industries Limited,Equity,INE372A01015,480252.0,40185.0861,0.0127,2025-12-31
Axis Mutual Fund,AXISMCF,Axis Midcap Fund,Torrent Power Limited,Equity,INE813H01021,2987907.0,39042.9808,0.0123,2025-12-31
Axis Mutual Fund,AXISMCF,Axis Midcap Fund,ICICI Lombard General Insurance Company Limited,Equity,INE765G01017,1932922.0,37925.8626,0.012,2025-12-31
Axis Mutual Fund,AXISMCF,Axis Midcap Fund,CG Power and Industrial Solutions Limited,Equity,INE067A01029,5740276.0,37191.2482,0.0117,2025-12-31
Axis Mutual Fund,AXISMCF,Axis Midcap Fund,Cholamandalam Investment and Finance Company Ltd,Equity,INE121A01024,2175278.0,37027.5821,0.0117,2025-12-31
Axis Mutual Fund,AXISMCF,Axis Midcap Fund,KEI Industries Limited,Equity,INE878B01027,819457.0,36549.4211,0.0115,2025-12-31
Axis Mutual Fund,AXISMCF,Axis Midcap Fund,L&T Finance Limited,Equity,INE498L01015,11303548.0,35713.5599,0.0113,2025-12-31
Axis Mutual Fund,AXISMCF,Axis Midcap Fund,SRF Limited,Equity,INE647A01010,1078816.0,33173.592,0.0105,2025-12-31
Axis Mutual Fund,AXISMCF,Axis Midcap Fund,Blue Star Limited,Equity,INE472A01039,1909554.0,33048.6511,0.0104,2025-12-31
Axis Mutual Fund,AXISMCF,Axis Midcap Fund,Bharat Forge Limited,Equity,INE465A01025,2243289.0,32985.3215,0.0104,2025-12-31
Axis Mutual Fund,AXISMCF,Axis Midcap Fund,Swiggy Limited,Equity,INE00H001014,8459271.0,32673.9342,0.0103,2025-12-31
Axis Mutual Fund,AXISMCF,Axis Midcap Fund,Bajaj Finance Limited,Equity,INE296A01032,3256369.0,32133.8493,0.0101,2025-12-31
Axis Mutual Fund,AXISMCF,Axis Midcap Fund,Jindal Steel Limited,Equity,INE749A01030,3031669.0,31947.7279,0.0101,2025-12-31
Axis Mutual Fund,AXISMCF,Axis Midcap Fund,Supreme Industries Limited,Equity,INE195A01028,921719.0,30912.6118,0.0097,2025-12-31
Axis Mutual Fund,AXISMCF,Axis Midcap Fund,Lupin Limited,Equity,INE326A01037,1464291.0,30889.2186,0.0097,2025-12-31
Axis Mutual Fund,AXISMCF,Axis Midcap Fund,PI Industries Limited,Equity,INE603J01030,939288.0,30416.024,0.0096,2025-12-31
Axis Mutual Fund,AXISMCF,Axis Midcap Fund,HDFC Asset Management Company Limited,Equity,INE127D01025,1123964.0,30034.566,0.0095,2025-12-31
Axis Mutual Fund,AXISMCF,Axis Midcap Fund,Mphasis Limited,Equity,INE356A01018,1075216.0,30011.429,0.0095,2025-12-31
Axis Mutual Fund,AXISMCF,Axis Midcap Fund,Info Edge (India) Limited,Equity,INE663F01032,2209947.0,29471.8532,0.0093,2025-12-31
Axis Mutual Fund,AXISMCF,Axis Midcap Fund,Sona BLW Precision Forgings Limited,Equity,INE073K01018,6116600.0,29322.9804,0.0092,2025-12-31
Axis Mutual Fund,AXISMCF,Axis Midcap Fund,Hindustan Petroleum Corporation Limited,Equity,INE094A01015,5618912.0,28041.1803,0.0088,2025-12-31
Axis Mutual Fund,AXISMCF,Axis Midcap Fund,Prestige Estates Projects Limited,Equity,INE811K01011,1692441.0,26991.0491,0.0085,2025-12-31
Axis Mutual Fund,AXISMCF,Axis Midcap Fund,Trent Limited,Equity,INE849A01020,621323.0,26586.4112,0.0084,2025-12-31
Axis Mutual Fund,AXISMCF,Axis Midcap Fund,Sundaram Finance Limited,Equity,INE660A01013,502384.0,26539.942,0.0084,2025-12-31
Axis Mutual Fund,AXISMCF,Axis Midcap Fund,IPCA Laboratories Limited,Equity,INE571A01038,1810234.0,25685.4102,0.0081,2025-12-31
Axis Mutual Fund,AXISMCF,Axis Midcap Fund,Oracle Financial Services Software Limited,Equity,INE881D01027,320113.0,24607.0863,0.0078,2025-12-31
Axis Mutual Fund,AXISMCF,Axis Midcap Fund,ITC Hotels Limited,Equity,INE379A01028,12135906.0,23959.9192,0.0076,2025-12-31
Axis Mutual Fund,AXISMCF,Axis Midcap Fund,AU Small Finance Bank Limited,Equity,INE949L01017,2368911.0,23558.8199,0.0074,2025-12-31
Axis Mutual Fund,AXISMCF,Axis Midcap Fund,ICICI Bank Limited,Equity,INE090A01021,1738458.0,23345.7525,0.0074,2025-12-31
Axis Mutual Fund,AXISMCF,Axis Midcap Fund,K.P.R. Mill Limited,Equity,INE930H01031,2433049.0,22929.0538,0.0072,2025-12-31
Axis Mutual Fund,AXISMCF,Axis Midcap Fund,Alkem Laboratories Limited,Equity,INE540L01014,409184.0,22531.717,0.0071,2025-12-31
Axis Mutual Fund,AXISMCF,Axis Midcap Fund,Cholamandalam Financial Holdings Limited,Equity,INE149A01033,1200679.0,21767.1096,0.0069,2025-12-31
Axis Mutual Fund,AXISMCF,Axis Midcap Fund,Jubilant Foodworks Limited,Equity,INE797F01020,3622445.0,20234.9778,0.0064,2025-12-31
Axis Mutual Fund,AXISMCF,Axis Midcap Fund,3M India Limited,Equity,INE470A01017,56624.0,19883.5176,0.0063,2025-12-31
Axis Mutual Fund,AXISMCF,Axis Midcap Fund,FSN E-Commerce Ventures Limited,Equity,INE388Y01029,7117105.0,18871.0039,0.0059,2025-12-31
Axis Mutual Fund,AXISMCF,Axis Midcap Fund,Voltas Limited,Equity,INE226A01021,1371327.0,18666.5031,0.0059,2025-12-31
Axis Mutual Fund,AXISMCF,Axis Midcap Fund,ZF Commercial Vehicle Control Systems India Limited,Equity,INE342J01019,124249.0,18485.7662,0.0058,2025-12-31
Axis Mutual Fund,AXISMCF,Axis Midcap Fund,Tube Investments of India Limited,Equity,INE974X01010,695656.0,18185.1435,0.0057,2025-12-31
Axis Mutual Fund,AXISMCF,Axis Midcap Fund,JB Chemicals & Pharmaceuticals Limited,Equity,INE572A01036,984875.0,17921.7704,0.0057,2025-12-31
Axis Mutual Fund,AXISMCF,Axis Midcap Fund,BSE Limited,Equity,INE118H01025,648573.0,17071.7385,0.0054,2025-12-31
Axis Mutual Fund,AXISMCF,Axis Midcap Fund,Glenmark Pharmaceuticals Limited,Equity,INE935A01035,774199.0,15756.498,0.005,2025-12-31
Axis Mutual Fund,AXISMCF,Axis Midcap Fund,Jyoti CNC Automation Ltd,Equity,INE980O01024,1587028.0,15700.468,0.005,2025-12-31
Axis Mutual Fund,AXISMCF,Axis Midcap Fund,Billionbrains Garage Ventures Ltd,Equity,INE0HOQ01053,9245104.0,14438.0789,0.0046,2025-12-31
Axis Mutual Fund,AXISMCF,Axis Midcap Fund,Endurance Technologies Limited,Equity,INE913H01037,551268.0,14277.2899,0.0045,2025-12-31
Axis Mutual Fund,AXISMCF,Axis Midcap Fund,LG Electronics India Ltd,Equity,INE324D01010,900023.0,13692.9499,0.0043,2025-12-31
Axis Mutual Fund,AXISMCF,Axis Midcap Fund,L&T Technology Services Limited,Equity,INE010V01017,306004.0,13654.5105,0.0043,2025-12-31
Axis Mutual Fund,AXISMCF,Axis Midcap Fund,Fine Organic Industries Limited,Equity,INE686Y01026,307724.0,12666.5353,0.004,2025-12-31
Axis Mutual Fund,AXISMCF,Axis Midcap Fund,Balkrishna Industries Limited,Equity,INE787D01026,544720.0,12635.8698,0.004,2025-12-31
Axis Mutual Fund,AXISMCF,Axis Midcap Fund,Max Healthcare Institute Limited,Equity,INE027H01010,942229.0,9847.2353,0.0031,2025-12-31
Axis Mutual Fund,AXISMCF,Axis Midcap Fund,Indus Towers Limited,Equity,INE121J01017,2262474.0,9474.1099,0.003,2025-12-31
Axis Mutual Fund,AXISMCF,Axis Midcap Fund,Astral Limited,Equity,INE006I01046,634381.0,8808.3802,0.0028,2025-12-31
Axis Mutual Fund,AXISMCF,Axis Midcap Fund,Page Industries Limited,Equity,INE761H01022,22774.0,8208.8883,0.0026,2025-12-31
Axis Mutual Fund,AXISMCF,Axis Midcap Fund,Tata Communications Limited,Equity,INE151A01013,429038.0,7831.2306,0.0025,2025-12-31
Axis Mutual Fund,AXISMCF,Axis Midcap Fund,Linde India Limited,Equity,INE473A01011,126375.0,7526.2631,0.0024,2025-12-31
Axis Mutual Fund,AXISMCF,Axis Midcap Fund,ICICI Prudential Life Insurance Company Limited,Equity,INE726G01019,989255.0,6610.6965,0.0021,2025-12-31
Axis Mutual Fund,AXISMCF,Axis Midcap Fund,Honeywell Automation India Limited,Equity,INE671A01010,16011.0,5252.4086,0.0017,2025-12-31
Axis Mutual Fund,AXISMCF,Axis Midcap Fund,Cohance Lifesciences Limited,Equity,INE03QK01018,972442.0,5140.3284,0.0016,2025-12-31
Axis Mutual Fund,AXISMCF,Axis Midcap Fund,KPIT Technologies Limited,Equity,INE04I401011,422770.0,4956.9783,0.0016,2025-12-31
Axis Mutual Fund,AXISMCF,Axis Midcap Fund,Lenskart Solutions Limited,Equity,INE956O01016,1010729.0,4555.3556,0.0014,2025-12-31
Axis Mutual Fund,AXISMCF,Axis Midcap Fund,Jindal Stainless Limited,Equity,INE220G01021,525797.0,4412.7513,0.0014,2025-12-31
Axis Mutual Fund,AXISMCF,Axis Midcap Fund,Container Corporation of India Limited,Equity,INE111A01025,810955.0,4257.1083,0.0013,2025-12-31
Axis Mutual Fund,AXISMCF,Axis Midcap Fund,Anthem Biosciences Limited,Equity,INE0CZ201020,651139.0,4242.1706,0.0013,2025-12-31
Axis Mutual Fund,AXISMCF,Axis Midcap Fund,Godrej Properties Limited,Equity,INE484J01027,205989.0,4128.8435,0.0013,2025-12-31
Axis Mutual Fund,AXISMCF,Axis Midcap Fund,Ajanta Pharma Limited,Equity,INE031B01049,139558.0,3864.2215,0.0012,2025-12-31
Axis Mutual Fund,AXISMCF,Axis Midcap Fund,REC Limited,Equity,INE020B01018,1059606.0,3780.6742,0.0012,2025-12-31
Axis Mutual Fund,AXISMCF,Axis Midcap Fund,Samvardhana Motherson International Limited,Equity,INE775A01035,3151598.0,3780.0266,0.0012,2025-12-31
Axis Mutual Fund,AXISMCF,Axis Midcap Fund,Oil India Limited,Equity,INE274J01014,879710.0,3733.0494,0.0012,2025-12-31
Axis Mutual Fund,AXISMCF,Axis Midcap Fund,Meesho Ltd,Equity,INE0VDM01015,1636918.0,2950.0536,0.0009,2025-12-31
Axis Mutual Fund,AXISMCF,Axis Midcap Fund,Kaynes Technology India Limited,Equity,INE918Z01012,71780.0,2880.5314,0.0009,2025-12-31
Axis Mutual Fund,AXISMCF,Axis Midcap Fund,Colgate Palmolive (India) Limited,Equity,INE259A01022,132650.0,2753.4161,0.0009,2025-12-31
Axis Mutual Fund,AXISMCF,Axis Midcap Fund,HDB Financial Services Limited,Equity,INE756I01012,253380.0,1939.7506,0.0006,2025-12-31
Axis Mutual Fund,AXISMCF,Axis Midcap Fund,Aarti Industries Limited,Equity,INE769A01020,477099.0,1783.8732,0.0006,2025-12-31
Axis Mutual Fund,AXISMCF,Axis Midcap Fund,Granules India Limited,Equity,INE101D01020,291611.0,1745.2918,0.0006,2025-12-31
Axis Mutual Fund,AXISMCF,Axis Midcap Fund,Oberoi Realty Limited,Equity,INE093I01010,4107.0,68.6115,$0.00%,2025-12-31
Axis Mutual Fund,AXISMCF,Axis Midcap Fund,6% TVS Motor Co Non Conv Rede Pref Shares 01SEP26 **,Equity,INE494B04019,6711716.0,683.6554,0.0002,2025-12-31
Axis Mutual Fund,AXISMIF,Axis Momentum Fund,HDFC Bank Limited,Other,INE040A01034,1094477.0,10848.456,0.0905,2025-12-31
Axis Mutual Fund,AXISMIF,Axis Momentum Fund,Bharti Airtel Limited,Other,INE397D01024,379857.0,7998.269,0.0668,2025-12-31
Axis Mutual Fund,AXISMIF,Axis Momentum Fund,Bajaj Finance Limited,Other,INE296A01032,542520.0,5353.5874,0.0447,2025-12-31
Axis Mutual Fund,AXISMIF,Axis Momentum Fund,Bharat Electronics Limited,Other,INE263A01024,1251739.0,5001.949,0.0417,2025-12-31
Axis Mutual Fund,AXISMIF,Axis Momentum Fund,Laurus Labs Limited,Other,INE947Q01028,442408.0,4901.8806,0.0409,2025-12-31
Axis Mutual Fund,AXISMIF,Axis Momentum Fund,Eicher Motors Limited,Other,INE066A01021,65372.0,4780.3275,0.0399,2025-12-31
Axis Mutual Fund,AXISMIF,Axis Momentum Fund,Maruti Suzuki India Limited,Other,INE585B01010,28493.0,4757.4762,0.0397,2025-12-31
Axis Mutual Fund,AXISMIF,Axis Momentum Fund,Multi Commodity Exchange of India Limited,Other,INE745G01035,40443.0,4503.7325,0.0376,2025-12-31
Axis Mutual Fund,AXISMIF,Axis Momentum Fund,One 97 Communications Limited,Other,INE982J01020,345288.0,4484.9458,0.0374,2025-12-31
Axis Mutual Fund,AXISMIF,Axis Momentum Fund,InterGlobe Aviation Limited,Other,INE646L01027,86874.0,4395.39,0.0367,2025-12-31
Axis Mutual Fund,AXISMIF,Axis Momentum Fund,Mahindra & Mahindra Limited,Other,INE101A01026,114515.0,4247.5904,0.0355,2025-12-31
Axis Mutual Fund,AXISMIF,Axis Momentum Fund,RBL Bank Limited,Other,INE976G01028,1288474.0,4069.0009,0.034,2025-12-31
Axis Mutual Fund,AXISMIF,Axis Momentum Fund,Aditya Birla Capital Limited,Other,INE674K01013,1117555.0,3997.4942,0.0334,2025-12-31
Axis Mutual Fund,AXISMIF,Axis Momentum Fund,GE Vernova T&D India Limited,Other,INE200A01026,125580.0,3933.7935,0.0328,2025-12-31
Axis Mutual Fund,AXISMIF,Axis Momentum Fund,Fortis Healthcare Limited,Other,INE061F01013,415699.0,3674.7792,0.0307,2025-12-31
Axis Mutual Fund,AXISMIF,Axis Momentum Fund,Syrma SGS Technology Limited,Other,INE0DYJ01015,485560.0,3559.8831,0.0297,2025-12-31
Axis Mutual Fund,AXISMIF,Axis Momentum Fund,Solar Industries India Limited,Other,INE343H01029,28280.0,3464.8656,0.0289,2025-12-31
Axis Mutual Fund,AXISMIF,Axis Momentum Fund,L&T Finance Limited,Other,INE498L01015,999959.0,3159.3705,0.0264,2025-12-31
Axis Mutual Fund,AXISMIF,Axis Momentum Fund,Muthoot Finance Limited,Other,INE414G01012,77671.0,2960.5855,0.0247,2025-12-31
Axis Mutual Fund,AXISMIF,Axis Momentum Fund,Navin Fluorine International Limited,Other,INE048G01026,49511.0,2931.0512,0.0245,2025-12-31
Axis Mutual Fund,AXISMIF,Axis Momentum Fund,Radico Khaitan Limited,Other,INE944F01028,84783.0,2796.4825,0.0233,2025-12-31
Axis Mutual Fund,AXISMIF,Axis Momentum Fund,Bharat Petroleum Corporation Limited,Other,INE029A01011,699833.0,2687.3587,0.0224,2025-12-31
Axis Mutual Fund,AXISMIF,Axis Momentum Fund,Hindustan Petroleum Corporation Limited,Other,INE094A01015,526292.0,2626.4602,0.0219,2025-12-31
Axis Mutual Fund,AXISMIF,Axis Momentum Fund,TVS Motor Company Limited,Other,INE494B01023,69532.0,2586.4513,0.0216,2025-12-31
Axis Mutual Fund,AXISMIF,Axis Momentum Fund,JK Cement Limited,Other,INE823G01014,41167.0,2276.9468,0.019,2025-12-31
Axis Mutual Fund,AXISMIF,Axis Momentum Fund,UPL Limited,Other,INE628A01036,244389.0,1943.2591,0.0162,2025-12-31
Axis Mutual Fund,AXISMIF,Axis Momentum Fund,SBI Life Insurance Company Limited,Other,INE123W01016,80031.0,1628.5508,0.0136,2025-12-31
Axis Mutual Fund,AXISMIF,Axis Momentum Fund,Tata Consumer Products Limited,Other,INE192A01025,134686.0,1605.4571,0.0134,2025-12-31
Axis Mutual Fund,AXISMIF,Axis Momentum Fund,Bosch Limited,Other,INE323A01026,2979.0,1073.6316,0.009,2025-12-31
Axis Mutual Fund,AXISMIF,Axis Momentum Fund,Kaynes Technology India Limited,Other,INE918Z01012,22078.0,885.9901,0.0074,2025-12-31
Axis Mutual Fund,AXISMIF,Axis Momentum Fund,Coforge Limited,Other,INE591G01025,43750.0,727.5625,0.0061,2025-12-31
Axis Mutual Fund,AXISMIF,Axis Momentum Fund,Indian Bank,Other,INE562A01011,85904.0,719.2312,0.006,2025-12-31
Axis Mutual Fund,AXISMIF,Axis Momentum Fund,Adani Energy Solutions Limited,Other,INE931S01010,68528.0,704.0224,0.0059,2025-12-31
Axis Mutual Fund,AXISMIF,Axis Momentum Fund,Narayana Hrudayalaya Limited,Other,INE410P01011,35030.0,662.7676,0.0055,2025-12-31
Axis Mutual Fund,AXISMIF,Axis Momentum Fund,eClerx Services Limited,Other,INE738I01010,12827.0,602.2661,0.005,2025-12-31
Axis Mutual Fund,AXISMIF,Axis Momentum Fund,Nuvoco Vistas Corporation Limited,Other,INE118D01016,39103.0,139.1871,0.0012,2025-12-31
Axis Mutual Fund,AXISMLC,Axis Multicap Fund,HDFC Bank Limited,Other,INE040A01034,5405392.0,53578.2455,0.0578,2025-12-31
Axis Mutual Fund,AXISMLC,Axis Multicap Fund,ICICI Bank Limited,Other,INE090A01021,2379408.0,31953.07,0.0345,2025-12-31
Axis Mutual Fund,AXISMLC,Axis Multicap Fund,Reliance Industries Limited,Other,INE002A01018,2024523.0,31793.1092,0.0343,2025-12-31
Axis Mutual Fund,AXISMLC,Axis Multicap Fund,Bharti Airtel Limited,Other,INE397D01024,952842.0,20063.0412,0.0216,2025-12-31
Axis Mutual Fund,AXISMLC,Axis Multicap Fund,Fortis Healthcare Limited,Other,INE061F01013,2099144.0,18556.433,0.02,2025-12-31
Axis Mutual Fund,AXISMLC,Axis Multicap Fund,Shriram Finance Limited,Other,INE721A01047,1716442.0,17099.1952,0.0184,2025-12-31
Axis Mutual Fund,AXISMLC,Axis Multicap Fund,State Bank of India,Other,INE062A01020,1681078.0,16511.5481,0.0178,2025-12-31
Axis Mutual Fund,AXISMLC,Axis Multicap Fund,Minda Corporation Limited,Other,INE842C01021,2847323.0,16346.4813,0.0176,2025-12-31
Axis Mutual Fund,AXISMLC,Axis Multicap Fund,Mahindra & Mahindra Limited,Other,INE101A01026,430277.0,15959.8345,0.0172,2025-12-31
Axis Mutual Fund,AXISMLC,Axis Multicap Fund,Larsen & Toubro Limited,Other,INE018A01030,376748.0,15384.5046,0.0166,2025-12-31
Axis Mutual Fund,AXISMLC,Axis Multicap Fund,Multi Commodity Exchange of India Limited,Other,INE745G01035,134842.0,15016.0051,0.0162,2025-12-31
Axis Mutual Fund,AXISMLC,Axis Multicap Fund,Infosys Limited,Other,INE009A01021,899582.0,14531.8476,0.0157,2025-12-31
Axis Mutual Fund,AXISMLC,Axis Multicap Fund,Eternal Limited,Other,INE758T01015,4952760.0,13771.1492,0.0149,2025-12-31
Axis Mutual Fund,AXISMLC,Axis Multicap Fund,Bajaj Finance Limited,Other,INE296A01032,1239042.0,12226.8665,0.0132,2025-12-31
Axis Mutual Fund,AXISMLC,Axis Multicap Fund,GE Vernova T&D India Limited,Other,INE200A01026,387235.0,12130.1364,0.0131,2025-12-31
Axis Mutual Fund,AXISMLC,Axis Multicap Fund,RBL Bank Limited,Other,INE976G01028,3770139.0,11906.099,0.0128,2025-12-31
Axis Mutual Fund,AXISMLC,Axis Multicap Fund,Kotak Mahindra Bank Limited,Other,INE237A01028,524454.0,11543.757,0.0125,2025-12-31
Axis Mutual Fund,AXISMLC,Axis Multicap Fund,The Federal Bank Limited,Other,INE171A01029,4108813.0,10974.6395,0.0118,2025-12-31
Axis Mutual Fund,AXISMLC,Axis Multicap Fund,eClerx Services Limited,Other,INE738I01010,230351.0,10815.6705,0.0117,2025-12-31
Axis Mutual Fund,AXISMLC,Axis Multicap Fund,Coforge Limited,Other,INE591G01025,646130.0,10745.1419,0.0116,2025-12-31
Axis Mutual Fund,AXISMLC,Axis Multicap Fund,Blue Star Limited,Other,INE472A01039,614696.0,10638.5437,0.0115,2025-12-31
Axis Mutual Fund,AXISMLC,Axis Multicap Fund,Bharat Electronics Limited,Other,INE263A01024,2587223.0,10338.5431,0.0112,2025-12-31
Axis Mutual Fund,AXISMLC,Axis Multicap Fund,Karur Vysya Bank Limited,Other,INE036D01028,3852047.0,10162.8556,0.011,2025-12-31
Axis Mutual Fund,AXISMLC,Axis Multicap Fund,Jyoti CNC Automation Ltd,Other,INE980O01024,1024057.0,10130.9959,0.0109,2025-12-31
Axis Mutual Fund,AXISMLC,Axis Multicap Fund,Premier Energies Limited,Other,INE0BS701011,1181461.0,9949.6738,0.0107,2025-12-31
Axis Mutual Fund,AXISMLC,Axis Multicap Fund,Craftsman Automation Limited,Other,INE00LO01017,125929.0,9683.3105,0.0104,2025-12-31
Axis Mutual Fund,AXISMLC,Axis Multicap Fund,Apar Industries Limited,Other,INE372A01015,114737.0,9600.6185,0.0104,2025-12-31
Axis Mutual Fund,AXISMLC,Axis Multicap Fund,TVS Motor Company Limited,Other,INE494B01023,255969.0,9521.5349,0.0103,2025-12-31
Axis Mutual Fund,AXISMLC,Axis Multicap Fund,CG Power and Industrial Solutions Limited,Other,INE067A01029,1430123.0,9265.7669,0.01,2025-12-31
Axis Mutual Fund,AXISMLC,Axis Multicap Fund,Solar Industries India Limited,Other,INE343H01029,69615.0,8529.2298,0.0092,2025-12-31
Axis Mutual Fund,AXISMLC,Axis Multicap Fund,Divi's Laboratories Limited,Other,INE361B01024,130405.0,8336.1396,0.009,2025-12-31
Axis Mutual Fund,AXISMLC,Axis Multicap Fund,Sansera Engineering Limited,Other,INE953O01021,493745.0,8280.1037,0.0089,2025-12-31
Axis Mutual Fund,AXISMLC,Axis Multicap Fund,Sona BLW Precision Forgings Limited,Other,INE073K01018,1726896.0,8278.7394,0.0089,2025-12-31
Axis Mutual Fund,AXISMLC,Axis Multicap Fund,Cummins India Limited,Other,INE298A01020,185109.0,8208.4735,0.0089,2025-12-31
Axis Mutual Fund,AXISMLC,Axis Multicap Fund,Indian Bank,Other,INE562A01011,979804.0,8203.409,0.0088,2025-12-31
Axis Mutual Fund,AXISMLC,Axis Multicap Fund,Persistent Systems Limited,Other,INE262H01021,130384.0,8177.6845,0.0088,2025-12-31
Axis Mutual Fund,AXISMLC,Axis Multicap Fund,Ashok Leyland Limited,Other,INE208A01029,4384459.0,7856.5121,0.0085,2025-12-31
Axis Mutual Fund,AXISMLC,Axis Multicap Fund,Laurus Labs Limited,Other,INE947Q01028,705810.0,7820.3748,0.0084,2025-12-31
Axis Mutual Fund,AXISMLC,Axis Multicap Fund,Mankind Pharma Limited,Other,INE634S01028,345727.0,7593.8936,0.0082,2025-12-31
Axis Mutual Fund,AXISMLC,Axis Multicap Fund,Sai Life Sciences Limited,Other,INE570L01029,811956.0,7375.8083,0.008,2025-12-31
Axis Mutual Fund,AXISMLC,Axis Multicap Fund,Firstsource Solutions Limited,Other,INE684F01012,2181621.0,7325.8833,0.0079,2025-12-31
Axis Mutual Fund,AXISMLC,Axis Multicap Fund,UltraTech Cement Limited,Other,INE481G01011,61684.0,7268.8426,0.0078,2025-12-31
Axis Mutual Fund,AXISMLC,Axis Multicap Fund,Mphasis Limited,Other,INE356A01018,257998.0,7201.2402,0.0078,2025-12-31
Axis Mutual Fund,AXISMLC,Axis Multicap Fund,PB Fintech Limited,Other,INE417T01026,391580.0,7148.6845,0.0077,2025-12-31
Axis Mutual Fund,AXISMLC,Axis Multicap Fund,Vishal Mega Mart Limited,Other,INE01EA01019,4948993.0,6748.9418,0.0073,2025-12-31
Axis Mutual Fund,AXISMLC,Axis Multicap Fund,Delhivery Limited,Other,INE148O01028,1661376.0,6709.467,0.0072,2025-12-31
Axis Mutual Fund,AXISMLC,Axis Multicap Fund,KEI Industries Limited,Other,INE878B01027,147804.0,6592.354,0.0071,2025-12-31
Axis Mutual Fund,AXISMLC,Axis Multicap Fund,Bharat Heavy Electricals Limited,Other,INE257A01026,2281484.0,6558.1258,0.0071,2025-12-31
Axis Mutual Fund,AXISMLC,Axis Multicap Fund,Doms Industries Limited,Other,INE321T01012,250564.0,6553.2509,0.0071,2025-12-31
Axis Mutual Fund,AXISMLC,Axis Multicap Fund,JB Chemicals & Pharmaceuticals Limited,Other,INE572A01036,337782.0,6146.6191,0.0066,2025-12-31
Axis Mutual Fund,AXISMLC,Axis Multicap Fund,Awfis Space Solutions Limited,Other,INE108V01019,1230326.0,6063.0465,0.0065,2025-12-31
Axis Mutual Fund,AXISMLC,Axis Multicap Fund,HDFC Life Insurance Company Limited,Other,INE795G01014,801716.0,6011.6674,0.0065,2025-12-31
Axis Mutual Fund,AXISMLC,Axis Multicap Fund,ITC Limited,Other,INE154A01025,1465962.0,5907.8269,0.0064,2025-12-31
Axis Mutual Fund,AXISMLC,Axis Multicap Fund,Maruti Suzuki India Limited,Other,INE585B01010,35291.0,5892.5383,0.0064,2025-12-31
Axis Mutual Fund,AXISMLC,Axis Multicap Fund,Hyundai Motor India Ltd,Other,INE0V6F01027,253808.0,5832.5078,0.0063,2025-12-31
Axis Mutual Fund,AXISMLC,Axis Multicap Fund,UNO Minda Limited,Other,INE405E01023,451070.0,5799.8581,0.0063,2025-12-31
Axis Mutual Fund,AXISMLC,Axis Multicap Fund,Berger Paints (I) Limited,Other,INE463A01038,1064319.0,5710.6036,0.0062,2025-12-31
Axis Mutual Fund,AXISMLC,Axis Multicap Fund,PG Electroplast Limited,Other,INE457L01029,971560.0,5589.3847,0.006,2025-12-31
Axis Mutual Fund,AXISMLC,Axis Multicap Fund,Hindalco Industries Limited,Other,INE038A01020,620000.0,5497.54,0.0059,2025-12-31
Axis Mutual Fund,AXISMLC,Axis Multicap Fund,The Phoenix Mills Limited,Other,INE211B01039,291073.0,5395.0381,0.0058,2025-12-31
Axis Mutual Fund,AXISMLC,Axis Multicap Fund,City Union Bank Limited,Other,INE491A01021,1811038.0,5266.4985,0.0057,2025-12-31
Axis Mutual Fund,AXISMLC,Axis Multicap Fund,Sagility Limited,Other,INE0W2G01015,10008027.0,5206.1756,0.0056,2025-12-31
Axis Mutual Fund,AXISMLC,Axis Multicap Fund,Cholamandalam Investment and Finance Company Ltd,Other,INE121A01024,303643.0,5168.6111,0.0056,2025-12-31
Axis Mutual Fund,AXISMLC,Axis Multicap Fund,Tech Mahindra Limited,Other,INE669C01036,321392.0,5113.0253,0.0055,2025-12-31
Axis Mutual Fund,AXISMLC,Axis Multicap Fund,PNB Housing Finance Limited,Other,INE572E01012,528925.0,5032.7214,0.0054,2025-12-31
Axis Mutual Fund,AXISMLC,Axis Multicap Fund,Pidilite Industries Limited,Other,INE318A01026,339064.0,5026.2847,0.0054,2025-12-31
Axis Mutual Fund,AXISMLC,Axis Multicap Fund,Gabriel India Limited,Other,INE524A01029,491420.0,4962.3592,0.0054,2025-12-31
Axis Mutual Fund,AXISMLC,Axis Multicap Fund,HDFC Asset Management Company Limited,Other,INE127D01025,184192.0,4921.9786,0.0053,2025-12-31
Axis Mutual Fund,AXISMLC,Axis Multicap Fund,Titan Company Limited,Other,INE280A01028,121323.0,4915.4013,0.0053,2025-12-31
Axis Mutual Fund,AXISMLC,Axis Multicap Fund,Tata Consumer Products Limited,Other,INE192A01025,404624.0,4823.1181,0.0052,2025-12-31
Axis Mutual Fund,AXISMLC,Axis Multicap Fund,Birlasoft Limited,Other,INE836A01035,1110090.0,4810.02,0.0052,2025-12-31
Axis Mutual Fund,AXISMLC,Axis Multicap Fund,Jindal Steel Limited,Other,INE749A01030,453773.0,4781.8599,0.0052,2025-12-31
Axis Mutual Fund,AXISMLC,Axis Multicap Fund,Varun Beverages Limited,Other,INE200M01039,960932.0,4707.1254,0.0051,2025-12-31
Axis Mutual Fund,AXISMLC,Axis Multicap Fund,Sun Pharmaceutical Industries Limited,Other,INE044A01036,272961.0,4694.1103,0.0051,2025-12-31
Axis Mutual Fund,AXISMLC,Axis Multicap Fund,Ather Energy Limited,Other,INE0LEZ01016,604891.0,4565.4148,0.0049,2025-12-31
Axis Mutual Fund,AXISMLC,Axis Multicap Fund,Voltamp Transformers Limited,Other,INE540H01012,57843.0,4541.8324,0.0049,2025-12-31
Axis Mutual Fund,AXISMLC,Axis Multicap Fund,Britannia Industries Limited,Other,INE216A01030,75000.0,4523.25,0.0049,2025-12-31
Axis Mutual Fund,AXISMLC,Axis Multicap Fund,V-Guard Industries Limited,Other,INE951I01027,1377164.0,4517.0979,0.0049,2025-12-31
Axis Mutual Fund,AXISMLC,Axis Multicap Fund,Glenmark Pharmaceuticals Limited,Other,INE935A01035,219382.0,4464.8625,0.0048,2025-12-31
Axis Mutual Fund,AXISMLC,Axis Multicap Fund,Hindustan Aeronautics Limited,Other,INE066F01020,100585.0,4414.3739,0.0048,2025-12-31
Axis Mutual Fund,AXISMLC,Axis Multicap Fund,CCL Products (India) Limited,Other,INE421D01022,466913.0,4408.5925,0.0048,2025-12-31
Axis Mutual Fund,AXISMLC,Axis Multicap Fund,Wework India Management Limited,Other,INE085001019,694882.0,4201.604,0.0045,2025-12-31
Axis Mutual Fund,AXISMLC,Axis Multicap Fund,Schaeffler India Limited,Other,INE513A01022,108283.0,4200.2976,0.0045,2025-12-31
Axis Mutual Fund,AXISMLC,Axis Multicap Fund,Coromandel International Limited,Other,INE169A01031,184735.0,4186.834,0.0045,2025-12-31
Axis Mutual Fund,AXISMLC,Axis Multicap Fund,Brigade Enterprises Limited,Other,INE791I01019,467650.0,4138.7025,0.0045,2025-12-31
Axis Mutual Fund,AXISMLC,Axis Multicap Fund,Swiggy Limited,Other,INE00H001014,1066667.0,4120.0013,0.0044,2025-12-31
Axis Mutual Fund,AXISMLC,Axis Multicap Fund,Lenskart Solutions Limited,Other,INE956O01016,911297.0,4107.2156,0.0044,2025-12-31
Axis Mutual Fund,AXISMLC,Axis Multicap Fund,Indus Towers Limited,Other,INE121J01017,979803.0,4102.9251,0.0044,2025-12-31
Axis Mutual Fund,AXISMLC,Axis Multicap Fund,Welspun Corp Limited,Other,INE191B01025,501675.0,4085.6412,0.0044,2025-12-31
Axis Mutual Fund,AXISMLC,Axis Multicap Fund,ITC Hotels Limited,Other,INE379A01028,2054714.0,4056.6219,0.0044,2025-12-31
Axis Mutual Fund,AXISMLC,Axis Multicap Fund,Jubilant Foodworks Limited,Other,INE797F01020,700829.0,3914.8308,0.0042,2025-12-31
Axis Mutual Fund,AXISMLC,Axis Multicap Fund,Gland Pharma Limited,Other,INE068V01023,222836.0,3837.2359,0.0041,2025-12-31
Axis Mutual Fund,AXISMLC,Axis Multicap Fund,NTPC Limited,Other,INE733E01010,1156740.0,3812.0367,0.0041,2025-12-31
Axis Mutual Fund,AXISMLC,Axis Multicap Fund,Lupin Limited,Other,INE326A01037,180000.0,3797.1,0.0041,2025-12-31
Axis Mutual Fund,AXISMLC,Axis Multicap Fund,Hindustan Unilever Limited,Other,INE030A01027,163103.0,3777.3024,0.0041,2025-12-31
Axis Mutual Fund,AXISMLC,Axis Multicap Fund,Hindustan Petroleum Corporation Limited,Other,INE094A01015,750000.0,3742.875,0.004,2025-12-31
Axis Mutual Fund,AXISMLC,Axis Multicap Fund,Jubilant Ingrevia Limited,Other,INE0BY001018,531367.0,3737.9012,0.004,2025-12-31
Axis Mutual Fund,AXISMLC,Axis Multicap Fund,Rainbow Childrens Medicare Limited,Other,INE961O01016,281911.0,3721.2252,0.004,2025-12-31
Axis Mutual Fund,AXISMLC,Axis Multicap Fund,Avenue Supermarts Limited,Other,INE192R01011,96083.0,3634.0512,0.0039,2025-12-31
Axis Mutual Fund,AXISMLC,Axis Multicap Fund,Samvardhana Motherson International Limited,Other,INE775A01035,3020128.0,3622.3415,0.0039,2025-12-31
Axis Mutual Fund,AXISMLC,Axis Multicap Fund,Krishna Institute Of Medical Sciences Limited,Other,INE967H01025,592205.0,3604.1596,0.0039,2025-12-31
Axis Mutual Fund,AXISMLC,Axis Multicap Fund,K.P.R. Mill Limited,Other,INE930H01031,381380.0,3594.1251,0.0039,2025-12-31
Axis Mutual Fund,AXISMLC,Axis Multicap Fund,JK Cement Limited,Other,INE823G01014,63612.0,3518.3797,0.0038,2025-12-31
Axis Mutual Fund,AXISMLC,Axis Multicap Fund,Apollo Hospitals Enterprise Limited,Other,INE437A01024,49563.0,3490.4743,0.0038,2025-12-31
Axis Mutual Fund,AXISMLC,Axis Multicap Fund,KFin Technologies Limited,Other,INE138Y01010,309451.0,3348.2598,0.0036,2025-12-31
Axis Mutual Fund,AXISMLC,Axis Multicap Fund,Anant Raj Limited,Other,INE242C01024,608608.0,3330.9116,0.0036,2025-12-31
Axis Mutual Fund,AXISMLC,Axis Multicap Fund,Capillary Technologies India Limited,Other,INE0ILV01024,493548.0,3322.3184,0.0036,2025-12-31
Axis Mutual Fund,AXISMLC,Axis Multicap Fund,Narayana Hrudayalaya Limited,Other,INE410P01011,171898.0,3252.3102,0.0035,2025-12-31
Axis Mutual Fund,AXISMLC,Axis Multicap Fund,Vijaya Diagnostic Centre Limited,Other,INE043W01024,301332.0,3197.1325,0.0034,2025-12-31
Axis Mutual Fund,AXISMLC,Axis Multicap Fund,Arvind Fashions Limited,Other,INE955V01021,596972.0,2979.7857,0.0032,2025-12-31
Axis Mutual Fund,AXISMLC,Axis Multicap Fund,Galaxy Surfactants Limited,Other,INE600K01018,145367.0,2979.1513,0.0032,2025-12-31
Axis Mutual Fund,AXISMLC,Axis Multicap Fund,Prestige Estates Projects Limited,Other,INE811K01011,174051.0,2775.7653,0.003,2025-12-31
Axis Mutual Fund,AXISMLC,Axis Multicap Fund,InterGlobe Aviation Limited,Other,INE646L01027,53000.0,2681.535,0.0029,2025-12-31
Axis Mutual Fund,AXISMLC,Axis Multicap Fund,Torrent Pharmaceuticals Limited,Other,INE685A01028,67524.0,2599.674,0.0028,2025-12-31
Axis Mutual Fund,AXISMLC,Axis Multicap Fund,Travel Food Services Limited,Other,INE103V01028,213039.0,2497.8823,0.0027,2025-12-31
Axis Mutual Fund,AXISMLC,Axis Multicap Fund,Sapphire Foods India Limited,Other,INE806T01020,955650.0,2456.4983,0.0026,2025-12-31
Axis Mutual Fund,AXISMLC,Axis Multicap Fund,Dixon Technologies (India) Limited,Other,INE935N01020,20160.0,2439.7632,0.0026,2025-12-31
Axis Mutual Fund,AXISMLC,Axis Multicap Fund,National Securities Depository Limited,Other,INE301O01023,225779.0,2400.3694,0.0026,2025-12-31
Axis Mutual Fund,AXISMLC,Axis Multicap Fund,Hitachi Energy India Limited,Other,INE07Y701011,12297.0,2251.5807,0.0024,2025-12-31
Axis Mutual Fund,AXISMLC,Axis Multicap Fund,LG Electronics India Ltd,Other,INE324D01010,144922.0,2204.8433,0.0024,2025-12-31
Axis Mutual Fund,AXISMLC,Axis Multicap Fund,Chalet Hotels Limited,Other,INE427F01016,235931.0,2053.8973,0.0022,2025-12-31
Axis Mutual Fund,AXISMLC,Axis Multicap Fund,Tenneco Clean Air India Limited,Other,INE19RI01016,345207.0,1753.3064,0.0019,2025-12-31
Axis Mutual Fund,AXISMLC,Axis Multicap Fund,Jyothy Labs Limited,Other,INE668F01031,604025.0,1707.2767,0.0018,2025-12-31
Axis Mutual Fund,AXISMLC,Axis Multicap Fund,Godrej Consumer Products Limited,Other,INE102D01028,74532.0,910.9301,0.001,2025-12-31
Axis Mutual Fund,AXISMLC,Axis Multicap Fund,Cohance Lifesciences Limited,Other,INE03QK01018,167163.0,883.6236,0.001,2025-12-31
Axis Mutual Fund,AXISMLC,Axis Multicap Fund,TTK Prestige Limited,Other,INE690A01028,83429.0,514.7152,0.0006,2025-12-31
Axis Mutual Fund,AXISMLC,Axis Multicap Fund,Kwality Walls (India) Limited,Other,INE2KCE01013,163103.0,65.5674,0.0001,2025-12-31
Axis Mutual Fund,AXISMLC,Axis Multicap Fund,6% TVS Motor Co Non Conv Rede Pref Shares 01SEP26 **,Other,INE494B04019,1043172.0,106.2575,0.0001,2025-12-31
Axis Mutual Fund,AXISMLF,Axis Flexi Cap Fund,ICICI Bank Limited,Other,INE090A01021,8686859.0,116655.8295,0.0896,2025-12-31
Axis Mutual Fund,AXISMLF,Axis Flexi Cap Fund,HDFC Bank Limited,Other,INE040A01034,10149592.0,100602.7559,0.0772,2025-12-31
Axis Mutual Fund,AXISMLF,Axis Flexi Cap Fund,Bharti Airtel Limited,Other,INE397D01024,3192555.0,67222.4381,0.0516,2025-12-31
Axis Mutual Fund,AXISMLF,Axis Flexi Cap Fund,Infosys Limited,Other,INE009A01021,3427792.0,55372.552,0.0425,2025-12-31
Axis Mutual Fund,AXISMLF,Axis Flexi Cap Fund,Bajaj Finance Limited,Other,INE296A01032,5154908.0,50868.6321,0.0391,2025-12-31
Axis Mutual Fund,AXISMLF,Axis Flexi Cap Fund,Mahindra & Mahindra Limited,Other,INE101A01026,1313422.0,48717.4488,0.0374,2025-12-31
Axis Mutual Fund,AXISMLF,Axis Flexi Cap Fund,Eternal Limited,Other,INE758T01015,17510633.0,48688.3151,0.0374,2025-12-31
Axis Mutual Fund,AXISMLF,Axis Flexi Cap Fund,Bharat Electronics Limited,Other,INE263A01024,11788313.0,47106.0987,0.0362,2025-12-31
Axis Mutual Fund,AXISMLF,Axis Flexi Cap Fund,UltraTech Cement Limited,Other,INE481G01011,318914.0,37580.8258,0.0289,2025-12-31
Axis Mutual Fund,AXISMLF,Axis Flexi Cap Fund,Krishna Institute Of Medical Sciences Limited,Other,INE967H01025,5849182.0,35598.1217,0.0273,2025-12-31
Axis Mutual Fund,AXISMLF,Axis Flexi Cap Fund,Cholamandalam Investment and Finance Company Ltd,Other,INE121A01024,1718160.0,29246.5195,0.0225,2025-12-31
Axis Mutual Fund,AXISMLF,Axis Flexi Cap Fund,Prestige Estates Projects Limited,Other,INE811K01011,1659362.0,26463.5052,0.0203,2025-12-31
Axis Mutual Fund,AXISMLF,Axis Flexi Cap Fund,PB Fintech Limited,Other,INE417T01026,1441789.0,26321.3,0.0202,2025-12-31
Axis Mutual Fund,AXISMLF,Axis Flexi Cap Fund,InterGlobe Aviation Limited,Other,INE646L01027,497313.0,25161.5512,0.0193,2025-12-31
Axis Mutual Fund,AXISMLF,Axis Flexi Cap Fund,Apar Industries Limited,Other,INE372A01015,297434.0,24887.79,0.0191,2025-12-31
Axis Mutual Fund,AXISMLF,Axis Flexi Cap Fund,Mankind Pharma Limited,Other,INE634S01028,1076417.0,23643.4994,0.0182,2025-12-31
Axis Mutual Fund,AXISMLF,Axis Flexi Cap Fund,Tata Consultancy Services Limited,Other,INE467B01029,707013.0,22668.2508,0.0174,2025-12-31
Axis Mutual Fund,AXISMLF,Axis Flexi Cap Fund,The Indian Hotels Company Limited,Other,INE053A01029,2861040.0,21138.794,0.0162,2025-12-31
Axis Mutual Fund,AXISMLF,Axis Flexi Cap Fund,Trent Limited,Other,INE849A01020,456747.0,19544.2041,0.015,2025-12-31
Axis Mutual Fund,AXISMLF,Axis Flexi Cap Fund,Hindustan Aeronautics Limited,Other,INE066F01020,442876.0,19436.499,0.0149,2025-12-31
Axis Mutual Fund,AXISMLF,Axis Flexi Cap Fund,TVS Motor Company Limited,Other,INE494B01023,516855.0,19225.9723,0.0148,2025-12-31
Axis Mutual Fund,AXISMLF,Axis Flexi Cap Fund,L&T Finance Limited,Other,INE498L01015,5864820.0,18529.8988,0.0142,2025-12-31
Axis Mutual Fund,AXISMLF,Axis Flexi Cap Fund,GE Vernova T&D India Limited,Other,INE200A01026,584600.0,18312.595,0.0141,2025-12-31
Axis Mutual Fund,AXISMLF,Axis Flexi Cap Fund,Torrent Power Limited,Other,INE813H01021,1325996.0,17326.7897,0.0133,2025-12-31
Axis Mutual Fund,AXISMLF,Axis Flexi Cap Fund,The Federal Bank Limited,Other,INE171A01029,6366877.0,17005.9285,0.0131,2025-12-31
Axis Mutual Fund,AXISMLF,Axis Flexi Cap Fund,Samvardhana Motherson International Limited,Other,INE775A01035,13448520.0,16130.1549,0.0124,2025-12-31
Axis Mutual Fund,AXISMLF,Axis Flexi Cap Fund,Sansera Engineering Limited,Other,INE953O01021,920954.0,15444.3986,0.0119,2025-12-31
Axis Mutual Fund,AXISMLF,Axis Flexi Cap Fund,Titan Company Limited,Other,INE280A01028,361479.0,14645.3217,0.0112,2025-12-31
Axis Mutual Fund,AXISMLF,Axis Flexi Cap Fund,ICICI Prudential Life Insurance Company Limited,Other,INE726G01019,2017708.0,13483.3337,0.0104,2025-12-31
Axis Mutual Fund,AXISMLF,Axis Flexi Cap Fund,Fine Organic Industries Limited,Other,INE686Y01026,303189.0,12479.8656,0.0096,2025-12-31
Axis Mutual Fund,AXISMLF,Axis Flexi Cap Fund,Navin Fluorine International Limited,Other,INE048G01026,210328.0,12451.4176,0.0096,2025-12-31
Axis Mutual Fund,AXISMLF,Axis Flexi Cap Fund,Brigade Enterprises Limited,Other,INE791I01019,1335896.0,11822.6796,0.0091,2025-12-31
Axis Mutual Fund,AXISMLF,Axis Flexi Cap Fund,Onesource Specialty Pharma Limited,Other,INE013P01021,649672.0,11762.9612,0.009,2025-12-31
Axis Mutual Fund,AXISMLF,Axis Flexi Cap Fund,Cummins India Limited,Other,INE298A01020,258683.0,11471.039,0.0088,2025-12-31
Axis Mutual Fund,AXISMLF,Axis Flexi Cap Fund,Solar Industries India Limited,Other,INE343H01029,86000.0,10536.72,0.0081,2025-12-31
Axis Mutual Fund,AXISMLF,Axis Flexi Cap Fund,FSN E-Commerce Ventures Limited,Other,INE388Y01029,3877139.0,10280.2341,0.0079,2025-12-31
Axis Mutual Fund,AXISMLF,Axis Flexi Cap Fund,Tata Motors Ltd,Other,INE1TAE01010,2454246.0,10197.3921,0.0078,2025-12-31
Axis Mutual Fund,AXISMLF,Axis Flexi Cap Fund,Sai Life Sciences Limited,Other,INE570L01029,1121521.0,10187.8968,0.0078,2025-12-31
Axis Mutual Fund,AXISMLF,Axis Flexi Cap Fund,Rainbow Childrens Medicare Limited,Other,INE961O01016,770362.0,10168.7784,0.0078,2025-12-31
Axis Mutual Fund,AXISMLF,Axis Flexi Cap Fund,KEI Industries Limited,Other,INE878B01027,193001.0,8608.2306,0.0066,2025-12-31
Axis Mutual Fund,AXISMLF,Axis Flexi Cap Fund,Ujjivan Small Finance Bank Limited,Other,INE551W01018,13123812.0,6954.308,0.0053,2025-12-31
Axis Mutual Fund,AXISMLF,Axis Flexi Cap Fund,CG Power and Industrial Solutions Limited,Other,INE067A01029,1049674.0,6800.8378,0.0052,2025-12-31
Axis Mutual Fund,AXISMLF,Axis Flexi Cap Fund,Healthcare Global Enterprises Limited,Other,INE075I01017,1017366.0,6734.9629,0.0052,2025-12-31
Axis Mutual Fund,AXISMLF,Axis Flexi Cap Fund,Kaynes Technology India Limited,Other,INE918Z01012,151080.0,6062.8404,0.0047,2025-12-31
Axis Mutual Fund,AXISMLF,Axis Flexi Cap Fund,Doms Industries Limited,Other,INE321T01012,215015.0,5623.5023,0.0043,2025-12-31
Axis Mutual Fund,AXISMLF,Axis Flexi Cap Fund,Dixon Technologies (India) Limited,Other,INE935N01020,44902.0,5434.04,0.0042,2025-12-31
Axis Mutual Fund,AXISMLF,Axis Flexi Cap Fund,Tata Capital Limited,Other,INE976I01016,1509628.0,5160.6633,0.004,2025-12-31
Axis Mutual Fund,AXISMLF,Axis Flexi Cap Fund,Arvind Fashions Limited,Other,INE955V01021,998214.0,4982.5852,0.0038,2025-12-31
Axis Mutual Fund,AXISMLF,Axis Flexi Cap Fund,Sobha Limited,Other,INE671H01015,264810.0,3864.3723,0.003,2025-12-31
Axis Mutual Fund,AXISMLF,Axis Flexi Cap Fund,Cohance Lifesciences Limited,Other,INE03QK01018,668498.0,3533.6804,0.0027,2025-12-31
Axis Mutual Fund,AXISMLF,Axis Flexi Cap Fund,Azad Engineering Ltd,Other,INE02IJ01035,213441.0,3527.7528,0.0027,2025-12-31
Axis Mutual Fund,AXISMLF,Axis Flexi Cap Fund,Carborundum Universal Limited,Other,INE120A01034,399538.0,3419.6457,0.0026,2025-12-31
Axis Mutual Fund,AXISMLF,Axis Flexi Cap Fund,Brigade Hotel Ventures Limited,Other,INE03NU01014,4703610.0,3145.304,0.0024,2025-12-31
Axis Mutual Fund,AXISMLF,Axis Flexi Cap Fund,Neuland Laboratories Limited,Other,INE794A01010,19136.0,2903.888,0.0022,2025-12-31
Axis Mutual Fund,AXISMLF,Axis Flexi Cap Fund,Neogen Chemicals Limited,Other,INE136S01016,212801.0,2519.9894,0.0019,2025-12-31
Axis Mutual Fund,AXISMLF,Axis Flexi Cap Fund,Gokaldas Exports Limited,Other,INE887G01027,201938.0,1498.5819,0.0012,2025-12-31
Axis Mutual Fund,AXISMLF,Axis Flexi Cap Fund,Wakefit Innovations Limited,Other,INE0E7301029,430920.0,794.7888,0.0006,2025-12-31
Axis Mutual Fund,AXISMLF,Axis Flexi Cap Fund,One MobiKwik Systems Limited,Other,INE0HLU01028,210109.0,487.4739,0.0004,2025-12-31
Axis Mutual Fund,AXISMLF,Axis Flexi Cap Fund,Meesho Ltd,Other,INE0VDM01015,109127.0,196.6687,0.0002,2025-12-31
Axis Mutual Fund,AXISMLF,Axis Flexi Cap Fund,6% TVS Motor Co Non Conv Rede Pref Shares 01SEP26 **,Other,INE494B04019,2067420.0,210.5874,0.0002,2025-12-31
Axis Mutual Fund,AXISMMF,Axis Money Market Fund,7.42% West Bengal State Development Loans (09/11/2026),Other,IN3420160092,10685400.0,10828.9263,0.0052,2025-12-31
Axis Mutual Fund,AXISMMF,Axis Money Market Fund,6.90% Government of India (04/02/2026),Other,IN0020089069,9500000.0,9509.6425,0.0046,2025-12-31
Axis Mutual Fund,AXISMMF,Axis Money Market Fund,8.08% Maharastra State Development Loans(15/06/2026),Other,IN2220160013,7745000.0,7829.2269,0.0038,2025-12-31
Axis Mutual Fund,AXISMMF,Axis Money Market Fund,8.07% Rajasthan State Development Loans (15/06/2026),Other,IN2920160032,7500000.0,7580.16,0.0036,2025-12-31
Axis Mutual Fund,AXISMMF,Axis Money Market Fund,8.69% Tamilnadu State Development Loans (24/02/2026),Other,IN3120150203,6500000.0,6529.3085,0.0031,2025-12-31
Axis Mutual Fund,AXISMMF,Axis Money Market Fund,8.83% Uttar Pradesh State Development Loans (24/02/2026),Other,IN3320150383,3500000.0,3516.142,0.0017,2025-12-31
Axis Mutual Fund,AXISMMF,Axis Money Market Fund,8.38% Tamil Nadu State Development Loans (27/01/2026),Other,IN3120150187,800000.0,801.6544,0.0004,2025-12-31
Axis Mutual Fund,AXISMMF,Axis Money Market Fund,8.60% Bihar State Development Loans (09/03/2026),Other,IN1320150056,500000.0,502.993,0.0002,2025-12-31
Axis Mutual Fund,AXISMMF,Axis Money Market Fund,National Bank For Agriculture and Rural Development (25/03/2026) **,Other,INE261F16AA7,17000.0,83857.77,0.0404,2025-12-31
Axis Mutual Fund,AXISMMF,Axis Money Market Fund,HDFC Bank Limited (19/05/2026),Other,INE040A16GW7,11700.0,57128.4675,0.0275,2025-12-31
Axis Mutual Fund,AXISMMF,Axis Money Market Fund,Punjab National Bank (25/03/2026) **,Other,INE160A16RP4,11500.0,56737.09,0.0273,2025-12-31
Axis Mutual Fund,AXISMMF,Axis Money Market Fund,Small Industries Dev Bank of India (16/12/2026) **,Other,INE556F16BT8,11000.0,51697.965,0.0249,2025-12-31
Axis Mutual Fund,AXISMMF,Axis Money Market Fund,Bank of India (10/03/2026) **,Other,INE084A16EK5,10000.0,49448.65,0.0238,2025-12-31
Axis Mutual Fund,AXISMMF,Axis Money Market Fund,HDFC Bank Limited (02/04/2026) **,Other,INE040A16HC7,10000.0,49220.75,0.0237,2025-12-31
Axis Mutual Fund,AXISMMF,Axis Money Market Fund,Bank of Baroda (15/05/2026) **,Other,INE028A16KJ1,10000.0,48859.2,0.0235,2025-12-31
Axis Mutual Fund,AXISMMF,Axis Money Market Fund,HDFC Bank Limited (04/06/2026) **,Other,INE040A16HT1,10000.0,48692.35,0.0234,2025-12-31
Axis Mutual Fund,AXISMMF,Axis Money Market Fund,Canara Bank (15/05/2026) **,Other,INE476A16E79,9500.0,46421.2275,0.0223,2025-12-31
Axis Mutual Fund,AXISMMF,Axis Money Market Fund,Small Industries Dev Bank of India (13/10/2026) **,Other,INE556F16BL5,9500.0,45145.2825,0.0217,2025-12-31
Axis Mutual Fund,AXISMMF,Axis Money Market Fund,IDFC First Bank Limited (09/06/2026) **,Other,INE092T16YR1,8000.0,38900.24,0.0187,2025-12-31
Axis Mutual Fund,AXISMMF,Axis Money Market Fund,Punjab National Bank (18/03/2026),Other,INE160A16RK5,7500.0,37044.0375,0.0178,2025-12-31
Axis Mutual Fund,AXISMMF,Axis Money Market Fund,Union Bank of India (15/05/2026) **,Other,INE692A16KC9,7000.0,34198.36,0.0165,2025-12-31
Axis Mutual Fund,AXISMMF,Axis Money Market Fund,Kotak Mahindra Bank Limited (18/05/2026) **,Other,INE237AD6059,7000.0,34189.61,0.0165,2025-12-31
Axis Mutual Fund,AXISMMF,Axis Money Market Fund,Canara Bank (12/06/2026) **,Other,INE476A16E20,7000.0,34041.35,0.0164,2025-12-31
Axis Mutual Fund,AXISMMF,Axis Money Market Fund,IDFC First Bank Limited (27/02/2026) **,Other,INE092T16YX9,6000.0,29719.68,0.0143,2025-12-31
Axis Mutual Fund,AXISMMF,Axis Money Market Fund,HDFC Bank Limited (24/03/2026),Other,INE040A16GS5,6000.0,29606.91,0.0142,2025-12-31
Axis Mutual Fund,AXISMMF,Axis Money Market Fund,Small Industries Dev Bank of India (27/02/2026),Other,INE556F16BB6,5500.0,27244.7175,0.0131,2025-12-31
Axis Mutual Fund,AXISMMF,Axis Money Market Fund,Indian Bank (12/03/2026) **,Other,INE562A16OI3,5500.0,27192.0825,0.0131,2025-12-31
Axis Mutual Fund,AXISMMF,Axis Money Market Fund,Union Bank of India (20/05/2026) **,Other,INE692A16KF2,5500.0,26847.205,0.0129,2025-12-31
Axis Mutual Fund,AXISMMF,Axis Money Market Fund,Kotak Mahindra Bank Limited (18/02/2026),Other,INE237A165Z5,5000.0,24807.05,0.0119,2025-12-31
Axis Mutual Fund,AXISMMF,Axis Money Market Fund,IndusInd Bank Limited (15/05/2026) **,Other,INE095A160C6,5000.0,24410.775,0.0117,2025-12-31
Axis Mutual Fund,AXISMMF,Axis Money Market Fund,Small Industries Dev Bank of India (20/05/2026) **,Other,INE556F16BI1,5000.0,24405.2,0.0117,2025-12-31
Axis Mutual Fund,AXISMMF,Axis Money Market Fund,Kotak Mahindra Bank Limited (31/08/2026) **,Other,INE237AD6075,5000.0,23973.225,0.0115,2025-12-31
Axis Mutual Fund,AXISMMF,Axis Money Market Fund,Indian Bank (30/10/2026) **,Other,INE562A16PU5,5000.0,23706.425,0.0114,2025-12-31
Axis Mutual Fund,AXISMMF,Axis Money Market Fund,Canara Bank (12/03/2026) **,Other,INE476A16B23,4000.0,19775.3,0.0095,2025-12-31
Axis Mutual Fund,AXISMMF,Axis Money Market Fund,Bank of Baroda (06/04/2026) **,Other,INE028A16JG9,4000.0,19674.32,0.0095,2025-12-31
Axis Mutual Fund,AXISMMF,Axis Money Market Fund,HDFC Bank Limited (05/08/2026),Other,INE040A16HF0,4000.0,19253.7,0.0093,2025-12-31
Axis Mutual Fund,AXISMMF,Axis Money Market Fund,Small Industries Dev Bank of India (27/10/2026) **,Other,INE556F16BN1,4000.0,18962.36,0.0091,2025-12-31
Axis Mutual Fund,AXISMMF,Axis Money Market Fund,Bank of Baroda (24/02/2026),Other,INE028A16JJ3,3500.0,17348.1525,0.0083,2025-12-31
Axis Mutual Fund,AXISMMF,Axis Money Market Fund,IDBI Bank Limited (23/02/2026) **,Other,INE008A16X99,3000.0,14870.235,0.0072,2025-12-31
Axis Mutual Fund,AXISMMF,Axis Money Market Fund,National Bank For Agriculture and Rural Development (27/02/2026) **,Other,INE261F16967,3000.0,14861.79,0.0072,2025-12-31
Axis Mutual Fund,AXISMMF,Axis Money Market Fund,National Bank For Agriculture and Rural Development (10/03/2026),Other,INE261F16975,3000.0,14834.46,0.0071,2025-12-31
Axis Mutual Fund,AXISMMF,Axis Money Market Fund,Indian Bank (30/04/2026) **,Other,INE562A16PQ3,3000.0,14696.7,0.0071,2025-12-31
Axis Mutual Fund,AXISMMF,Axis Money Market Fund,HDFC Bank Limited (11/09/2026) **,Other,INE040A16HN4,3000.0,14348.55,0.0069,2025-12-31
Axis Mutual Fund,AXISMMF,Axis Money Market Fund,HDFC Bank Limited (13/11/2026) **,Other,INE040A16HW5,3000.0,14188.065,0.0068,2025-12-31
Axis Mutual Fund,AXISMMF,Axis Money Market Fund,Canara Bank (18/03/2026),Other,INE476A16B64,2500.0,12346.1625,0.0059,2025-12-31
Axis Mutual Fund,AXISMMF,Axis Money Market Fund,Small Industries Dev Bank of India (06/11/2026) **,Other,INE556F16BQ4,2400.0,11357.712,0.0055,2025-12-31
Axis Mutual Fund,AXISMMF,Axis Money Market Fund,Union Bank of India (20/02/2026) **,Other,INE692A16IU5,2000.0,9919.49,0.0048,2025-12-31
Axis Mutual Fund,AXISMMF,Axis Money Market Fund,The Federal Bank Limited (20/02/2026) **,Other,INE171A16MU2,2000.0,9917.74,0.0048,2025-12-31
Axis Mutual Fund,AXISMMF,Axis Money Market Fund,National Bank For Agriculture and Rural Development (13/03/2026) **,Other,INE261F16983,2000.0,9884.82,0.0048,2025-12-31
Axis Mutual Fund,AXISMMF,Axis Money Market Fund,Bank of Baroda (20/05/2026) **,Other,INE028A16JZ9,2000.0,9763.53,0.0047,2025-12-31
Axis Mutual Fund,AXISMMF,Axis Money Market Fund,Union Bank of India (01/06/2026) **,Other,INE692A16KH8,2000.0,9742.06,0.0047,2025-12-31
Axis Mutual Fund,AXISMMF,Axis Money Market Fund,Small Industries Dev Bank of India (04/12/2026) **,Other,INE556F16BS0,2000.0,9419.07,0.0045,2025-12-31
Axis Mutual Fund,AXISMMF,Axis Money Market Fund,Bank of Baroda (05/06/2026),Other,INE028A16KR4,1800.0,8762.778,0.0042,2025-12-31
Axis Mutual Fund,AXISMMF,Axis Money Market Fund,Small Industries Dev Bank of India (17/03/2026) **,Other,INE556F16BE0,1500.0,7408.7325,0.0036,2025-12-31
Axis Mutual Fund,AXISMMF,Axis Money Market Fund,Small Industries Dev Bank of India (05/05/2026) **,Other,INE556F16BH3,1500.0,7340.4075,0.0035,2025-12-31
Axis Mutual Fund,AXISMMF,Axis Money Market Fund,Canara Bank (29/05/2026) **,Other,INE476A16F03,1500.0,7312.32,0.0035,2025-12-31
Axis Mutual Fund,AXISMMF,Axis Money Market Fund,Bank of Baroda (16/09/2026) **,Other,INE028A16KC6,1500.0,7170.3075,0.0035,2025-12-31
Axis Mutual Fund,AXISMMF,Axis Money Market Fund,Bank of Baroda (06/03/2026) **,Other,INE028A16HW0,1100.0,5443.5425,0.0026,2025-12-31
Axis Mutual Fund,AXISMMF,Axis Money Market Fund,Small Industries Dev Bank of India (06/03/2026) **,Other,INE556F16BC4,1000.0,4947.99,0.0024,2025-12-31
Axis Mutual Fund,AXISMMF,Axis Money Market Fund,Bank of Baroda (11/03/2026) **,Other,INE028A16HZ3,1000.0,4944.71,0.0024,2025-12-31
Axis Mutual Fund,AXISMMF,Axis Money Market Fund,Small Industries Dev Bank of India (11/03/2026) **,Other,INE556F16BD2,1000.0,4943.97,0.0024,2025-12-31
Axis Mutual Fund,AXISMMF,Axis Money Market Fund,Kotak Mahindra Bank Limited (13/03/2026) **,Other,INE237A167Z1,1000.0,4943.365,0.0024,2025-12-31
Axis Mutual Fund,AXISMMF,Axis Money Market Fund,Bank of Baroda (25/05/2026) **,Other,INE028A16JR6,1000.0,4877.615,0.0023,2025-12-31
Axis Mutual Fund,AXISMMF,Axis Money Market Fund,Small Industries Dev Bank of India (06/02/2026) **,Other,INE556F16BA8,500.0,2485.355,0.0012,2025-12-31
Axis Mutual Fund,AXISMMF,Axis Money Market Fund,Bank of Baroda (13/03/2026) **,Other,INE028A16IC0,500.0,2471.5625,0.0012,2025-12-31
Axis Mutual Fund,AXISMMF,Axis Money Market Fund,Small Industries Dev Bank of India (03/06/2026) **,Other,INE556F14LT2,6000.0,29213.82,0.0141,2025-12-31
Axis Mutual Fund,AXISMMF,Axis Money Market Fund,Bharti Telecom Limited (13/02/2026) **,Other,INE403D14551,5000.0,24807.275,0.0119,2025-12-31
Axis Mutual Fund,AXISMMF,Axis Money Market Fund,HDFC Securities Limited (27/02/2026) **,Other,INE700G14RA1,5000.0,24749.55,0.0119,2025-12-31
Axis Mutual Fund,AXISMMF,Axis Money Market Fund,Kotak Securities Limited (27/02/2026) **,Other,INE028E14SR4,5000.0,24749.55,0.0119,2025-12-31
Axis Mutual Fund,AXISMMF,Axis Money Market Fund,Birla Group Holdings Private Limited (05/03/2026) **,Other,INE09OL14HF5,5000.0,24715.875,0.0119,2025-12-31
Axis Mutual Fund,AXISMMF,Axis Money Market Fund,Piramal Finance Limited (12/03/2026) **,Other,INE140A146N7,5000.0,24664.4,0.0119,2025-12-31
Axis Mutual Fund,AXISMMF,Axis Money Market Fund,Muthoot Finance Limited (12/06/2026) **,Other,INE414G14UW7,5000.0,24230.275,0.0117,2025-12-31
Axis Mutual Fund,AXISMMF,Axis Money Market Fund,Motilal Oswal Finvest Limited (12/06/2026) **,Other,INE01WN14BW9,5000.0,24198.275,0.0116,2025-12-31
Axis Mutual Fund,AXISMMF,Axis Money Market Fund,Tata Teleservices (Maharashtra) Limited (17/11/2026) **,Other,INE517B14AG3,5000.0,23551.55,0.0113,2025-12-31
Axis Mutual Fund,AXISMMF,Axis Money Market Fund,360 One Prime Limited (20/02/2026) **,Other,INE248U14RY2,4000.0,19811.26,0.0095,2025-12-31
Axis Mutual Fund,AXISMMF,Axis Money Market Fund,Bajaj Finance Limited (05/03/2026) **,Other,INE296A14D88,4000.0,19782.68,0.0095,2025-12-31
Axis Mutual Fund,AXISMMF,Axis Money Market Fund,Tata Capital Limited (19/05/2026) **,Other,INE976I14PY7,4000.0,19503.36,0.0094,2025-12-31
Axis Mutual Fund,AXISMMF,Axis Money Market Fund,Muthoot Finance Limited (17/06/2026) **,Other,INE414G14UX5,4000.0,19365.82,0.0093,2025-12-31
Axis Mutual Fund,AXISMMF,Axis Money Market Fund,360 One Prime Limited (13/02/2026) **,Other,INE248U14RZ9,3000.0,14878.095,0.0072,2025-12-31
Axis Mutual Fund,AXISMMF,Axis Money Market Fund,Aditya Birla Capital Limited (27/02/2026) **,Other,INE674K14AX8,3000.0,14851.56,0.0071,2025-12-31
Axis Mutual Fund,AXISMMF,Axis Money Market Fund,Infina Finance Private Limited (30/04/2026) **,Other,INE879F14MB4,3000.0,14656.905,0.0071,2025-12-31
Axis Mutual Fund,AXISMMF,Axis Money Market Fund,360 One Prime Limited (29/05/2026) **,Other,INE248U14SL7,3000.0,14538.705,0.007,2025-12-31
Axis Mutual Fund,AXISMMF,Axis Money Market Fund,Infina Finance Private Limited (17/02/2026) **,Other,INE879F14KJ1,2500.0,12391.9,0.006,2025-12-31
Axis Mutual Fund,AXISMMF,Axis Money Market Fund,Credila Financial Services Limited (23/01/2026) **,Other,INE539K14BU7,2000.0,9957.93,0.0048,2025-12-31
Axis Mutual Fund,AXISMMF,Axis Money Market Fund,Arka Fincap Limited (27/02/2026) **,Other,INE03W114708,2000.0,9884.23,0.0048,2025-12-31
Axis Mutual Fund,AXISMMF,Axis Money Market Fund,Motilal Oswal Financial Services Limited (06/03/2026) **,Other,INE338I14KT1,2000.0,9881.4,0.0048,2025-12-31
Axis Mutual Fund,AXISMMF,Axis Money Market Fund,Truhome Finance Limited (30/04/2026) **,Other,INE432R14303,2000.0,9768.62,0.0047,2025-12-31
Axis Mutual Fund,AXISMMF,Axis Money Market Fund,Barclays Investments & Loans (India) Private Limited (12/06/2026) **,Other,INE704I14KS6,2000.0,9693.46,0.0047,2025-12-31
Axis Mutual Fund,AXISMMF,Axis Money Market Fund,Motilal Oswal Financial Services Limited (12/06/2026) **,Other,INE338I14KS3,2000.0,9682.43,0.0047,2025-12-31
Axis Mutual Fund,AXISMMF,Axis Money Market Fund,Birla Group Holdings Private Limited (06/02/2026) **,Other,INE09OL14GM3,1500.0,7451.055,0.0036,2025-12-31
Axis Mutual Fund,AXISMMF,Axis Money Market Fund,Pilani Investment and Industries Corporation Limited (06/02/2026) **,Other,INE417C14868,1500.0,7450.7325,0.0036,2025-12-31
Axis Mutual Fund,AXISMMF,Axis Money Market Fund,Godrej Finance Limited (17/02/2026) **,Other,INE02KN14440,1500.0,7435.9425,0.0036,2025-12-31
Axis Mutual Fund,AXISMMF,Axis Money Market Fund,National Bank For Agriculture and Rural Development (02/03/2026) **,Other,INE261F14OD7,1500.0,7426.7775,0.0036,2025-12-31
Axis Mutual Fund,AXISMMF,Axis Money Market Fund,Standard Chartered Capital Limited (29/05/2026) **,Other,INE403G14TR2,1500.0,7289.4075,0.0035,2025-12-31
Axis Mutual Fund,AXISMMF,Axis Money Market Fund,Standard Chartered Capital Limited (05/06/2026) **,Other,INE403G14TQ4,1500.0,7279.74,0.0035,2025-12-31
Axis Mutual Fund,AXISMMF,Axis Money Market Fund,Standard Chartered Capital Limited (27/02/2026) **,Other,INE403G14TF7,1400.0,6927.949,0.0033,2025-12-31
Axis Mutual Fund,AXISMMF,Axis Money Market Fund,Piramal Finance Limited (20/02/2026) **,Other,INE140A146J5,1000.0,4951.875,0.0024,2025-12-31
Axis Mutual Fund,AXISMMF,Axis Money Market Fund,Godrej Finance Limited (27/02/2026) **,Other,INE02KN14465,1000.0,4948.305,0.0024,2025-12-31
Axis Mutual Fund,AXISMMF,Axis Money Market Fund,Motilal Oswal Finvest Limited (15/06/2026) **,Other,INE01WN14BU3,1000.0,4836.78,0.0023,2025-12-31
Axis Mutual Fund,AXISMMF,Axis Money Market Fund,Small Industries Dev Bank of India (03/03/2026) **,Other,INE556F14LG9,500.0,2475.2025,0.0012,2025-12-31
Axis Mutual Fund,AXISMMF,Axis Money Market Fund,Godrej Finance Limited (05/03/2026) **,Other,INE02KN14457,500.0,2471.4625,0.0012,2025-12-31
Axis Mutual Fund,AXISMMF,Axis Money Market Fund,Tata Capital Limited (11/03/2026) **,Other,INE976I14PU5,500.0,2470.115,0.0012,2025-12-31
Axis Mutual Fund,AXISMMF,Axis Money Market Fund,Birla Group Holdings Private Limited (13/03/2026) **,Other,INE09OL14HC2,500.0,2468.0275,0.0012,2025-12-31
Axis Mutual Fund,AXISMMF,Axis Money Market Fund,L&T Finance Limited (02/06/2026) **,Other,INE498L14EB8,500.0,2431.5,0.0012,2025-12-31
Axis Mutual Fund,AXISMMF,Axis Money Market Fund,182 Days Tbill (MD 11/06/2026),Other,IN002025Y370,55000000.0,53725.815,0.0259,2025-12-31
Axis Mutual Fund,AXISMMF,Axis Money Market Fund,182 Days Tbill (MD 30/04/2026),Other,IN002025Y313,36000000.0,35381.7,0.017,2025-12-31
Axis Mutual Fund,AXISMMF,Axis Money Market Fund,364 Days Tbill (MD 19/11/2026),Other,IN002025Z344,30000000.0,28609.41,0.0138,2025-12-31
Axis Mutual Fund,AXISMMF,Axis Money Market Fund,364 Days Tbill (MD 12/11/2026),Other,IN002025Z336,25000000.0,23865.15,0.0115,2025-12-31
Axis Mutual Fund,AXISMMF,Axis Money Market Fund,364 Days Tbill (MD 29/10/2026),Other,IN002025Z310,13500000.0,12919.3515,0.0062,2025-12-31
Axis Mutual Fund,AXISMMF,Axis Money Market Fund,182 Days Tbill (MD 21/05/2026),Other,IN002025Y347,11500000.0,11268.045,0.0054,2025-12-31
Axis Mutual Fund,AXISMMF,Axis Money Market Fund,364 Days Tbill (MD 03/09/2026),Other,IN002025Z237,10000000.0,9646.5,0.0046,2025-12-31
Axis Mutual Fund,AXISMMF,Axis Money Market Fund,182 Days Tbill (MD 27/02/2026),Other,IN002025Y222,5000000.0,4959.79,0.0024,2025-12-31
Axis Mutual Fund,AXISMMF,Axis Money Market Fund,364 Days Tbill (MD 15/10/2026),Other,IN002025Z294,5000000.0,4793.57,0.0023,2025-12-31
Axis Mutual Fund,AXISMMF,Axis Money Market Fund,364 Days Tbill (MD 23/10/2026),Other,IN002025Z302,2000000.0,1915.224,0.0009,2025-12-31
Axis Mutual Fund,AXISMMF,Axis Money Market Fund,182 Days Tbill (MD 05/02/2026),Other,IN002025Y198,1000000.0,995.038,0.0005,2025-12-31
Axis Mutual Fund,AXISMMF,Axis Money Market Fund,364 Days Tbill (MD 06/11/2026),Other,IN002025Z328,442100.0,422.3969,0.0002,2025-12-31
Axis Mutual Fund,AXISMMF,Axis Money Market Fund,SBI - Corporate Debt Market Development Fund (CDMDF) - Class A2,Other,INF0RQ622028,45211.736,5223.6701,0.0025,2025-12-31
Axis Mutual Fund,AXISN50,Axis Nifty 50 Index Fund,HDFC Bank Limited,Equity,INE040A01034,1076646.0,10671.7152,0.1272,2025-12-31
Axis Mutual Fund,AXISN50,Axis Nifty 50 Index Fund,Reliance Industries Limited,Equity,INE002A01018,475217.0,7462.8078,0.089,2025-12-31
Axis Mutual Fund,AXISN50,Axis Nifty 50 Index Fund,ICICI Bank Limited,Equity,INE090A01021,502917.0,6753.6724,0.0805,2025-12-31
Axis Mutual Fund,AXISN50,Axis Nifty 50 Index Fund,Bharti Airtel Limited,Equity,INE397D01024,196106.0,4129.2079,0.0492,2025-12-31
Axis Mutual Fund,AXISN50,Axis Nifty 50 Index Fund,Infosys Limited,Equity,INE009A01021,246527.0,3982.3972,0.0475,2025-12-31
Axis Mutual Fund,AXISN50,Axis Nifty 50 Index Fund,Larsen & Toubro Limited,Equity,INE018A01030,82589.0,3372.5218,0.0402,2025-12-31
Axis Mutual Fund,AXISN50,Axis Nifty 50 Index Fund,State Bank of India,Equity,INE062A01020,292122.0,2869.2223,0.0342,2025-12-31
Axis Mutual Fund,AXISN50,Axis Nifty 50 Index Fund,ITC Limited,Equity,INE154A01025,678478.0,2734.2663,0.0326,2025-12-31
Axis Mutual Fund,AXISN50,Axis Nifty 50 Index Fund,Axis Bank Limited,Equity,INE238A01034,201391.0,2556.4574,0.0305,2025-12-31
Axis Mutual Fund,AXISN50,Axis Nifty 50 Index Fund,Mahindra & Mahindra Limited,Equity,INE101A01026,62829.0,2330.4533,0.0278,2025-12-31
Axis Mutual Fund,AXISN50,Axis Nifty 50 Index Fund,Tata Consultancy Services Limited,Equity,INE467B01029,71818.0,2302.6287,0.0274,2025-12-31
Axis Mutual Fund,AXISN50,Axis Nifty 50 Index Fund,Kotak Mahindra Bank Limited,Equity,INE237A01028,103521.0,2278.6007,0.0272,2025-12-31
Axis Mutual Fund,AXISN50,Axis Nifty 50 Index Fund,Bajaj Finance Limited,Equity,INE296A01032,186885.0,1844.1812,0.022,2025-12-31
Axis Mutual Fund,AXISN50,Axis Nifty 50 Index Fund,Maruti Suzuki India Limited,Equity,INE585B01010,9237.0,1542.3019,0.0184,2025-12-31
Axis Mutual Fund,AXISN50,Axis Nifty 50 Index Fund,Hindustan Unilever Limited,Equity,INE030A01027,62500.0,1447.4375,0.0173,2025-12-31
Axis Mutual Fund,AXISN50,Axis Nifty 50 Index Fund,Eternal Limited,Equity,INE758T01015,505811.0,1406.4075,0.0168,2025-12-31
Axis Mutual Fund,AXISN50,Axis Nifty 50 Index Fund,Sun Pharmaceutical Industries Limited,Equity,INE044A01036,74218.0,1276.3269,0.0152,2025-12-31
Axis Mutual Fund,AXISN50,Axis Nifty 50 Index Fund,HCL Technologies Limited,Equity,INE860A01027,74398.0,1207.7027,0.0144,2025-12-31
Axis Mutual Fund,AXISN50,Axis Nifty 50 Index Fund,Titan Company Limited,Equity,INE280A01028,28999.0,1174.8945,0.014,2025-12-31
Axis Mutual Fund,AXISN50,Axis Nifty 50 Index Fund,NTPC Limited,Equity,INE733E01010,333498.0,1099.0427,0.0131,2025-12-31
Axis Mutual Fund,AXISN50,Axis Nifty 50 Index Fund,Tata Steel Limited,Equity,INE081A01020,581629.0,1047.3975,0.0125,2025-12-31
Axis Mutual Fund,AXISN50,Axis Nifty 50 Index Fund,Bharat Electronics Limited,Equity,INE263A01024,252144.0,1007.5674,0.012,2025-12-31
Axis Mutual Fund,AXISN50,Axis Nifty 50 Index Fund,Shriram Finance Limited,Equity,INE721A01047,98582.0,982.0739,0.0117,2025-12-31
Axis Mutual Fund,AXISN50,Axis Nifty 50 Index Fund,UltraTech Cement Limited,Equity,INE481G01011,8328.0,981.3715,0.0117,2025-12-31
Axis Mutual Fund,AXISN50,Axis Nifty 50 Index Fund,Hindalco Industries Limited,Equity,INE038A01020,101996.0,904.3985,0.0108,2025-12-31
Axis Mutual Fund,AXISN50,Axis Nifty 50 Index Fund,Asian Paints Limited,Equity,INE021A01026,31783.0,880.2302,0.0105,2025-12-31
Axis Mutual Fund,AXISN50,Axis Nifty 50 Index Fund,Power Grid Corporation of India Limited,Equity,INE752E01010,318882.0,843.7618,0.0101,2025-12-31
Axis Mutual Fund,AXISN50,Axis Nifty 50 Index Fund,Bajaj Finserv Limited,Equity,INE918I01026,40172.0,819.4686,0.0098,2025-12-31
Axis Mutual Fund,AXISN50,Axis Nifty 50 Index Fund,InterGlobe Aviation Limited,Equity,INE646L01027,15915.0,805.2194,0.0096,2025-12-31
Axis Mutual Fund,AXISN50,Axis Nifty 50 Index Fund,JSW Steel Limited,Equity,INE019A01038,65699.0,765.262,0.0091,2025-12-31
Axis Mutual Fund,AXISN50,Axis Nifty 50 Index Fund,Grasim Industries Limited,Equity,INE047A01021,26912.0,761.3405,0.0091,2025-12-31
Axis Mutual Fund,AXISN50,Axis Nifty 50 Index Fund,Bajaj Auto Limited,Equity,INE917I01010,7773.0,726.2314,0.0087,2025-12-31
Axis Mutual Fund,AXISN50,Axis Nifty 50 Index Fund,Adani Ports and Special Economic Zone Limited,Equity,INE742F01042,48696.0,715.7338,0.0085,2025-12-31
Axis Mutual Fund,AXISN50,Axis Nifty 50 Index Fund,Tech Mahindra Limited,Equity,INE669C01036,44552.0,708.7778,0.0084,2025-12-31
Axis Mutual Fund,AXISN50,Axis Nifty 50 Index Fund,Eicher Motors Limited,Equity,INE066A01021,9654.0,705.9488,0.0084,2025-12-31
Axis Mutual Fund,AXISN50,Axis Nifty 50 Index Fund,Jio Financial Services Limited,Equity,INE758E01017,229999.0,678.3821,0.0081,2025-12-31
Axis Mutual Fund,AXISN50,Axis Nifty 50 Index Fund,Trent Limited,Equity,INE849A01020,15560.0,665.8124,0.0079,2025-12-31
Axis Mutual Fund,AXISN50,Axis Nifty 50 Index Fund,Oil & Natural Gas Corporation Limited,Equity,INE213A01029,272396.0,654.7855,0.0078,2025-12-31
Axis Mutual Fund,AXISN50,Axis Nifty 50 Index Fund,Nestle India Limited,Equity,INE239A01024,50199.0,646.5631,0.0077,2025-12-31
Axis Mutual Fund,AXISN50,Axis Nifty 50 Index Fund,SBI Life Insurance Company Limited,Equity,INE123W01016,31483.0,640.6476,0.0076,2025-12-31
Axis Mutual Fund,AXISN50,Axis Nifty 50 Index Fund,Coal India Limited,Equity,INE522F01014,159354.0,635.8225,0.0076,2025-12-31
Axis Mutual Fund,AXISN50,Axis Nifty 50 Index Fund,Cipla Limited,Equity,INE059A01026,39487.0,596.767,0.0071,2025-12-31
Axis Mutual Fund,AXISN50,Axis Nifty 50 Index Fund,HDFC Life Insurance Company Limited,Equity,INE795G01014,75354.0,565.042,0.0067,2025-12-31
Axis Mutual Fund,AXISN50,Axis Nifty 50 Index Fund,Tata Consumer Products Limited,Equity,INE192A01025,45782.0,545.7214,0.0065,2025-12-31
Axis Mutual Fund,AXISN50,Axis Nifty 50 Index Fund,Max Healthcare Institute Limited,Equity,INE027H01010,52186.0,545.3959,0.0065,2025-12-31
Axis Mutual Fund,AXISN50,Axis Nifty 50 Index Fund,Dr. Reddy's Laboratories Limited,Equity,INE089A01031,42758.0,543.6252,0.0065,2025-12-31
Axis Mutual Fund,AXISN50,Axis Nifty 50 Index Fund,Tata Motors Passenger Vehicles Limited,Equity,INE155A01022,146825.0,539.3616,0.0064,2025-12-31
Axis Mutual Fund,AXISN50,Axis Nifty 50 Index Fund,Wipro Limited,Equity,INE075A01022,200675.0,528.3371,0.0063,2025-12-31
Axis Mutual Fund,AXISN50,Axis Nifty 50 Index Fund,Apollo Hospitals Enterprise Limited,Equity,INE437A01024,7242.0,510.0179,0.0061,2025-12-31
Axis Mutual Fund,AXISN50,Axis Nifty 50 Index Fund,Adani Enterprises Limited,Equity,INE423A01024,18237.0,408.4541,0.0049,2025-12-31
Axis Mutual Fund,AXISN50,Axis Nifty 50 Index Fund,Kwality Walls (India) Limited,Equity,INE2KCE01013,61482.0,24.7158,0.0003,2025-12-31
Axis Mutual Fund,AXISN500,Axis Nifty500 Momentum 50 Index Fund,Mahindra & Mahindra Limited,Equity,INE101A01026,16568.0,614.5403,0.0505,2025-12-31
Axis Mutual Fund,AXISN500,Axis Nifty500 Momentum 50 Index Fund,Shriram Finance Limited,Equity,INE721A01047,60785.0,605.5402,0.0498,2025-12-31
Axis Mutual Fund,AXISN500,Axis Nifty500 Momentum 50 Index Fund,Maruti Suzuki India Limited,Equity,INE585B01010,3617.0,603.9305,0.0496,2025-12-31
Axis Mutual Fund,AXISN500,Axis Nifty500 Momentum 50 Index Fund,Bharti Airtel Limited,Equity,INE397D01024,28509.0,600.2855,0.0493,2025-12-31
Axis Mutual Fund,AXISN500,Axis Nifty500 Momentum 50 Index Fund,Bajaj Finance Limited,Equity,INE296A01032,60076.0,592.83,0.0487,2025-12-31
Axis Mutual Fund,AXISN500,Axis Nifty500 Momentum 50 Index Fund,Eicher Motors Limited,Equity,INE066A01021,8081.0,590.9231,0.0486,2025-12-31
Axis Mutual Fund,AXISN500,Axis Nifty500 Momentum 50 Index Fund,Asian Paints Limited,Equity,INE021A01026,20587.0,570.157,0.0469,2025-12-31
Axis Mutual Fund,AXISN500,Axis Nifty500 Momentum 50 Index Fund,Hindalco Industries Limited,Equity,INE038A01020,59867.0,530.8407,0.0436,2025-12-31
Axis Mutual Fund,AXISN500,Axis Nifty500 Momentum 50 Index Fund,TVS Motor Company Limited,Equity,INE494B01023,11697.0,435.105,0.0358,2025-12-31
Axis Mutual Fund,AXISN500,Axis Nifty500 Momentum 50 Index Fund,InterGlobe Aviation Limited,Equity,INE646L01027,8133.0,411.4891,0.0338,2025-12-31
Axis Mutual Fund,AXISN500,Axis Nifty500 Momentum 50 Index Fund,Hero MotoCorp Limited,Equity,INE158A01026,7111.0,410.3758,0.0337,2025-12-31
Axis Mutual Fund,AXISN500,Axis Nifty500 Momentum 50 Index Fund,BSE Limited,Equity,INE118H01025,14336.0,377.3522,0.031,2025-12-31
Axis Mutual Fund,AXISN500,Axis Nifty500 Momentum 50 Index Fund,Muthoot Finance Limited,Equity,INE414G01012,8747.0,333.4094,0.0274,2025-12-31
Axis Mutual Fund,AXISN500,Axis Nifty500 Momentum 50 Index Fund,AU Small Finance Bank Limited,Equity,INE949L01017,31722.0,315.4753,0.0259,2025-12-31
Axis Mutual Fund,AXISN500,Axis Nifty500 Momentum 50 Index Fund,Multi Commodity Exchange of India Limited,Equity,INE745G01035,2732.0,304.2355,0.025,2025-12-31
Axis Mutual Fund,AXISN500,Axis Nifty500 Momentum 50 Index Fund,Laurus Labs Limited,Equity,INE947Q01028,27417.0,303.7804,0.025,2025-12-31
Axis Mutual Fund,AXISN500,Axis Nifty500 Momentum 50 Index Fund,The Federal Bank Limited,Equity,INE171A01029,108955.0,291.0188,0.0239,2025-12-31
Axis Mutual Fund,AXISN500,Axis Nifty500 Momentum 50 Index Fund,Cummins India Limited,Equity,INE298A01020,6306.0,279.6333,0.023,2025-12-31
Axis Mutual Fund,AXISN500,Axis Nifty500 Momentum 50 Index Fund,Canara Bank,Equity,INE476A01022,170286.0,263.79,0.0217,2025-12-31
Axis Mutual Fund,AXISN500,Axis Nifty500 Momentum 50 Index Fund,L&T Finance Limited,Equity,INE498L01015,80396.0,254.0112,0.0209,2025-12-31
Axis Mutual Fund,AXISN500,Axis Nifty500 Momentum 50 Index Fund,One 97 Communications Limited,Equity,INE982J01020,19226.0,249.7265,0.0205,2025-12-31
Axis Mutual Fund,AXISN500,Axis Nifty500 Momentum 50 Index Fund,Cholamandalam Investment and Finance Company Ltd,Equity,INE121A01024,13693.0,233.0822,0.0192,2025-12-31
Axis Mutual Fund,AXISN500,Axis Nifty500 Momentum 50 Index Fund,Max Financial Services Limited,Equity,INE180A01020,12322.0,205.9992,0.0169,2025-12-31
Axis Mutual Fund,AXISN500,Axis Nifty500 Momentum 50 Index Fund,Fortis Healthcare Limited,Equity,INE061F01013,22896.0,202.4006,0.0166,2025-12-31
Axis Mutual Fund,AXISN500,Axis Nifty500 Momentum 50 Index Fund,Aditya Birla Capital Limited,Equity,INE674K01013,56273.0,201.2885,0.0165,2025-12-31
Axis Mutual Fund,AXISN500,Axis Nifty500 Momentum 50 Index Fund,FSN E-Commerce Ventures Limited,Equity,INE388Y01029,73282.0,194.3072,0.016,2025-12-31
Axis Mutual Fund,AXISN500,Axis Nifty500 Momentum 50 Index Fund,UPL Limited,Equity,INE628A01036,24192.0,192.3627,0.0158,2025-12-31
Axis Mutual Fund,AXISN500,Axis Nifty500 Momentum 50 Index Fund,GMR Airports Limited,Equity,INE776C01039,163136.0,170.265,0.014,2025-12-31
Axis Mutual Fund,AXISN500,Axis Nifty500 Momentum 50 Index Fund,Indian Bank,Equity,INE562A01011,19973.0,167.2239,0.0137,2025-12-31
Axis Mutual Fund,AXISN500,Axis Nifty500 Momentum 50 Index Fund,GE Vernova T&D India Limited,Equity,INE200A01026,5232.0,163.8924,0.0135,2025-12-31
Axis Mutual Fund,AXISN500,Axis Nifty500 Momentum 50 Index Fund,Mahindra & Mahindra Financial Services Limited,Equity,INE774D01024,34602.0,139.4461,0.0115,2025-12-31
Axis Mutual Fund,AXISN500,Axis Nifty500 Momentum 50 Index Fund,Glenmark Pharmaceuticals Limited,Equity,INE935A01035,6202.0,126.2231,0.0104,2025-12-31
Axis Mutual Fund,AXISN500,Axis Nifty500 Momentum 50 Index Fund,RBL Bank Limited,Equity,INE976G01028,38518.0,121.6398,0.01,2025-12-31
Axis Mutual Fund,AXISN500,Axis Nifty500 Momentum 50 Index Fund,Navin Fluorine International Limited,Equity,INE048G01026,1986.0,117.5712,0.0097,2025-12-31
Axis Mutual Fund,AXISN500,Axis Nifty500 Momentum 50 Index Fund,City Union Bank Limited,Equity,INE491A01021,37050.0,107.7414,0.0089,2025-12-31
Axis Mutual Fund,AXISN500,Axis Nifty500 Momentum 50 Index Fund,Karur Vysya Bank Limited,Equity,INE036D01028,40352.0,106.4607,0.0087,2025-12-31
Axis Mutual Fund,AXISN500,Axis Nifty500 Momentum 50 Index Fund,Radico Khaitan Limited,Equity,INE944F01028,2974.0,98.0944,0.0081,2025-12-31
Axis Mutual Fund,AXISN500,Axis Nifty500 Momentum 50 Index Fund,Manappuram Finance Limited,Equity,INE522D01027,27965.0,86.286,0.0071,2025-12-31
Axis Mutual Fund,AXISN500,Axis Nifty500 Momentum 50 Index Fund,Hitachi Energy India Limited,Equity,INE07Y701011,471.0,86.2401,0.0071,2025-12-31
Axis Mutual Fund,AXISN500,Axis Nifty500 Momentum 50 Index Fund,Anand Rathi Wealth Limited,Equity,INE463V01026,2274.0,70.776,0.0058,2025-12-31
Axis Mutual Fund,AXISN500,Axis Nifty500 Momentum 50 Index Fund,Force Motors Limited,Equity,INE451A01017,290.0,59.6414,0.0049,2025-12-31
Axis Mutual Fund,AXISN500,Axis Nifty500 Momentum 50 Index Fund,Asahi India Glass Limited,Equity,INE439A01020,5552.0,56.3528,0.0046,2025-12-31
Axis Mutual Fund,AXISN500,Axis Nifty500 Momentum 50 Index Fund,IIFL Finance Limited,Equity,INE530B01024,8875.0,54.1819,0.0045,2025-12-31
Axis Mutual Fund,AXISN500,Axis Nifty500 Momentum 50 Index Fund,Aster DM Healthcare Limited,Equity,INE914M01019,8603.0,53.0676,0.0044,2025-12-31
Axis Mutual Fund,AXISN500,Axis Nifty500 Momentum 50 Index Fund,Narayana Hrudayalaya Limited,Equity,INE410P01011,2515.0,47.5838,0.0039,2025-12-31
Axis Mutual Fund,AXISN500,Axis Nifty500 Momentum 50 Index Fund,HBL Engineering Limited,Equity,INE292B01021,4311.0,39.9457,0.0033,2025-12-31
Axis Mutual Fund,AXISN500,Axis Nifty500 Momentum 50 Index Fund,PTC Industries Limited,Equity,INE596F01018,210.0,39.0222,0.0032,2025-12-31
Axis Mutual Fund,AXISN500,Axis Nifty500 Momentum 50 Index Fund,Choice International Limited,Equity,INE102B01014,3167.0,26.4904,0.0022,2025-12-31
Axis Mutual Fund,AXISN500,Axis Nifty500 Momentum 50 Index Fund,Syrma SGS Technology Limited,Equity,INE0DYJ01015,3144.0,23.0502,0.0019,2025-12-31
Axis Mutual Fund,AXISN500,Axis Nifty500 Momentum 50 Index Fund,Gujarat Mineral Development Corporation Limited,Equity,INE131A01031,3493.0,20.9143,0.0017,2025-12-31
Axis Mutual Fund,AXISNBI,Axis Nifty Bank Index Fund,HDFC Bank Limited,Equity,INE040A01034,380062.0,3767.1745,0.252,2025-12-31
Axis Mutual Fund,AXISNBI,Axis Nifty Bank Index Fund,ICICI Bank Limited,Equity,INE090A01021,225009.0,3021.6459,0.2021,2025-12-31
Axis Mutual Fund,AXISNBI,Axis Nifty Bank Index Fund,State Bank of India,Equity,INE062A01020,146827.0,1442.1348,0.0965,2025-12-31
Axis Mutual Fund,AXISNBI,Axis Nifty Bank Index Fund,Axis Bank Limited,Equity,INE238A01034,109596.0,1391.2116,0.0931,2025-12-31
Axis Mutual Fund,AXISNBI,Axis Nifty Bank Index Fund,Kotak Mahindra Bank Limited,Equity,INE237A01028,61868.0,1361.7765,0.0911,2025-12-31
Axis Mutual Fund,AXISNBI,Axis Nifty Bank Index Fund,The Federal Bank Limited,Equity,INE171A01029,241470.0,644.9664,0.0431,2025-12-31
Axis Mutual Fund,AXISNBI,Axis Nifty Bank Index Fund,IndusInd Bank Limited,Equity,INE095A01012,63918.0,552.3794,0.037,2025-12-31
Axis Mutual Fund,AXISNBI,Axis Nifty Bank Index Fund,AU Small Finance Bank Limited,Equity,INE949L01017,54163.0,538.651,0.036,2025-12-31
Axis Mutual Fund,AXISNBI,Axis Nifty Bank Index Fund,IDFC First Bank Limited,Equity,INE092T01019,627071.0,536.8355,0.0359,2025-12-31
Axis Mutual Fund,AXISNBI,Axis Nifty Bank Index Fund,Bank of Baroda,Equity,INE028A01039,176676.0,522.7843,0.035,2025-12-31
Axis Mutual Fund,AXISNBI,Axis Nifty Bank Index Fund,Canara Bank,Equity,INE476A01022,322475.0,499.546,0.0334,2025-12-31
Axis Mutual Fund,AXISNBI,Axis Nifty Bank Index Fund,Punjab National Bank,Equity,INE160A01022,344983.0,426.33,0.0285,2025-12-31
Axis Mutual Fund,AXISNBI,Axis Nifty Bank Index Fund,Yes Bank Limited,Equity,INE528G01035,597368.0,129.0315,0.0086,2025-12-31
Axis Mutual Fund,AXISNBI,Axis Nifty Bank Index Fund,Union Bank of India,Equity,INE692A01016,77194.0,118.6935,0.0079,2025-12-31
Axis Mutual Fund,AXISNETF,Axis NIFTY 50 ETF,HDFC Bank Limited,Equity,INE040A01034,1554884.0,15412.0102,0.1272,2025-12-31
Axis Mutual Fund,AXISNETF,Axis NIFTY 50 ETF,Reliance Industries Limited,Equity,INE002A01018,686416.0,10779.4769,0.089,2025-12-31
Axis Mutual Fund,AXISNETF,Axis NIFTY 50 ETF,ICICI Bank Limited,Equity,INE090A01021,725552.0,9743.4378,0.0804,2025-12-31
Axis Mutual Fund,AXISNETF,Axis NIFTY 50 ETF,Bharti Airtel Limited,Equity,INE397D01024,283052.0,5959.9429,0.0492,2025-12-31
Axis Mutual Fund,AXISNETF,Axis NIFTY 50 ETF,Infosys Limited,Equity,INE009A01021,356340.0,5756.3164,0.0475,2025-12-31
Axis Mutual Fund,AXISNETF,Axis NIFTY 50 ETF,Larsen & Toubro Limited,Equity,INE018A01030,119395.0,4875.4948,0.0402,2025-12-31
Axis Mutual Fund,AXISNETF,Axis NIFTY 50 ETF,State Bank of India,Equity,INE062A01020,421870.0,4143.6071,0.0342,2025-12-31
Axis Mutual Fund,AXISNETF,Axis NIFTY 50 ETF,ITC Limited,Equity,INE154A01025,979713.0,3948.2434,0.0326,2025-12-31
Axis Mutual Fund,AXISNETF,Axis NIFTY 50 ETF,Axis Bank Limited,Equity,INE238A01034,291180.0,3696.2389,0.0305,2025-12-31
Axis Mutual Fund,AXISNETF,Axis NIFTY 50 ETF,Mahindra & Mahindra Limited,Equity,INE101A01026,90736.0,3365.5797,0.0278,2025-12-31
Axis Mutual Fund,AXISNETF,Axis NIFTY 50 ETF,Tata Consultancy Services Limited,Equity,INE467B01029,103837.0,3329.2219,0.0275,2025-12-31
Axis Mutual Fund,AXISNETF,Axis NIFTY 50 ETF,Kotak Mahindra Bank Limited,Equity,INE237A01028,149520.0,3291.0847,0.0272,2025-12-31
Axis Mutual Fund,AXISNETF,Axis NIFTY 50 ETF,Bajaj Finance Limited,Equity,INE296A01032,269874.0,2663.1166,0.022,2025-12-31
Axis Mutual Fund,AXISNETF,Axis NIFTY 50 ETF,Maruti Suzuki India Limited,Equity,INE585B01010,13353.0,2229.5504,0.0184,2025-12-31
Axis Mutual Fund,AXISNETF,Axis NIFTY 50 ETF,Hindustan Unilever Limited,Equity,INE030A01027,90237.0,2089.7987,0.0173,2025-12-31
Axis Mutual Fund,AXISNETF,Axis NIFTY 50 ETF,Eternal Limited,Equity,INE758T01015,729630.0,2028.7362,0.0167,2025-12-31
Axis Mutual Fund,AXISNETF,Axis NIFTY 50 ETF,Sun Pharmaceutical Industries Limited,Equity,INE044A01036,107141.0,1842.5038,0.0152,2025-12-31
Axis Mutual Fund,AXISNETF,Axis NIFTY 50 ETF,HCL Technologies Limited,Equity,INE860A01027,107259.0,1741.1353,0.0144,2025-12-31
Axis Mutual Fund,AXISNETF,Axis NIFTY 50 ETF,Titan Company Limited,Equity,INE280A01028,41975.0,1700.6171,0.014,2025-12-31
Axis Mutual Fund,AXISNETF,Axis NIFTY 50 ETF,NTPC Limited,Equity,INE733E01010,482049.0,1588.5925,0.0131,2025-12-31
Axis Mutual Fund,AXISNETF,Axis NIFTY 50 ETF,Tata Steel Limited,Equity,INE081A01020,840546.0,1513.6552,0.0125,2025-12-31
Axis Mutual Fund,AXISNETF,Axis NIFTY 50 ETF,Bharat Electronics Limited,Equity,INE263A01024,364180.0,1455.2633,0.012,2025-12-31
Axis Mutual Fund,AXISNETF,Axis NIFTY 50 ETF,UltraTech Cement Limited,Equity,INE481G01011,12057.0,1420.7969,0.0117,2025-12-31
Axis Mutual Fund,AXISNETF,Axis NIFTY 50 ETF,Shriram Finance Limited,Equity,INE721A01047,142106.0,1415.66,0.0117,2025-12-31
Axis Mutual Fund,AXISNETF,Axis NIFTY 50 ETF,Hindalco Industries Limited,Equity,INE038A01020,147240.0,1305.5771,0.0108,2025-12-31
Axis Mutual Fund,AXISNETF,Axis NIFTY 50 ETF,Asian Paints Limited,Equity,INE021A01026,45926.0,1271.9206,0.0105,2025-12-31
Axis Mutual Fund,AXISNETF,Axis NIFTY 50 ETF,Power Grid Corporation of India Limited,Equity,INE752E01010,460396.0,1218.2078,0.0101,2025-12-31
Axis Mutual Fund,AXISNETF,Axis NIFTY 50 ETF,Bajaj Finserv Limited,Equity,INE918I01026,58012.0,1183.3868,0.0098,2025-12-31
Axis Mutual Fund,AXISNETF,Axis NIFTY 50 ETF,InterGlobe Aviation Limited,Equity,INE646L01027,22950.0,1161.1553,0.0096,2025-12-31
Axis Mutual Fund,AXISNETF,Axis NIFTY 50 ETF,JSW Steel Limited,Equity,INE019A01038,94599.0,1101.8892,0.0091,2025-12-31
Axis Mutual Fund,AXISNETF,Axis NIFTY 50 ETF,Grasim Industries Limited,Equity,INE047A01021,38628.0,1092.7861,0.009,2025-12-31
Axis Mutual Fund,AXISNETF,Axis NIFTY 50 ETF,Bajaj Auto Limited,Equity,INE917I01010,11246.0,1050.7138,0.0087,2025-12-31
Axis Mutual Fund,AXISNETF,Axis NIFTY 50 ETF,Adani Ports and Special Economic Zone Limited,Equity,INE742F01042,70459.0,1035.6064,0.0085,2025-12-31
Axis Mutual Fund,AXISNETF,Axis NIFTY 50 ETF,Tech Mahindra Limited,Equity,INE669C01036,64548.0,1026.8941,0.0085,2025-12-31
Axis Mutual Fund,AXISNETF,Axis NIFTY 50 ETF,Eicher Motors Limited,Equity,INE066A01021,14014.0,1024.7738,0.0085,2025-12-31
Axis Mutual Fund,AXISNETF,Axis NIFTY 50 ETF,Jio Financial Services Limited,Equity,INE758E01017,330845.0,975.8273,0.0081,2025-12-31
Axis Mutual Fund,AXISNETF,Axis NIFTY 50 ETF,Trent Limited,Equity,INE849A01020,22456.0,960.8922,0.0079,2025-12-31
Axis Mutual Fund,AXISNETF,Axis NIFTY 50 ETF,Oil & Natural Gas Corporation Limited,Equity,INE213A01029,395108.0,949.7606,0.0078,2025-12-31
Axis Mutual Fund,AXISNETF,Axis NIFTY 50 ETF,Nestle India Limited,Equity,INE239A01024,72397.0,932.4734,0.0077,2025-12-31
Axis Mutual Fund,AXISNETF,Axis NIFTY 50 ETF,SBI Life Insurance Company Limited,Equity,INE123W01016,45356.0,922.9492,0.0076,2025-12-31
Axis Mutual Fund,AXISNETF,Axis NIFTY 50 ETF,Coal India Limited,Equity,INE522F01014,229338.0,915.0586,0.0076,2025-12-31
Axis Mutual Fund,AXISNETF,Axis NIFTY 50 ETF,Cipla Limited,Equity,INE059A01026,56755.0,857.7383,0.0071,2025-12-31
Axis Mutual Fund,AXISNETF,Axis NIFTY 50 ETF,HDFC Life Insurance Company Limited,Equity,INE795G01014,109100.0,818.0864,0.0068,2025-12-31
Axis Mutual Fund,AXISNETF,Axis NIFTY 50 ETF,Tata Consumer Products Limited,Equity,INE192A01025,65822.0,784.5982,0.0065,2025-12-31
Axis Mutual Fund,AXISNETF,Axis NIFTY 50 ETF,Max Healthcare Institute Limited,Equity,INE027H01010,75042.0,784.2639,0.0065,2025-12-31
Axis Mutual Fund,AXISNETF,Axis NIFTY 50 ETF,Dr. Reddy's Laboratories Limited,Equity,INE089A01031,61501.0,781.9237,0.0065,2025-12-31
Axis Mutual Fund,AXISNETF,Axis NIFTY 50 ETF,Tata Motors Passenger Vehicles Limited,Equity,INE155A01022,211000.0,775.1085,0.0064,2025-12-31
Axis Mutual Fund,AXISNETF,Axis NIFTY 50 ETF,Wipro Limited,Equity,INE075A01022,288227.0,758.844,0.0063,2025-12-31
Axis Mutual Fund,AXISNETF,Axis NIFTY 50 ETF,Apollo Hospitals Enterprise Limited,Equity,INE437A01024,10189.0,717.5603,0.0059,2025-12-31
Axis Mutual Fund,AXISNETF,Axis NIFTY 50 ETF,Adani Enterprises Limited,Equity,INE423A01024,26272.0,588.414,0.0049,2025-12-31
Axis Mutual Fund,AXISNETF,Axis NIFTY 50 ETF,Kwality Walls (India) Limited,Equity,INE2KCE01013,83924.0,33.7374,0.0003,2025-12-31
Axis Mutual Fund,AXISNFOF,Axis US Specific Equity Passive FOF,iShares VII PLC - iShares NASDAQ 100 UCITS ETF,Equity,IE00B53SZB19,14271.0,18712.2854,0.9777,2025-12-31
Axis Mutual Fund,AXISNHS,Axis CRISIL-IBX AAA Bond NBFC-HFC - Jun 2027 Index Fund,8.24% L&T Finance Limited (16/06/2027) **,Equity,INE498L07038,500.0,507.05,0.0925,2025-12-31
Axis Mutual Fund,AXISNHS,Axis CRISIL-IBX AAA Bond NBFC-HFC - Jun 2027 Index Fund,8.12% Sundaram Finance Limited (21/06/2027) **,Equity,INE660A07RT4,500.0,506.536,0.0924,2025-12-31
Axis Mutual Fund,AXISNHS,Axis CRISIL-IBX AAA Bond NBFC-HFC - Jun 2027 Index Fund,8.33% Aditya Birla Capital Limited (19/05/2027) **,Equity,INE860H07IY4,500.0,506.2945,0.0924,2025-12-31
Axis Mutual Fund,AXISNHS,Axis CRISIL-IBX AAA Bond NBFC-HFC - Jun 2027 Index Fund,8.1167% Bajaj Finance Limited (10/05/2027) **,Equity,INE296A07SX7,500.0,505.9015,0.0923,2025-12-31
Axis Mutual Fund,AXISNHS,Axis CRISIL-IBX AAA Bond NBFC-HFC - Jun 2027 Index Fund,8.10% ICICI Home Finance Company Limited (05/03/2027) **,Equity,INE071G07660,500.0,505.3265,0.0922,2025-12-31
Axis Mutual Fund,AXISNHS,Axis CRISIL-IBX AAA Bond NBFC-HFC - Jun 2027 Index Fund,7.8350% LIC Housing Finance Limited (11/05/2027) **,Equity,INE115A07QO2,500.0,505.306,0.0922,2025-12-31
Axis Mutual Fund,AXISNHS,Axis CRISIL-IBX AAA Bond NBFC-HFC - Jun 2027 Index Fund,7.7% Bajaj Housing Finance Limited (21/05/2027) **,Equity,INE377Y07300,50.0,504.5855,0.0921,2025-12-31
Axis Mutual Fund,AXISNHS,Axis CRISIL-IBX AAA Bond NBFC-HFC - Jun 2027 Index Fund,8.12% Kotak Mahindra Prime Limited (21/06/2027) **,Equity,INE916DA7SU4,350.0,354.5994,0.0647,2025-12-31
Axis Mutual Fund,AXISNHS,Axis CRISIL-IBX AAA Bond NBFC-HFC - Jun 2027 Index Fund,8.3774% Kotak Mahindra Investments Limited (21/06/2027) **,Equity,INE975F07IR8,300.0,304.3173,0.0555,2025-12-31
Axis Mutual Fund,AXISNHS,Axis CRISIL-IBX AAA Bond NBFC-HFC - Jun 2027 Index Fund,8.3324% HDB Financial Services Limited (10/05/2027) **,Equity,INE756I07EY1,300.0,304.1907,0.0555,2025-12-31
Axis Mutual Fund,AXISNHS,Axis CRISIL-IBX AAA Bond NBFC-HFC - Jun 2027 Index Fund,8.0409% Tata Capital Housing Finance Limited (19/03/2027) **,Equity,INE033L07ID4,300.0,303.2886,0.0553,2025-12-31
Axis Mutual Fund,AXISNHS,Axis CRISIL-IBX AAA Bond NBFC-HFC - Jun 2027 Index Fund,8.285% Tata Capital Limited (10/05/2027) **,Equity,INE976I07CT9,250.0,253.2845,0.0462,2025-12-31
Axis Mutual Fund,AXISNHS,Axis CRISIL-IBX AAA Bond NBFC-HFC - Jun 2027 Index Fund,8.25% Mahindra & Mahindra Financial Services Limited (25/03/2027) **,Equity,INE774D07VE1,100.0,101.246,0.0185,2025-12-31
Axis Mutual Fund,AXISNIF,Axis Nifty 100 Index Fund,HDFC Bank Limited,Equity,INE040A01034,2172267.0,21531.5105,0.1066,2025-12-31
Axis Mutual Fund,AXISNIF,Axis Nifty 100 Index Fund,Reliance Industries Limited,Equity,INE002A01018,959200.0,15063.2768,0.0746,2025-12-31
Axis Mutual Fund,AXISNIF,Axis Nifty 100 Index Fund,ICICI Bank Limited,Equity,INE090A01021,1014762.0,13627.2389,0.0675,2025-12-31
Axis Mutual Fund,AXISNIF,Axis Nifty 100 Index Fund,Bharti Airtel Limited,Equity,INE397D01024,395855.0,8335.1229,0.0413,2025-12-31
Axis Mutual Fund,AXISNIF,Axis Nifty 100 Index Fund,Infosys Limited,Equity,INE009A01021,497585.0,8037.9881,0.0398,2025-12-31
Axis Mutual Fund,AXISNIF,Axis Nifty 100 Index Fund,Larsen & Toubro Limited,Equity,INE018A01030,166854.0,6813.4831,0.0337,2025-12-31
Axis Mutual Fund,AXISNIF,Axis Nifty 100 Index Fund,State Bank of India,Equity,INE062A01020,589434.0,5789.4207,0.0287,2025-12-31
Axis Mutual Fund,AXISNIF,Axis Nifty 100 Index Fund,ITC Limited,Equity,INE154A01025,1370804.0,5524.3401,0.0274,2025-12-31
Axis Mutual Fund,AXISNIF,Axis Nifty 100 Index Fund,Axis Bank Limited,Equity,INE238A01034,407543.0,5173.3508,0.0256,2025-12-31
Axis Mutual Fund,AXISNIF,Axis Nifty 100 Index Fund,Mahindra & Mahindra Limited,Equity,INE101A01026,126108.0,4677.5979,0.0232,2025-12-31
Axis Mutual Fund,AXISNIF,Axis Nifty 100 Index Fund,Tata Consultancy Services Limited,Equity,INE467B01029,145345.0,4660.0514,0.0231,2025-12-31
Axis Mutual Fund,AXISNIF,Axis Nifty 100 Index Fund,Kotak Mahindra Bank Limited,Equity,INE237A01028,209239.0,4605.5596,0.0228,2025-12-31
Axis Mutual Fund,AXISNIF,Axis Nifty 100 Index Fund,Bajaj Finance Limited,Equity,INE296A01032,377128.0,3721.4991,0.0184,2025-12-31
Axis Mutual Fund,AXISNIF,Axis Nifty 100 Index Fund,Maruti Suzuki India Limited,Equity,INE585B01010,18668.0,3116.996,0.0154,2025-12-31
Axis Mutual Fund,AXISNIF,Axis Nifty 100 Index Fund,Hindustan Unilever Limited,Equity,INE030A01027,126298.0,2924.9354,0.0145,2025-12-31
Axis Mutual Fund,AXISNIF,Axis Nifty 100 Index Fund,Eternal Limited,Equity,INE758T01015,1020792.0,2838.3122,0.0141,2025-12-31
Axis Mutual Fund,AXISNIF,Axis Nifty 100 Index Fund,Sun Pharmaceutical Industries Limited,Equity,INE044A01036,149928.0,2578.3118,0.0128,2025-12-31
Axis Mutual Fund,AXISNIF,Axis Nifty 100 Index Fund,HCL Technologies Limited,Equity,INE860A01027,149876.0,2432.9371,0.012,2025-12-31
Axis Mutual Fund,AXISNIF,Axis Nifty 100 Index Fund,Titan Company Limited,Equity,INE280A01028,58726.0,2379.2839,0.0118,2025-12-31
Axis Mutual Fund,AXISNIF,Axis Nifty 100 Index Fund,NTPC Limited,Equity,INE733E01010,674960.0,2224.3307,0.011,2025-12-31
Axis Mutual Fund,AXISNIF,Axis Nifty 100 Index Fund,Tata Steel Limited,Equity,INE081A01020,1177193.0,2119.8892,0.0105,2025-12-31
Axis Mutual Fund,AXISNIF,Axis Nifty 100 Index Fund,Bharat Electronics Limited,Equity,INE263A01024,508473.0,2031.8581,0.0101,2025-12-31
Axis Mutual Fund,AXISNIF,Axis Nifty 100 Index Fund,UltraTech Cement Limited,Equity,INE481G01011,16892.0,1990.5533,0.0099,2025-12-31
Axis Mutual Fund,AXISNIF,Axis Nifty 100 Index Fund,Shriram Finance Limited,Equity,INE721A01047,198235.0,1974.8171,0.0098,2025-12-31
Axis Mutual Fund,AXISNIF,Axis Nifty 100 Index Fund,Hindalco Industries Limited,Equity,INE038A01020,205865.0,1825.405,0.009,2025-12-31
Axis Mutual Fund,AXISNIF,Axis Nifty 100 Index Fund,Asian Paints Limited,Equity,INE021A01026,64000.0,1772.48,0.0088,2025-12-31
Axis Mutual Fund,AXISNIF,Axis Nifty 100 Index Fund,Power Grid Corporation of India Limited,Equity,INE752E01010,644119.0,1704.3389,0.0084,2025-12-31
Axis Mutual Fund,AXISNIF,Axis Nifty 100 Index Fund,Bajaj Finserv Limited,Equity,INE918I01026,81263.0,1657.6839,0.0082,2025-12-31
Axis Mutual Fund,AXISNIF,Axis Nifty 100 Index Fund,InterGlobe Aviation Limited,Equity,INE646L01027,32128.0,1625.5162,0.008,2025-12-31
Axis Mutual Fund,AXISNIF,Axis Nifty 100 Index Fund,JSW Steel Limited,Equity,INE019A01038,132664.0,1545.2703,0.0077,2025-12-31
Axis Mutual Fund,AXISNIF,Axis Nifty 100 Index Fund,Grasim Industries Limited,Equity,INE047A01021,54154.0,1532.0167,0.0076,2025-12-31
Axis Mutual Fund,AXISNIF,Axis Nifty 100 Index Fund,Bajaj Auto Limited,Equity,INE917I01010,15677.0,1464.7021,0.0073,2025-12-31
Axis Mutual Fund,AXISNIF,Axis Nifty 100 Index Fund,Vedanta Limited,Equity,INE205A01025,241480.0,1459.5051,0.0072,2025-12-31
Axis Mutual Fund,AXISNIF,Axis Nifty 100 Index Fund,Adani Ports and Special Economic Zone Limited,Equity,INE742F01042,98337.0,1445.3572,0.0072,2025-12-31
Axis Mutual Fund,AXISNIF,Axis Nifty 100 Index Fund,Tech Mahindra Limited,Equity,INE669C01036,90413.0,1438.3804,0.0071,2025-12-31
Axis Mutual Fund,AXISNIF,Axis Nifty 100 Index Fund,Eicher Motors Limited,Equity,INE066A01021,19456.0,1422.72,0.007,2025-12-31
Axis Mutual Fund,AXISNIF,Axis Nifty 100 Index Fund,Jio Financial Services Limited,Equity,INE758E01017,464779.0,1370.8657,0.0068,2025-12-31
Axis Mutual Fund,AXISNIF,Axis Nifty 100 Index Fund,Trent Limited,Equity,INE849A01020,31466.0,1346.4301,0.0067,2025-12-31
Axis Mutual Fund,AXISNIF,Axis Nifty 100 Index Fund,Oil & Natural Gas Corporation Limited,Equity,INE213A01029,552210.0,1327.4024,0.0066,2025-12-31
Axis Mutual Fund,AXISNIF,Axis Nifty 100 Index Fund,Nestle India Limited,Equity,INE239A01024,101639.0,1309.1103,0.0065,2025-12-31
Axis Mutual Fund,AXISNIF,Axis Nifty 100 Index Fund,SBI Life Insurance Company Limited,Equity,INE123W01016,63775.0,1297.7575,0.0064,2025-12-31
Axis Mutual Fund,AXISNIF,Axis Nifty 100 Index Fund,Coal India Limited,Equity,INE522F01014,321495.0,1282.7651,0.0064,2025-12-31
Axis Mutual Fund,AXISNIF,Axis Nifty 100 Index Fund,TVS Motor Company Limited,Equity,INE494B01023,33341.0,1240.2185,0.0061,2025-12-31
Axis Mutual Fund,AXISNIF,Axis Nifty 100 Index Fund,Cipla Limited,Equity,INE059A01026,80004.0,1209.1005,0.006,2025-12-31
Axis Mutual Fund,AXISNIF,Axis Nifty 100 Index Fund,Hindustan Aeronautics Limited,Equity,INE066F01020,27035.0,1186.485,0.0059,2025-12-31
Axis Mutual Fund,AXISNIF,Axis Nifty 100 Index Fund,Divi's Laboratories Limited,Equity,INE361B01024,17989.0,1149.9468,0.0057,2025-12-31
Axis Mutual Fund,AXISNIF,Axis Nifty 100 Index Fund,HDFC Life Insurance Company Limited,Equity,INE795G01014,152365.0,1142.509,0.0057,2025-12-31
Axis Mutual Fund,AXISNIF,Axis Nifty 100 Index Fund,Max Healthcare Institute Limited,Equity,INE027H01010,105819.0,1105.9144,0.0055,2025-12-31
Axis Mutual Fund,AXISNIF,Axis Nifty 100 Index Fund,Tata Consumer Products Limited,Equity,INE192A01025,92510.0,1102.7192,0.0055,2025-12-31
Axis Mutual Fund,AXISNIF,Axis Nifty 100 Index Fund,Dr. Reddy's Laboratories Limited,Equity,INE089A01031,86519.0,1100.0026,0.0054,2025-12-31
Axis Mutual Fund,AXISNIF,Axis Nifty 100 Index Fund,Tata Motors Passenger Vehicles Limited,Equity,INE155A01022,296359.0,1088.6748,0.0054,2025-12-31
Axis Mutual Fund,AXISNIF,Axis Nifty 100 Index Fund,Wipro Limited,Equity,INE075A01022,405493.0,1067.582,0.0053,2025-12-31
Axis Mutual Fund,AXISNIF,Axis Nifty 100 Index Fund,Bharat Petroleum Corporation Limited,Equity,INE029A01011,275852.0,1059.2717,0.0052,2025-12-31
Axis Mutual Fund,AXISNIF,Axis Nifty 100 Index Fund,Cholamandalam Investment and Finance Company Ltd,Equity,INE121A01024,59912.0,1019.8221,0.0051,2025-12-31
Axis Mutual Fund,AXISNIF,Axis Nifty 100 Index Fund,Britannia Industries Limited,Equity,INE216A01030,16706.0,1007.5389,0.005,2025-12-31
Axis Mutual Fund,AXISNIF,Axis Nifty 100 Index Fund,Apollo Hospitals Enterprise Limited,Equity,INE437A01024,14280.0,1005.669,0.005,2025-12-31
Axis Mutual Fund,AXISNIF,Axis Nifty 100 Index Fund,Varun Beverages Limited,Equity,INE200M01039,192704.0,943.9605,0.0047,2025-12-31
Axis Mutual Fund,AXISNIF,Axis Nifty 100 Index Fund,The Indian Hotels Company Limited,Equity,INE053A01029,124730.0,921.5676,0.0046,2025-12-31
Axis Mutual Fund,AXISNIF,Axis Nifty 100 Index Fund,Tata Power Company Limited,Equity,INE245A01021,238693.0,906.0786,0.0045,2025-12-31
Axis Mutual Fund,AXISNIF,Axis Nifty 100 Index Fund,Indian Oil Corporation Limited,Equity,INE242A01010,531976.0,885.5272,0.0044,2025-12-31
Axis Mutual Fund,AXISNIF,Axis Nifty 100 Index Fund,Adani Enterprises Limited,Equity,INE423A01024,37060.0,830.0328,0.0041,2025-12-31
Axis Mutual Fund,AXISNIF,Axis Nifty 100 Index Fund,Adani Power Limited,Equity,INE814H01029,560652.0,801.6763,0.004,2025-12-31
Axis Mutual Fund,AXISNIF,Axis Nifty 100 Index Fund,LTIMindtree Limited,Equity,INE214T01019,13152.0,797.4715,0.0039,2025-12-31
Axis Mutual Fund,AXISNIF,Axis Nifty 100 Index Fund,Avenue Supermarts Limited,Equity,INE192R01011,20938.0,791.917,0.0039,2025-12-31
Axis Mutual Fund,AXISNIF,Axis Nifty 100 Index Fund,Bank of Baroda,Equity,INE028A01039,260751.0,771.5622,0.0038,2025-12-31
Axis Mutual Fund,AXISNIF,Axis Nifty 100 Index Fund,Samvardhana Motherson International Limited,Equity,INE775A01035,624661.0,749.2184,0.0037,2025-12-31
Axis Mutual Fund,AXISNIF,Axis Nifty 100 Index Fund,Canara Bank,Equity,INE476A01022,479509.0,742.8074,0.0037,2025-12-31
Axis Mutual Fund,AXISNIF,Axis Nifty 100 Index Fund,Info Edge (India) Limited,Equity,INE663F01032,55052.0,734.1735,0.0036,2025-12-31
Axis Mutual Fund,AXISNIF,Axis Nifty 100 Index Fund,Power Finance Corporation Limited,Equity,INE134E01011,205368.0,729.8779,0.0036,2025-12-31
Axis Mutual Fund,AXISNIF,Axis Nifty 100 Index Fund,Godrej Consumer Products Limited,Equity,INE102D01028,56763.0,693.7574,0.0034,2025-12-31
Axis Mutual Fund,AXISNIF,Axis Nifty 100 Index Fund,Bajaj Holdings & Investment Limited,Equity,INE118A01012,6122.0,693.5002,0.0034,2025-12-31
Axis Mutual Fund,AXISNIF,Axis Nifty 100 Index Fund,ICICI Lombard General Insurance Company Limited,Equity,INE765G01017,34216.0,671.3521,0.0033,2025-12-31
Axis Mutual Fund,AXISNIF,Axis Nifty 100 Index Fund,GAIL (India) Limited,Equity,INE129A01019,384180.0,661.4043,0.0033,2025-12-31
Axis Mutual Fund,AXISNIF,Axis Nifty 100 Index Fund,Pidilite Industries Limited,Equity,INE318A01026,43690.0,647.6606,0.0032,2025-12-31
Axis Mutual Fund,AXISNIF,Axis Nifty 100 Index Fund,CG Power and Industrial Solutions Limited,Equity,INE067A01029,97725.0,633.1603,0.0031,2025-12-31
Axis Mutual Fund,AXISNIF,Axis Nifty 100 Index Fund,REC Limited,Equity,INE020B01018,176731.0,630.5762,0.0031,2025-12-31
Axis Mutual Fund,AXISNIF,Axis Nifty 100 Index Fund,DLF Limited,Equity,INE271C01023,90617.0,622.9013,0.0031,2025-12-31
Axis Mutual Fund,AXISNIF,Axis Nifty 100 Index Fund,Punjab National Bank,Equity,INE160A01022,487279.0,602.1794,0.003,2025-12-31
Axis Mutual Fund,AXISNIF,Axis Nifty 100 Index Fund,United Spirits Limited,Equity,INE854D01024,41605.0,600.6514,0.003,2025-12-31
Axis Mutual Fund,AXISNIF,Axis Nifty 100 Index Fund,Torrent Pharmaceuticals Limited,Equity,INE685A01028,14856.0,571.956,0.0028,2025-12-31
Axis Mutual Fund,AXISNIF,Axis Nifty 100 Index Fund,Jindal Steel Limited,Equity,INE749A01030,53225.0,560.8851,0.0028,2025-12-31
Axis Mutual Fund,AXISNIF,Axis Nifty 100 Index Fund,Havells India Limited,Equity,INE176B01034,35924.0,511.8811,0.0025,2025-12-31
Axis Mutual Fund,AXISNIF,Axis Nifty 100 Index Fund,Adani Energy Solutions Limited,Equity,INE931S01010,49215.0,505.6103,0.0025,2025-12-31
Axis Mutual Fund,AXISNIF,Axis Nifty 100 Index Fund,Shree Cement Limited,Equity,INE070A01015,1902.0,505.4565,0.0025,2025-12-31
Axis Mutual Fund,AXISNIF,Axis Nifty 100 Index Fund,Ambuja Cements Limited,Equity,INE079A01024,86774.0,482.7671,0.0024,2025-12-31
Axis Mutual Fund,AXISNIF,Axis Nifty 100 Index Fund,Hyundai Motor India Ltd,Equity,INE0V6F01027,20299.0,466.471,0.0023,2025-12-31
Axis Mutual Fund,AXISNIF,Axis Nifty 100 Index Fund,Adani Green Energy Limited,Equity,INE364U01010,43700.0,443.5987,0.0022,2025-12-31
Axis Mutual Fund,AXISNIF,Axis Nifty 100 Index Fund,Bosch Limited,Equity,INE323A01026,1218.0,438.9672,0.0022,2025-12-31
Axis Mutual Fund,AXISNIF,Axis Nifty 100 Index Fund,Solar Industries India Limited,Equity,INE343H01029,3437.0,421.1012,0.0021,2025-12-31
Axis Mutual Fund,AXISNIF,Axis Nifty 100 Index Fund,Lodha Developers Limited,Equity,INE670K01029,39391.0,418.0567,0.0021,2025-12-31
Axis Mutual Fund,AXISNIF,Axis Nifty 100 Index Fund,Siemens Limited,Equity,INE003A01024,12597.0,385.8839,0.0019,2025-12-31
Axis Mutual Fund,AXISNIF,Axis Nifty 100 Index Fund,ABB India Limited,Equity,INE117A01022,7320.0,378.444,0.0019,2025-12-31
Axis Mutual Fund,AXISNIF,Axis Nifty 100 Index Fund,Hindustan Zinc Limited,Equity,INE267A01025,60726.0,371.9164,0.0018,2025-12-31
Axis Mutual Fund,AXISNIF,Axis Nifty 100 Index Fund,JSW Energy Limited,Equity,INE121E01018,74935.0,361.5239,0.0018,2025-12-31
Axis Mutual Fund,AXISNIF,Axis Nifty 100 Index Fund,Zydus Lifesciences Limited,Equity,INE010B01027,35633.0,325.8103,0.0016,2025-12-31
Axis Mutual Fund,AXISNIF,Axis Nifty 100 Index Fund,Siemens Energy India Limited,Equity,INE1NPP01017,12512.0,320.3197,0.0016,2025-12-31
Axis Mutual Fund,AXISNIF,Axis Nifty 100 Index Fund,Indian Railway Finance Corporation Limited,Equity,INE053F01010,250903.0,312.6753,0.0015,2025-12-31
Axis Mutual Fund,AXISNIF,Axis Nifty 100 Index Fund,Life Insurance Corporation Of India,Equity,INE0J1Y01017,31474.0,269.0712,0.0013,2025-12-31
Axis Mutual Fund,AXISNIF,Axis Nifty 100 Index Fund,Mazagon Dock Shipbuilders Limited,Equity,INE249Z01020,10710.0,266.7004,0.0013,2025-12-31
Axis Mutual Fund,AXISNIF,Axis Nifty 100 Index Fund,Bajaj Housing Finance Limited,Equity,INE377Y01014,128659.0,121.364,0.0006,2025-12-31
Axis Mutual Fund,AXISNIF,Axis Nifty 100 Index Fund,Kwality Walls (India) Limited,Equity,INE2KCE01013,126118.0,50.6994,0.0003,2025-12-31
Axis Mutual Fund,AXISNIF,Axis Nifty 100 Index Fund,6% TVS Motor Co Non Conv Rede Pref Shares 01SEP26 **,Equity,INE494B04019,133604.0,13.6089,0.0001,2025-12-31
Axis Mutual Fund,AXISNIT,Axis Nifty IT Index Fund,Infosys Limited,Equity,INE009A01021,251618.0,4064.6372,0.2904,2025-12-31
Axis Mutual Fund,AXISNIT,Axis Nifty IT Index Fund,Tata Consultancy Services Limited,Equity,INE467B01029,93896.0,3010.4936,0.2151,2025-12-31
Axis Mutual Fund,AXISNIT,Axis Nifty IT Index Fund,HCL Technologies Limited,Equity,INE860A01027,97017.0,1574.877,0.1125,2025-12-31
Axis Mutual Fund,AXISNIT,Axis Nifty IT Index Fund,Tech Mahindra Limited,Equity,INE669C01036,83519.0,1328.7038,0.0949,2025-12-31
Axis Mutual Fund,AXISNIT,Axis Nifty IT Index Fund,Wipro Limited,Equity,INE075A01022,375911.0,989.6985,0.0707,2025-12-31
Axis Mutual Fund,AXISNIT,Axis Nifty IT Index Fund,Persistent Systems Limited,Equity,INE262H01021,14368.0,901.161,0.0644,2025-12-31
Axis Mutual Fund,AXISNIT,Axis Nifty IT Index Fund,LTIMindtree Limited,Equity,INE214T01019,12198.0,739.6257,0.0529,2025-12-31
Axis Mutual Fund,AXISNIT,Axis Nifty IT Index Fund,Coforge Limited,Equity,INE591G01025,44037.0,732.3353,0.0523,2025-12-31
Axis Mutual Fund,AXISNIT,Axis Nifty IT Index Fund,Mphasis Limited,Equity,INE356A01018,14933.0,416.8099,0.0298,2025-12-31
Axis Mutual Fund,AXISNIT,Axis Nifty IT Index Fund,Oracle Financial Services Software Limited,Equity,INE881D01027,3094.0,237.8358,0.017,2025-12-31
Axis Mutual Fund,AXISNM50,AXIS NIFTY MIDCAP 50 INDEX FUND,BSE Limited,Equity,INE118H01025,114063.0,3002.3663,0.0514,2025-12-31
Axis Mutual Fund,AXISNM50,AXIS NIFTY MIDCAP 50 INDEX FUND,Hero MotoCorp Limited,Equity,INE158A01026,36229.0,2090.7756,0.0358,2025-12-31
Axis Mutual Fund,AXISNM50,AXIS NIFTY MIDCAP 50 INDEX FUND,Persistent Systems Limited,Equity,INE262H01021,30364.0,1904.4301,0.0326,2025-12-31
Axis Mutual Fund,AXISNM50,AXIS NIFTY MIDCAP 50 INDEX FUND,The Federal Bank Limited,Equity,INE171A01029,685591.0,1831.2136,0.0314,2025-12-31
Axis Mutual Fund,AXISNM50,AXIS NIFTY MIDCAP 50 INDEX FUND,Suzlon Energy Limited,Equity,INE040H01021,3382172.0,1781.39,0.0305,2025-12-31
Axis Mutual Fund,AXISNM50,AXIS NIFTY MIDCAP 50 INDEX FUND,PB Fintech Limited,Equity,INE417T01026,95157.0,1737.1862,0.0298,2025-12-31
Axis Mutual Fund,AXISNM50,AXIS NIFTY MIDCAP 50 INDEX FUND,Cummins India Limited,Equity,INE298A01020,37724.0,1672.8331,0.0287,2025-12-31
Axis Mutual Fund,AXISNM50,AXIS NIFTY MIDCAP 50 INDEX FUND,IndusInd Bank Limited,Equity,INE095A01012,183323.0,1584.2774,0.0271,2025-12-31
Axis Mutual Fund,AXISNM50,AXIS NIFTY MIDCAP 50 INDEX FUND,IDFC First Bank Limited,Equity,INE092T01019,1847390.0,1581.5506,0.0271,2025-12-31
Axis Mutual Fund,AXISNM50,AXIS NIFTY MIDCAP 50 INDEX FUND,AU Small Finance Bank Limited,Equity,INE949L01017,157532.0,1566.6557,0.0268,2025-12-31
Axis Mutual Fund,AXISNM50,AXIS NIFTY MIDCAP 50 INDEX FUND,Coforge Limited,Equity,INE591G01025,93216.0,1550.1821,0.0266,2025-12-31
Axis Mutual Fund,AXISNM50,AXIS NIFTY MIDCAP 50 INDEX FUND,HDFC Asset Management Company Limited,Equity,INE127D01025,56693.0,1514.9503,0.026,2025-12-31
Axis Mutual Fund,AXISNM50,AXIS NIFTY MIDCAP 50 INDEX FUND,Indus Towers Limited,Equity,INE121J01017,360324.0,1508.8568,0.0258,2025-12-31
Axis Mutual Fund,AXISNM50,AXIS NIFTY MIDCAP 50 INDEX FUND,One 97 Communications Limited,Equity,INE982J01020,113283.0,1471.4329,0.0252,2025-12-31
Axis Mutual Fund,AXISNM50,AXIS NIFTY MIDCAP 50 INDEX FUND,Ashok Leyland Limited,Equity,INE208A01029,797901.0,1429.7588,0.0245,2025-12-31
Axis Mutual Fund,AXISNM50,AXIS NIFTY MIDCAP 50 INDEX FUND,Lupin Limited,Equity,INE326A01037,67671.0,1427.5197,0.0245,2025-12-31
Axis Mutual Fund,AXISNM50,AXIS NIFTY MIDCAP 50 INDEX FUND,Dixon Technologies (India) Limited,Equity,INE935N01020,11480.0,1389.3096,0.0238,2025-12-31
Axis Mutual Fund,AXISNM50,AXIS NIFTY MIDCAP 50 INDEX FUND,Hindustan Petroleum Corporation Limited,Equity,INE094A01015,267796.0,1336.4359,0.0229,2025-12-31
Axis Mutual Fund,AXISNM50,AXIS NIFTY MIDCAP 50 INDEX FUND,Fortis Healthcare Limited,Equity,INE061F01013,145336.0,1284.7702,0.022,2025-12-31
Axis Mutual Fund,AXISNM50,AXIS NIFTY MIDCAP 50 INDEX FUND,SRF Limited,Equity,INE647A01010,40491.0,1245.0983,0.0213,2025-12-31
Axis Mutual Fund,AXISNM50,AXIS NIFTY MIDCAP 50 INDEX FUND,UPL Limited,Equity,INE628A01036,155908.0,1239.7025,0.0212,2025-12-31
Axis Mutual Fund,AXISNM50,AXIS NIFTY MIDCAP 50 INDEX FUND,Max Financial Services Limited,Equity,INE180A01020,73488.0,1228.5724,0.021,2025-12-31
Axis Mutual Fund,AXISNM50,AXIS NIFTY MIDCAP 50 INDEX FUND,Muthoot Finance Limited,Equity,INE414G01012,29903.0,1139.8127,0.0195,2025-12-31
Axis Mutual Fund,AXISNM50,AXIS NIFTY MIDCAP 50 INDEX FUND,Polycab India Limited,Equity,INE455K01017,14686.0,1118.9263,0.0192,2025-12-31
Axis Mutual Fund,AXISNM50,AXIS NIFTY MIDCAP 50 INDEX FUND,Marico Limited,Equity,INE196A01026,147146.0,1104.4779,0.0189,2025-12-31
Axis Mutual Fund,AXISNM50,AXIS NIFTY MIDCAP 50 INDEX FUND,Bharat Forge Limited,Equity,INE465A01025,74359.0,1093.3747,0.0187,2025-12-31
Axis Mutual Fund,AXISNM50,AXIS NIFTY MIDCAP 50 INDEX FUND,Yes Bank Limited,Equity,INE528G01035,4888150.0,1055.8404,0.0181,2025-12-31
Axis Mutual Fund,AXISNM50,AXIS NIFTY MIDCAP 50 INDEX FUND,GMR Airports Limited,Equity,INE776C01039,994987.0,1038.4679,0.0178,2025-12-31
Axis Mutual Fund,AXISNM50,AXIS NIFTY MIDCAP 50 INDEX FUND,Bharat Heavy Electricals Limited,Equity,INE257A01026,357697.0,1028.2,0.0176,2025-12-31
Axis Mutual Fund,AXISNM50,AXIS NIFTY MIDCAP 50 INDEX FUND,APL Apollo Tubes Limited,Equity,INE702C01027,50582.0,968.1395,0.0166,2025-12-31
Axis Mutual Fund,AXISNM50,AXIS NIFTY MIDCAP 50 INDEX FUND,The Phoenix Mills Limited,Equity,INE211B01039,51934.0,962.5967,0.0165,2025-12-31
Axis Mutual Fund,AXISNM50,AXIS NIFTY MIDCAP 50 INDEX FUND,Aurobindo Pharma Limited,Equity,INE406A01037,77967.0,922.3496,0.0158,2025-12-31
Axis Mutual Fund,AXISNM50,AXIS NIFTY MIDCAP 50 INDEX FUND,Mphasis Limited,Equity,INE356A01018,31794.0,887.4341,0.0152,2025-12-31
Axis Mutual Fund,AXISNM50,AXIS NIFTY MIDCAP 50 INDEX FUND,Godrej Properties Limited,Equity,INE484J01027,41516.0,832.1467,0.0143,2025-12-31
Axis Mutual Fund,AXISNM50,AXIS NIFTY MIDCAP 50 INDEX FUND,Dabur India Limited,Equity,INE016A01026,163956.0,825.6824,0.0141,2025-12-31
Axis Mutual Fund,AXISNM50,AXIS NIFTY MIDCAP 50 INDEX FUND,NMDC Limited,Equity,INE584A01023,964728.0,802.3643,0.0137,2025-12-31
Axis Mutual Fund,AXISNM50,AXIS NIFTY MIDCAP 50 INDEX FUND,Tube Investments of India Limited,Equity,INE974X01010,29803.0,779.0802,0.0133,2025-12-31
Axis Mutual Fund,AXISNM50,AXIS NIFTY MIDCAP 50 INDEX FUND,Colgate Palmolive (India) Limited,Equity,INE259A01022,36770.0,763.2349,0.0131,2025-12-31
Axis Mutual Fund,AXISNM50,AXIS NIFTY MIDCAP 50 INDEX FUND,Prestige Estates Projects Limited,Equity,INE811K01011,47102.0,751.1827,0.0129,2025-12-31
Axis Mutual Fund,AXISNM50,AXIS NIFTY MIDCAP 50 INDEX FUND,PI Industries Limited,Equity,INE603J01030,22586.0,731.3799,0.0125,2025-12-31
Axis Mutual Fund,AXISNM50,AXIS NIFTY MIDCAP 50 INDEX FUND,SBI Cards and Payment Services Limited,Equity,INE018E01016,83597.0,720.3553,0.0123,2025-12-31
Axis Mutual Fund,AXISNM50,AXIS NIFTY MIDCAP 50 INDEX FUND,NHPC Limited,Equity,INE848E01016,883057.0,699.5578,0.012,2025-12-31
Axis Mutual Fund,AXISNM50,AXIS NIFTY MIDCAP 50 INDEX FUND,Mankind Pharma Limited,Equity,INE634S01028,31564.0,693.3033,0.0119,2025-12-31
Axis Mutual Fund,AXISNM50,AXIS NIFTY MIDCAP 50 INDEX FUND,Oil India Limited,Equity,INE274J01014,152211.0,645.9074,0.0111,2025-12-31
Axis Mutual Fund,AXISNM50,AXIS NIFTY MIDCAP 50 INDEX FUND,Page Industries Limited,Equity,INE761H01022,1760.0,634.392,0.0109,2025-12-31
Axis Mutual Fund,AXISNM50,AXIS NIFTY MIDCAP 50 INDEX FUND,Jubilant Foodworks Limited,Equity,INE797F01020,109218.0,610.0917,0.0105,2025-12-31
Axis Mutual Fund,AXISNM50,AXIS NIFTY MIDCAP 50 INDEX FUND,Supreme Industries Limited,Equity,INE195A01028,18029.0,604.6566,0.0104,2025-12-31
Axis Mutual Fund,AXISNM50,AXIS NIFTY MIDCAP 50 INDEX FUND,Indian Railway Catering And Tourism Corporation Limited,Equity,INE335Y01020,84106.0,575.7897,0.0099,2025-12-31
Axis Mutual Fund,AXISNM50,AXIS NIFTY MIDCAP 50 INDEX FUND,Oberoi Realty Limited,Equity,INE093I01010,32836.0,548.5582,0.0094,2025-12-31
Axis Mutual Fund,AXISNM50,AXIS NIFTY MIDCAP 50 INDEX FUND,Oracle Financial Services Software Limited,Equity,INE881D01027,6620.0,508.8794,0.0087,2025-12-31
Axis Mutual Fund,AXISNNF,Axis Nifty Next 50 Index Fund,Vedanta Limited,Equity,INE205A01025,304408.0,1839.842,0.0444,2025-12-31
Axis Mutual Fund,AXISNNF,Axis Nifty Next 50 Index Fund,TVS Motor Company Limited,Equity,INE494B01023,42128.0,1567.0773,0.0378,2025-12-31
Axis Mutual Fund,AXISNNF,Axis Nifty Next 50 Index Fund,Hindustan Aeronautics Limited,Equity,INE066F01020,34043.0,1494.0451,0.0361,2025-12-31
Axis Mutual Fund,AXISNNF,Axis Nifty Next 50 Index Fund,Divi's Laboratories Limited,Equity,INE361B01024,22800.0,1457.49,0.0352,2025-12-31
Axis Mutual Fund,AXISNNF,Axis Nifty Next 50 Index Fund,Bharat Petroleum Corporation Limited,Equity,INE029A01011,347779.0,1335.4714,0.0322,2025-12-31
Axis Mutual Fund,AXISNNF,Axis Nifty Next 50 Index Fund,Cholamandalam Investment and Finance Company Ltd,Equity,INE121A01024,75898.0,1291.9358,0.0312,2025-12-31
Axis Mutual Fund,AXISNNF,Axis Nifty Next 50 Index Fund,Britannia Industries Limited,Equity,INE216A01030,21162.0,1276.2802,0.0308,2025-12-31
Axis Mutual Fund,AXISNNF,Axis Nifty Next 50 Index Fund,Varun Beverages Limited,Equity,INE200M01039,245589.0,1203.0177,0.0291,2025-12-31
Axis Mutual Fund,AXISNNF,Axis Nifty Next 50 Index Fund,The Indian Hotels Company Limited,Equity,INE053A01029,157583.0,1164.302,0.0281,2025-12-31
Axis Mutual Fund,AXISNNF,Axis Nifty Next 50 Index Fund,Tata Power Company Limited,Equity,INE245A01021,301370.0,1144.0005,0.0276,2025-12-31
Axis Mutual Fund,AXISNNF,Axis Nifty Next 50 Index Fund,Indian Oil Corporation Limited,Equity,INE242A01010,670504.0,1116.121,0.027,2025-12-31
Axis Mutual Fund,AXISNNF,Axis Nifty Next 50 Index Fund,Adani Power Limited,Equity,INE814H01029,707899.0,1012.2248,0.0244,2025-12-31
Axis Mutual Fund,AXISNNF,Axis Nifty Next 50 Index Fund,LTIMindtree Limited,Equity,INE214T01019,16641.0,1009.027,0.0244,2025-12-31
Axis Mutual Fund,AXISNNF,Axis Nifty Next 50 Index Fund,Avenue Supermarts Limited,Equity,INE192R01011,26426.0,999.4842,0.0241,2025-12-31
Axis Mutual Fund,AXISNNF,Axis Nifty Next 50 Index Fund,Bank of Baroda,Equity,INE028A01039,332870.0,984.9623,0.0238,2025-12-31
Axis Mutual Fund,AXISNNF,Axis Nifty Next 50 Index Fund,Samvardhana Motherson International Limited,Equity,INE775A01035,796877.0,955.7743,0.0231,2025-12-31
Axis Mutual Fund,AXISNNF,Axis Nifty Next 50 Index Fund,Canara Bank,Equity,INE476A01022,604906.0,937.0599,0.0226,2025-12-31
Axis Mutual Fund,AXISNNF,Axis Nifty Next 50 Index Fund,Info Edge (India) Limited,Equity,INE663F01032,69717.0,929.7459,0.0225,2025-12-31
Axis Mutual Fund,AXISNNF,Axis Nifty Next 50 Index Fund,Power Finance Corporation Limited,Equity,INE134E01011,261299.0,928.6566,0.0224,2025-12-31
Axis Mutual Fund,AXISNNF,Axis Nifty Next 50 Index Fund,Godrej Consumer Products Limited,Equity,INE102D01028,72212.0,882.5751,0.0213,2025-12-31
Axis Mutual Fund,AXISNNF,Axis Nifty Next 50 Index Fund,Bajaj Holdings & Investment Limited,Equity,INE118A01012,7770.0,880.1856,0.0213,2025-12-31
Axis Mutual Fund,AXISNNF,Axis Nifty Next 50 Index Fund,ICICI Lombard General Insurance Company Limited,Equity,INE765G01017,43440.0,852.3362,0.0206,2025-12-31
Axis Mutual Fund,AXISNNF,Axis Nifty Next 50 Index Fund,GAIL (India) Limited,Equity,INE129A01019,484038.0,833.3198,0.0201,2025-12-31
Axis Mutual Fund,AXISNNF,Axis Nifty Next 50 Index Fund,Pidilite Industries Limited,Equity,INE318A01026,55720.0,825.9933,0.0199,2025-12-31
Axis Mutual Fund,AXISNNF,Axis Nifty Next 50 Index Fund,REC Limited,Equity,INE020B01018,224172.0,799.8457,0.0193,2025-12-31
Axis Mutual Fund,AXISNNF,Axis Nifty Next 50 Index Fund,CG Power and Industrial Solutions Limited,Equity,INE067A01029,123200.0,798.2128,0.0193,2025-12-31
Axis Mutual Fund,AXISNNF,Axis Nifty Next 50 Index Fund,DLF Limited,Equity,INE271C01023,115124.0,791.3624,0.0191,2025-12-31
Axis Mutual Fund,AXISNNF,Axis Nifty Next 50 Index Fund,United Spirits Limited,Equity,INE854D01024,52987.0,764.9733,0.0185,2025-12-31
Axis Mutual Fund,AXISNNF,Axis Nifty Next 50 Index Fund,Punjab National Bank,Equity,INE160A01022,618699.0,764.5882,0.0185,2025-12-31
Axis Mutual Fund,AXISNNF,Axis Nifty Next 50 Index Fund,Torrent Pharmaceuticals Limited,Equity,INE685A01028,18769.0,722.6065,0.0174,2025-12-31
Axis Mutual Fund,AXISNNF,Axis Nifty Next 50 Index Fund,Jindal Steel Limited,Equity,INE749A01030,66769.0,703.6117,0.017,2025-12-31
Axis Mutual Fund,AXISNNF,Axis Nifty Next 50 Index Fund,Havells India Limited,Equity,INE176B01034,45053.0,641.9602,0.0155,2025-12-31
Axis Mutual Fund,AXISNNF,Axis Nifty Next 50 Index Fund,Shree Cement Limited,Equity,INE070A01015,2399.0,637.5343,0.0154,2025-12-31
Axis Mutual Fund,AXISNNF,Axis Nifty Next 50 Index Fund,Adani Energy Solutions Limited,Equity,INE931S01010,61980.0,636.7515,0.0154,2025-12-31
Axis Mutual Fund,AXISNNF,Axis Nifty Next 50 Index Fund,Ambuja Cements Limited,Equity,INE079A01024,109466.0,609.0141,0.0147,2025-12-31
Axis Mutual Fund,AXISNNF,Axis Nifty Next 50 Index Fund,Hyundai Motor India Ltd,Equity,INE0V6F01027,25480.0,585.5304,0.0141,2025-12-31
Axis Mutual Fund,AXISNNF,Axis Nifty Next 50 Index Fund,Adani Green Energy Limited,Equity,INE364U01010,55021.0,558.5182,0.0135,2025-12-31
Axis Mutual Fund,AXISNNF,Axis Nifty Next 50 Index Fund,Bosch Limited,Equity,INE323A01026,1549.0,558.2596,0.0135,2025-12-31
Axis Mutual Fund,AXISNNF,Axis Nifty Next 50 Index Fund,Solar Industries India Limited,Equity,INE343H01029,4353.0,533.3296,0.0129,2025-12-31
Axis Mutual Fund,AXISNNF,Axis Nifty Next 50 Index Fund,Lodha Developers Limited,Equity,INE670K01029,50200.0,532.7726,0.0129,2025-12-31
Axis Mutual Fund,AXISNNF,Axis Nifty Next 50 Index Fund,ABB India Limited,Equity,INE117A01022,9369.0,484.3773,0.0117,2025-12-31
Axis Mutual Fund,AXISNNF,Axis Nifty Next 50 Index Fund,Siemens Limited,Equity,INE003A01024,15795.0,483.8482,0.0117,2025-12-31
Axis Mutual Fund,AXISNNF,Axis Nifty Next 50 Index Fund,Hindustan Zinc Limited,Equity,INE267A01025,77786.0,476.4004,0.0115,2025-12-31
Axis Mutual Fund,AXISNNF,Axis Nifty Next 50 Index Fund,JSW Energy Limited,Equity,INE121E01018,95662.0,461.5213,0.0111,2025-12-31
Axis Mutual Fund,AXISNNF,Axis Nifty Next 50 Index Fund,Zydus Lifesciences Limited,Equity,INE010B01027,44640.0,408.1658,0.0099,2025-12-31
Axis Mutual Fund,AXISNNF,Axis Nifty Next 50 Index Fund,Siemens Energy India Limited,Equity,INE1NPP01017,15804.0,404.5982,0.0098,2025-12-31
Axis Mutual Fund,AXISNNF,Axis Nifty Next 50 Index Fund,Indian Railway Finance Corporation Limited,Equity,INE053F01010,318587.0,397.0231,0.0096,2025-12-31
Axis Mutual Fund,AXISNNF,Axis Nifty Next 50 Index Fund,Life Insurance Corporation Of India,Equity,INE0J1Y01017,39681.0,339.2329,0.0082,2025-12-31
Axis Mutual Fund,AXISNNF,Axis Nifty Next 50 Index Fund,Mazagon Dock Shipbuilders Limited,Equity,INE249Z01020,13502.0,336.2268,0.0081,2025-12-31
Axis Mutual Fund,AXISNNF,Axis Nifty Next 50 Index Fund,Bajaj Housing Finance Limited,Equity,INE377Y01014,165886.0,156.4803,0.0038,2025-12-31
Axis Mutual Fund,AXISNNF,Axis Nifty Next 50 Index Fund,6% TVS Motor Co Non Conv Rede Pref Shares 01SEP26 **,Equity,INE494B04019,148852.0,15.1621,0.0004,2025-12-31
Axis Mutual Fund,AXISNS50,AXIS NIFTY SMALLCAP 50 INDEX FUND,Multi Commodity Exchange of India Limited,Equity,INE745G01035,37591.0,4186.1338,0.0761,2025-12-31
Axis Mutual Fund,AXISNS50,AXIS NIFTY SMALLCAP 50 INDEX FUND,Laurus Labs Limited,Equity,INE947Q01028,286022.0,3169.1238,0.0576,2025-12-31
Axis Mutual Fund,AXISNS50,AXIS NIFTY SMALLCAP 50 INDEX FUND,Radico Khaitan Limited,Equity,INE944F01028,57564.0,1898.691,0.0345,2025-12-31
Axis Mutual Fund,AXISNS50,AXIS NIFTY SMALLCAP 50 INDEX FUND,Central Depository Services (India) Limited,Equity,INE736A01011,131150.0,1893.2814,0.0344,2025-12-31
Axis Mutual Fund,AXISNS50,AXIS NIFTY SMALLCAP 50 INDEX FUND,Karur Vysya Bank Limited,Equity,INE036D01028,695574.0,1835.1329,0.0334,2025-12-31
Axis Mutual Fund,AXISNS50,AXIS NIFTY SMALLCAP 50 INDEX FUND,Navin Fluorine International Limited,Equity,INE048G01026,27054.0,1601.5968,0.0291,2025-12-31
Axis Mutual Fund,AXISNS50,AXIS NIFTY SMALLCAP 50 INDEX FUND,Delhivery Limited,Equity,INE148O01028,393909.0,1590.8015,0.0289,2025-12-31
Axis Mutual Fund,AXISNS50,AXIS NIFTY SMALLCAP 50 INDEX FUND,Cholamandalam Financial Holdings Limited,Equity,INE149A01033,72957.0,1322.6375,0.0241,2025-12-31
Axis Mutual Fund,AXISNS50,AXIS NIFTY SMALLCAP 50 INDEX FUND,PNB Housing Finance Limited,Equity,INE572E01012,138126.0,1314.2689,0.0239,2025-12-31
Axis Mutual Fund,AXISNS50,AXIS NIFTY SMALLCAP 50 INDEX FUND,Computer Age Management Services Limited,Equity,INE596I01020,176430.0,1307.1699,0.0238,2025-12-31
Axis Mutual Fund,AXISNS50,AXIS NIFTY SMALLCAP 50 INDEX FUND,Manappuram Finance Limited,Equity,INE522D01027,404046.0,1246.6839,0.0227,2025-12-31
Axis Mutual Fund,AXISNS50,AXIS NIFTY SMALLCAP 50 INDEX FUND,Crompton Greaves Consumer Electricals Limited,Equity,INE299U01018,472620.0,1192.184,0.0217,2025-12-31
Axis Mutual Fund,AXISNS50,AXIS NIFTY SMALLCAP 50 INDEX FUND,Redington Limited,Equity,INE891D01026,437335.0,1191.0819,0.0217,2025-12-31
Axis Mutual Fund,AXISNS50,AXIS NIFTY SMALLCAP 50 INDEX FUND,Angel One Limited,Equity,INE732I01013,47292.0,1108.5245,0.0202,2025-12-31
Axis Mutual Fund,AXISNS50,AXIS NIFTY SMALLCAP 50 INDEX FUND,JB Chemicals & Pharmaceuticals Limited,Equity,INE572A01036,59939.0,1090.71,0.0198,2025-12-31
Axis Mutual Fund,AXISNS50,AXIS NIFTY SMALLCAP 50 INDEX FUND,KFin Technologies Limited,Equity,INE138Y01010,98042.0,1060.8144,0.0193,2025-12-31
Axis Mutual Fund,AXISNS50,AXIS NIFTY SMALLCAP 50 INDEX FUND,IIFL Finance Limited,Equity,INE530B01024,171030.0,1044.1382,0.019,2025-12-31
Axis Mutual Fund,AXISNS50,AXIS NIFTY SMALLCAP 50 INDEX FUND,Aster DM Healthcare Limited,Equity,INE914M01019,166218.0,1025.3157,0.0187,2025-12-31
Axis Mutual Fund,AXISNS50,AXIS NIFTY SMALLCAP 50 INDEX FUND,Poonawalla Fincorp Limited,Equity,INE511C01022,211558.0,1021.7194,0.0186,2025-12-31
Axis Mutual Fund,AXISNS50,AXIS NIFTY SMALLCAP 50 INDEX FUND,Gland Pharma Limited,Equity,INE068V01023,58527.0,1007.8349,0.0183,2025-12-31
Axis Mutual Fund,AXISNS50,AXIS NIFTY SMALLCAP 50 INDEX FUND,Amber Enterprises India Limited,Equity,INE371P01015,15632.0,998.4158,0.0182,2025-12-31
Axis Mutual Fund,AXISNS50,AXIS NIFTY SMALLCAP 50 INDEX FUND,The Ramco Cements Limited,Equity,INE331A01037,92968.0,982.2999,0.0179,2025-12-31
Axis Mutual Fund,AXISNS50,AXIS NIFTY SMALLCAP 50 INDEX FUND,Neuland Laboratories Limited,Equity,INE794A01010,6303.0,956.4803,0.0174,2025-12-31
Axis Mutual Fund,AXISNS50,AXIS NIFTY SMALLCAP 50 INDEX FUND,Narayana Hrudayalaya Limited,Equity,INE410P01011,49933.0,944.7324,0.0172,2025-12-31
Axis Mutual Fund,AXISNS50,AXIS NIFTY SMALLCAP 50 INDEX FUND,Bandhan Bank Limited,Equity,INE545U01014,642582.0,937.0131,0.017,2025-12-31
Axis Mutual Fund,AXISNS50,AXIS NIFTY SMALLCAP 50 INDEX FUND,NBCC (India) Limited,Equity,INE095N01031,760702.0,926.3068,0.0168,2025-12-31
Axis Mutual Fund,AXISNS50,AXIS NIFTY SMALLCAP 50 INDEX FUND,Kaynes Technology India Limited,Equity,INE918Z01012,22959.0,921.3447,0.0168,2025-12-31
Axis Mutual Fund,AXISNS50,AXIS NIFTY SMALLCAP 50 INDEX FUND,Tata Chemicals Limited,Equity,INE092A01019,115340.0,882.9854,0.0161,2025-12-31
Axis Mutual Fund,AXISNS50,AXIS NIFTY SMALLCAP 50 INDEX FUND,Wockhardt Limited,Equity,INE049B01025,60672.0,877.4385,0.016,2025-12-31
Axis Mutual Fund,AXISNS50,AXIS NIFTY SMALLCAP 50 INDEX FUND,Inox Wind Limited,Equity,INE066P01011,709540.0,876.4948,0.0159,2025-12-31
Axis Mutual Fund,AXISNS50,AXIS NIFTY SMALLCAP 50 INDEX FUND,Himadri Speciality Chemical Limited,Equity,INE019C01026,172556.0,841.8144,0.0153,2025-12-31
Axis Mutual Fund,AXISNS50,AXIS NIFTY SMALLCAP 50 INDEX FUND,Affle 3i Limited,Equity,INE00WC01027,46509.0,836.8829,0.0152,2025-12-31
Axis Mutual Fund,AXISNS50,AXIS NIFTY SMALLCAP 50 INDEX FUND,Dr. Lal Path Labs Limited,Equity,INE600L01024,56106.0,831.8276,0.0151,2025-12-31
Axis Mutual Fund,AXISNS50,AXIS NIFTY SMALLCAP 50 INDEX FUND,Amara Raja Energy & Mobility Ltd,Equity,INE885A01032,89999.0,818.5859,0.0149,2025-12-31
Axis Mutual Fund,AXISNS50,AXIS NIFTY SMALLCAP 50 INDEX FUND,Welspun Corp Limited,Equity,INE191B01025,96344.0,784.6255,0.0143,2025-12-31
Axis Mutual Fund,AXISNS50,AXIS NIFTY SMALLCAP 50 INDEX FUND,Indian Energy Exchange Limited,Equity,INE022Q01020,584149.0,784.0448,0.0143,2025-12-31
Axis Mutual Fund,AXISNS50,AXIS NIFTY SMALLCAP 50 INDEX FUND,Firstsource Solutions Limited,Equity,INE684F01012,233262.0,783.2938,0.0142,2025-12-31
Axis Mutual Fund,AXISNS50,AXIS NIFTY SMALLCAP 50 INDEX FUND,Piramal Pharma Limited,Equity,INE0DK501011,454073.0,781.9591,0.0142,2025-12-31
Axis Mutual Fund,AXISNS50,AXIS NIFTY SMALLCAP 50 INDEX FUND,CESC Limited,Equity,INE486A01021,464382.0,778.1185,0.0142,2025-12-31
Axis Mutual Fund,AXISNS50,AXIS NIFTY SMALLCAP 50 INDEX FUND,Five Star Business Finance Limited,Equity,INE128S01021,137208.0,748.2638,0.0136,2025-12-31
Axis Mutual Fund,AXISNS50,AXIS NIFTY SMALLCAP 50 INDEX FUND,Reliance Power Limited,Equity,INE614G01033,2104282.0,733.3423,0.0133,2025-12-31
Axis Mutual Fund,AXISNS50,AXIS NIFTY SMALLCAP 50 INDEX FUND,KEC International Limited,Equity,INE389H01022,95315.0,703.3294,0.0128,2025-12-31
Axis Mutual Fund,AXISNS50,AXIS NIFTY SMALLCAP 50 INDEX FUND,Cyient Limited,Equity,INE136B01020,62275.0,696.11,0.0127,2025-12-31
Axis Mutual Fund,AXISNS50,AXIS NIFTY SMALLCAP 50 INDEX FUND,Castrol India Limited,Equity,INE172A01027,356561.0,686.5582,0.0125,2025-12-31
Axis Mutual Fund,AXISNS50,AXIS NIFTY SMALLCAP 50 INDEX FUND,PG Electroplast Limited,Equity,INE457L01029,117871.0,678.1119,0.0123,2025-12-31
Axis Mutual Fund,AXISNS50,AXIS NIFTY SMALLCAP 50 INDEX FUND,Aegis Logistics Limited,Equity,INE208C01025,92482.0,663.6508,0.0121,2025-12-31
Axis Mutual Fund,AXISNS50,AXIS NIFTY SMALLCAP 50 INDEX FUND,Aditya Birla Real Estate Limited,Equity,INE055A01016,38524.0,645.2,0.0117,2025-12-31
Axis Mutual Fund,AXISNS50,AXIS NIFTY SMALLCAP 50 INDEX FUND,Natco Pharma Limited,Equity,INE987B01026,65800.0,594.2069,0.0108,2025-12-31
Axis Mutual Fund,AXISNS50,AXIS NIFTY SMALLCAP 50 INDEX FUND,Zensar Technologies Limited,Equity,INE520A01027,84387.0,593.7891,0.0108,2025-12-31
Axis Mutual Fund,AXISNS50,AXIS NIFTY SMALLCAP 50 INDEX FUND,Aarti Industries Limited,Equity,INE769A01020,150570.0,562.9812,0.0102,2025-12-31
Axis Mutual Fund,AXISNTF,Axis Nifty500 Value 50 ETF,Tata Steel Limited,Equity,INE081A01020,54106.0,97.4341,0.0522,2025-12-31
Axis Mutual Fund,AXISNTF,Axis Nifty500 Value 50 ETF,Oil & Natural Gas Corporation Limited,Equity,INE213A01029,39021.0,93.7987,0.0503,2025-12-31
Axis Mutual Fund,AXISNTF,Axis Nifty500 Value 50 ETF,Tata Motors Passenger Vehicles Limited,Equity,INE155A01022,25471.0,93.5677,0.0501,2025-12-31
Axis Mutual Fund,AXISNTF,Axis Nifty500 Value 50 ETF,NTPC Limited,Equity,INE733E01010,28237.0,93.055,0.0499,2025-12-31
Axis Mutual Fund,AXISNTF,Axis Nifty500 Value 50 ETF,State Bank of India,Equity,INE062A01020,9472.0,93.034,0.0498,2025-12-31
Axis Mutual Fund,AXISNTF,Axis Nifty500 Value 50 ETF,Hindalco Industries Limited,Equity,INE038A01020,10483.0,92.9528,0.0498,2025-12-31
Axis Mutual Fund,AXISNTF,Axis Nifty500 Value 50 ETF,Vedanta Limited,Equity,INE205A01025,15229.0,92.0441,0.0493,2025-12-31
Axis Mutual Fund,AXISNTF,Axis Nifty500 Value 50 ETF,Grasim Industries Limited,Equity,INE047A01021,3248.0,91.8859,0.0492,2025-12-31
Axis Mutual Fund,AXISNTF,Axis Nifty500 Value 50 ETF,Power Grid Corporation of India Limited,Equity,INE752E01010,34469.0,91.205,0.0489,2025-12-31
Axis Mutual Fund,AXISNTF,Axis Nifty500 Value 50 ETF,Coal India Limited,Equity,INE522F01014,22656.0,90.3974,0.0484,2025-12-31
Axis Mutual Fund,AXISNTF,Axis Nifty500 Value 50 ETF,Bharat Petroleum Corporation Limited,Equity,INE029A01011,20891.0,80.2214,0.043,2025-12-31
Axis Mutual Fund,AXISNTF,Axis Nifty500 Value 50 ETF,Indian Oil Corporation Limited,Equity,INE242A01010,44114.0,73.4322,0.0393,2025-12-31
Axis Mutual Fund,AXISNTF,Axis Nifty500 Value 50 ETF,Hindustan Petroleum Corporation Limited,Equity,INE094A01015,11487.0,57.3259,0.0307,2025-12-31
Axis Mutual Fund,AXISNTF,Axis Nifty500 Value 50 ETF,Power Finance Corporation Limited,Equity,INE134E01011,14511.0,51.5721,0.0276,2025-12-31
Axis Mutual Fund,AXISNTF,Axis Nifty500 Value 50 ETF,Bank of Baroda,Equity,INE028A01039,13508.0,39.9702,0.0214,2025-12-31
Axis Mutual Fund,AXISNTF,Axis Nifty500 Value 50 ETF,GAIL (India) Limited,Equity,INE129A01019,21966.0,37.8167,0.0203,2025-12-31
Axis Mutual Fund,AXISNTF,Axis Nifty500 Value 50 ETF,REC Limited,Equity,INE020B01018,10276.0,36.6648,0.0196,2025-12-31
Axis Mutual Fund,AXISNTF,Axis Nifty500 Value 50 ETF,Canara Bank,Equity,INE476A01022,22684.0,35.1398,0.0188,2025-12-31
Axis Mutual Fund,AXISNTF,Axis Nifty500 Value 50 ETF,IndusInd Bank Limited,Equity,INE095A01012,3797.0,32.8137,0.0176,2025-12-31
Axis Mutual Fund,AXISNTF,Axis Nifty500 Value 50 ETF,UPL Limited,Equity,INE628A01036,4107.0,32.6568,0.0175,2025-12-31
Axis Mutual Fund,AXISNTF,Axis Nifty500 Value 50 ETF,Aster DM Healthcare Limited,Equity,INE914M01019,5145.0,31.7369,0.017,2025-12-31
Axis Mutual Fund,AXISNTF,Axis Nifty500 Value 50 ETF,NMDC Limited,Equity,INE584A01023,37218.0,30.9542,0.0166,2025-12-31
Axis Mutual Fund,AXISNTF,Axis Nifty500 Value 50 ETF,Redington Limited,Equity,INE891D01026,11217.0,30.5495,0.0164,2025-12-31
Axis Mutual Fund,AXISNTF,Axis Nifty500 Value 50 ETF,National Aluminium Company Limited,Equity,INE139A01034,9461.0,29.7359,0.0159,2025-12-31
Axis Mutual Fund,AXISNTF,Axis Nifty500 Value 50 ETF,Punjab National Bank,Equity,INE160A01022,23184.0,28.6508,0.0154,2025-12-31
Axis Mutual Fund,AXISNTF,Axis Nifty500 Value 50 ETF,Steel Authority of India Limited,Equity,INE114A01011,18677.0,27.4533,0.0147,2025-12-31
Axis Mutual Fund,AXISNTF,Axis Nifty500 Value 50 ETF,The Federal Bank Limited,Equity,INE171A01029,9477.0,25.3131,0.0136,2025-12-31
Axis Mutual Fund,AXISNTF,Axis Nifty500 Value 50 ETF,Union Bank of India,Equity,INE692A01016,14877.0,22.8749,0.0123,2025-12-31
Axis Mutual Fund,AXISNTF,Axis Nifty500 Value 50 ETF,Oil India Limited,Equity,INE274J01014,3969.0,16.8425,0.009,2025-12-31
Axis Mutual Fund,AXISNTF,Axis Nifty500 Value 50 ETF,Petronet LNG Limited,Equity,INE347G01014,5731.0,16.2818,0.0087,2025-12-31
Axis Mutual Fund,AXISNTF,Axis Nifty500 Value 50 ETF,The Great Eastern Shipping Company Limited,Equity,INE017A01032,1304.0,14.7222,0.0079,2025-12-31
Axis Mutual Fund,AXISNTF,Axis Nifty500 Value 50 ETF,Indian Bank,Equity,INE562A01011,1751.0,14.6602,0.0079,2025-12-31
Axis Mutual Fund,AXISNTF,Axis Nifty500 Value 50 ETF,Karur Vysya Bank Limited,Equity,INE036D01028,4955.0,13.0728,0.007,2025-12-31
Axis Mutual Fund,AXISNTF,Axis Nifty500 Value 50 ETF,Bank of India,Equity,INE084A01016,9002.0,12.9494,0.0069,2025-12-31
Axis Mutual Fund,AXISNTF,Axis Nifty500 Value 50 ETF,LIC Housing Finance Limited,Equity,INE115A01026,2156.0,11.6327,0.0062,2025-12-31
Axis Mutual Fund,AXISNTF,Axis Nifty500 Value 50 ETF,CESC Limited,Equity,INE486A01021,6587.0,11.0372,0.0059,2025-12-31
Axis Mutual Fund,AXISNTF,Axis Nifty500 Value 50 ETF,Reliance Power Limited,Equity,INE614G01033,31243.0,10.8882,0.0058,2025-12-31
Axis Mutual Fund,AXISNTF,Axis Nifty500 Value 50 ETF,Tata Chemicals Limited,Equity,INE092A01019,1395.0,10.6794,0.0057,2025-12-31
Axis Mutual Fund,AXISNTF,Axis Nifty500 Value 50 ETF,IRB Infrastructure Developers Limited,Equity,INE821I01022,25227.0,10.608,0.0057,2025-12-31
Axis Mutual Fund,AXISNTF,Axis Nifty500 Value 50 ETF,Zee Entertainment Enterprises Limited,Equity,INE256A01028,11064.0,9.9532,0.0053,2025-12-31
Axis Mutual Fund,AXISNTF,Axis Nifty500 Value 50 ETF,Cholamandalam Financial Holdings Limited,Equity,INE149A01033,535.0,9.699,0.0052,2025-12-31
Axis Mutual Fund,AXISNTF,Axis Nifty500 Value 50 ETF,RBL Bank Limited,Equity,INE976G01028,2864.0,9.0445,0.0048,2025-12-31
Axis Mutual Fund,AXISNTF,Axis Nifty500 Value 50 ETF,NCC Limited,Equity,INE868B01028,5391.0,8.6493,0.0046,2025-12-31
Axis Mutual Fund,AXISNTF,Axis Nifty500 Value 50 ETF,Bandhan Bank Limited,Equity,INE545U01014,5607.0,8.1761,0.0044,2025-12-31
Axis Mutual Fund,AXISNTF,Axis Nifty500 Value 50 ETF,Chambal Fertilizers & Chemicals Limited,Equity,INE085A01013,1532.0,7.3858,0.004,2025-12-31
Axis Mutual Fund,AXISNTF,Axis Nifty500 Value 50 ETF,Bank of Maharashtra,Equity,INE457A01014,11619.0,7.2096,0.0039,2025-12-31
Axis Mutual Fund,AXISNTF,Axis Nifty500 Value 50 ETF,Manappuram Finance Limited,Equity,INE522D01027,2170.0,6.6955,0.0036,2025-12-31
Axis Mutual Fund,AXISNTF,Axis Nifty500 Value 50 ETF,Sammaan Capital Limited,Equity,INE148I01020,4012.0,5.8431,0.0031,2025-12-31
Axis Mutual Fund,AXISNTF,Axis Nifty500 Value 50 ETF,Reliance Infrastructure Limited,Equity,INE036A01016,2951.0,4.8556,0.0026,2025-12-31
Axis Mutual Fund,AXISNTF,Axis Nifty500 Value 50 ETF,Mahanagar Gas Limited,Equity,INE002S01010,273.0,3.1016,0.0017,2025-12-31
Axis Mutual Fund,AXISONF,Axis Overnight Fund,182 Days Tbill (MD 15/01/2026),Other,IN002025Y164,15000000.0,14969.85,0.0147,2025-12-31
Axis Mutual Fund,AXISONF,Axis Overnight Fund,364 Days Tbill (MD 01/01/2026),Other,IN002024Z388,11500000.0,11500.0,0.0113,2025-12-31
Axis Mutual Fund,AXISONF,Axis Overnight Fund,182 Days Tbill (MD 08/01/2026),Other,IN002025Y156,10000000.0,9989.94,0.0098,2025-12-31
Axis Mutual Fund,AXISONF,Axis Overnight Fund,182 Days Tbill (MD 22/01/2026),Other,IN002025Y172,5000000.0,4984.945,0.0049,2025-12-31
Axis Mutual Fund,AXISONF,Axis Overnight Fund,91 Days Tbill (MD 23/01/2026),Other,IN002025X307,5000000.0,4984.08,0.0049,2025-12-31
Axis Mutual Fund,AXISONF,Axis Overnight Fund,182 Days Tbill (MD 29/01/2026),Other,IN002025Y180,5000000.0,4979.945,0.0049,2025-12-31
Axis Mutual Fund,AXISONF,Axis Overnight Fund,91 Days Tbill (MD 02/01/2026),Other,IN002025X273,2500000.0,2499.635,0.0025,2025-12-31
Axis Mutual Fund,AXISQIF,Axis Nifty500 Quality 50 Index Fund,Tata Consultancy Services Limited,Equity,INE467B01029,11199.0,359.0623,0.0489,2025-12-31
Axis Mutual Fund,AXISQIF,Axis Nifty500 Quality 50 Index Fund,Bharat Electronics Limited,Equity,INE263A01024,81970.0,327.5521,0.0446,2025-12-31
Axis Mutual Fund,AXISQIF,Axis Nifty500 Quality 50 Index Fund,Britannia Industries Limited,Equity,INE216A01030,5111.0,308.2444,0.042,2025-12-31
Axis Mutual Fund,AXISQIF,Axis Nifty500 Quality 50 Index Fund,BSE Limited,Equity,INE118H01025,10904.0,287.0151,0.0391,2025-12-31
Axis Mutual Fund,AXISQIF,Axis Nifty500 Quality 50 Index Fund,Colgate Palmolive (India) Limited,Equity,INE259A01022,12599.0,261.5174,0.0356,2025-12-31
Axis Mutual Fund,AXISQIF,Axis Nifty500 Quality 50 Index Fund,Coal India Limited,Equity,INE522F01014,65384.0,260.8822,0.0355,2025-12-31
Axis Mutual Fund,AXISQIF,Axis Nifty500 Quality 50 Index Fund,Suzlon Energy Limited,Equity,INE040H01021,491202.0,258.7161,0.0352,2025-12-31
Axis Mutual Fund,AXISQIF,Axis Nifty500 Quality 50 Index Fund,Bajaj Auto Limited,Equity,INE917I01010,2761.0,257.9602,0.0351,2025-12-31
Axis Mutual Fund,AXISQIF,Axis Nifty500 Quality 50 Index Fund,Dixon Technologies (India) Limited,Equity,INE935N01020,1976.0,239.1355,0.0326,2025-12-31
Axis Mutual Fund,AXISQIF,Axis Nifty500 Quality 50 Index Fund,HDFC Asset Management Company Limited,Equity,INE127D01025,8337.0,222.7813,0.0303,2025-12-31
Axis Mutual Fund,AXISQIF,Axis Nifty500 Quality 50 Index Fund,Persistent Systems Limited,Equity,INE262H01021,3205.0,201.0176,0.0274,2025-12-31
Axis Mutual Fund,AXISQIF,Axis Nifty500 Quality 50 Index Fund,Marico Limited,Equity,INE196A01026,26561.0,199.3669,0.0271,2025-12-31
Axis Mutual Fund,AXISQIF,Axis Nifty500 Quality 50 Index Fund,CG Power and Industrial Solutions Limited,Equity,INE067A01029,27585.0,178.7232,0.0243,2025-12-31
Axis Mutual Fund,AXISQIF,Axis Nifty500 Quality 50 Index Fund,LTIMindtree Limited,Equity,INE214T01019,2921.0,177.1148,0.0241,2025-12-31
Axis Mutual Fund,AXISQIF,Axis Nifty500 Quality 50 Index Fund,Page Industries Limited,Equity,INE761H01022,464.0,167.2488,0.0228,2025-12-31
Axis Mutual Fund,AXISQIF,Axis Nifty500 Quality 50 Index Fund,Computer Age Management Services Limited,Equity,INE596I01020,22130.0,163.9612,0.0223,2025-12-31
Axis Mutual Fund,AXISQIF,Axis Nifty500 Quality 50 Index Fund,GE Vernova T&D India Limited,Equity,INE200A01026,5195.0,162.7334,0.0222,2025-12-31
Axis Mutual Fund,AXISQIF,Axis Nifty500 Quality 50 Index Fund,Solar Industries India Limited,Equity,INE343H01029,1251.0,153.2725,0.0209,2025-12-31
Axis Mutual Fund,AXISQIF,Axis Nifty500 Quality 50 Index Fund,National Aluminium Company Limited,Equity,INE139A01034,47684.0,149.8708,0.0204,2025-12-31
Axis Mutual Fund,AXISQIF,Axis Nifty500 Quality 50 Index Fund,Central Depository Services (India) Limited,Equity,INE736A01011,10128.0,146.2078,0.0199,2025-12-31
Axis Mutual Fund,AXISQIF,Axis Nifty500 Quality 50 Index Fund,ABB India Limited,Equity,INE117A01022,2775.0,143.4675,0.0195,2025-12-31
Axis Mutual Fund,AXISQIF,Axis Nifty500 Quality 50 Index Fund,Anand Rathi Wealth Limited,Equity,INE463V01026,4584.0,142.6724,0.0194,2025-12-31
Axis Mutual Fund,AXISQIF,Axis Nifty500 Quality 50 Index Fund,Indian Railway Catering And Tourism Corporation Limited,Equity,INE335Y01020,20317.0,139.0902,0.0189,2025-12-31
Axis Mutual Fund,AXISQIF,Axis Nifty500 Quality 50 Index Fund,NMDC Limited,Equity,INE584A01023,158134.0,131.52,0.0179,2025-12-31
Axis Mutual Fund,AXISQIF,Axis Nifty500 Quality 50 Index Fund,GlaxoSmithKline Pharmaceuticals Limited,Equity,INE159A01016,4851.0,119.9943,0.0163,2025-12-31
Axis Mutual Fund,AXISQIF,Axis Nifty500 Quality 50 Index Fund,Mazagon Dock Shipbuilders Limited,Equity,INE249Z01020,4775.0,118.9071,0.0162,2025-12-31
Axis Mutual Fund,AXISQIF,Axis Nifty500 Quality 50 Index Fund,Oracle Financial Services Software Limited,Equity,INE881D01027,1520.0,116.8424,0.0159,2025-12-31
Axis Mutual Fund,AXISQIF,Axis Nifty500 Quality 50 Index Fund,Nippon Life India Asset Management Limited,Equity,INE298J01013,13255.0,116.5976,0.0159,2025-12-31
Axis Mutual Fund,AXISQIF,Axis Nifty500 Quality 50 Index Fund,Tata Elxsi Limited,Equity,INE670A01012,2187.0,114.6097,0.0156,2025-12-31
Axis Mutual Fund,AXISQIF,Axis Nifty500 Quality 50 Index Fund,KPIT Technologies Limited,Equity,INE04I401011,9736.0,114.1546,0.0155,2025-12-31
Axis Mutual Fund,AXISQIF,Axis Nifty500 Quality 50 Index Fund,Indian Energy Exchange Limited,Equity,INE022Q01020,84444.0,113.3407,0.0154,2025-12-31
Axis Mutual Fund,AXISQIF,Axis Nifty500 Quality 50 Index Fund,Motherson Sumi Wiring India Limited,Equity,INE0FS801015,221125.0,107.2899,0.0146,2025-12-31
Axis Mutual Fund,AXISQIF,Axis Nifty500 Quality 50 Index Fund,Castrol India Limited,Equity,INE172A01027,53436.0,102.891,0.014,2025-12-31
Axis Mutual Fund,AXISQIF,Axis Nifty500 Quality 50 Index Fund,Angel One Limited,Equity,INE732I01013,4207.0,98.6121,0.0134,2025-12-31
Axis Mutual Fund,AXISQIF,Axis Nifty500 Quality 50 Index Fund,Emami Limited,Equity,INE548C01032,18142.0,95.8986,0.0131,2025-12-31
Axis Mutual Fund,AXISQIF,Axis Nifty500 Quality 50 Index Fund,Force Motors Limited,Equity,INE451A01017,452.0,92.9583,0.0127,2025-12-31
Axis Mutual Fund,AXISQIF,Axis Nifty500 Quality 50 Index Fund,Motilal Oswal Financial Services Limited,Equity,INE338I01027,10663.0,91.2486,0.0124,2025-12-31
Axis Mutual Fund,AXISQIF,Axis Nifty500 Quality 50 Index Fund,Gillette India Limited,Equity,INE322A01010,1039.0,86.8864,0.0118,2025-12-31
Axis Mutual Fund,AXISQIF,Axis Nifty500 Quality 50 Index Fund,L&T Technology Services Limited,Equity,INE010V01017,1866.0,83.2647,0.0113,2025-12-31
Axis Mutual Fund,AXISQIF,Axis Nifty500 Quality 50 Index Fund,eClerx Services Limited,Equity,INE738I01010,1631.0,76.5803,0.0104,2025-12-31
Axis Mutual Fund,AXISQIF,Axis Nifty500 Quality 50 Index Fund,Triveni Turbine Limited,Equity,INE152M01016,13761.0,74.0686,0.0101,2025-12-31
Axis Mutual Fund,AXISQIF,Axis Nifty500 Quality 50 Index Fund,Natco Pharma Limited,Equity,INE987B01026,8185.0,73.9146,0.0101,2025-12-31
Axis Mutual Fund,AXISQIF,Axis Nifty500 Quality 50 Index Fund,Indiamart Intermesh Limited,Equity,INE933S01016,3309.0,73.5756,0.01,2025-12-31
Axis Mutual Fund,AXISQIF,Axis Nifty500 Quality 50 Index Fund,Garden Reach Shipbuilders & Engineers Limited,Equity,INE382Z01011,2847.0,69.5835,0.0095,2025-12-31
Axis Mutual Fund,AXISQIF,Axis Nifty500 Quality 50 Index Fund,AstraZeneca Pharma India Limited,Equity,INE203A01020,711.0,64.1962,0.0087,2025-12-31
Axis Mutual Fund,AXISQIF,Axis Nifty500 Quality 50 Index Fund,Aditya Birla Sun Life AMC Limited,Equity,INE404A01024,7964.0,64.1301,0.0087,2025-12-31
Axis Mutual Fund,AXISQIF,Axis Nifty500 Quality 50 Index Fund,Sonata Software Limited,Equity,INE269A01021,17724.0,63.7798,0.0087,2025-12-31
Axis Mutual Fund,AXISQIF,Axis Nifty500 Quality 50 Index Fund,Zen Technologies Limited,Equity,INE251B01027,4490.0,61.4412,0.0084,2025-12-31
Axis Mutual Fund,AXISQIF,Axis Nifty500 Quality 50 Index Fund,Action Construction Equipment Limited,Equity,INE731H01025,5736.0,54.2998,0.0074,2025-12-31
Axis Mutual Fund,AXISQIF,Axis Nifty500 Quality 50 Index Fund,BLS International Services Limited,Equity,INE153T01027,16868.0,54.1631,0.0074,2025-12-31
Axis Mutual Fund,AXISQUA,Axis Quant Fund,HDFC Bank Limited,Other,INE040A01034,879632.0,8718.9124,0.0954,2025-12-31
Axis Mutual Fund,AXISQUA,Axis Quant Fund,Bharti Airtel Limited,Other,INE397D01024,303764.0,6396.0548,0.0699,2025-12-31
Axis Mutual Fund,AXISQUA,Axis Quant Fund,State Bank of India,Other,INE062A01020,485392.0,4767.5202,0.0521,2025-12-31
Axis Mutual Fund,AXISQUA,Axis Quant Fund,Maruti Suzuki India Limited,Other,INE585B01010,23760.0,3967.2072,0.0434,2025-12-31
Axis Mutual Fund,AXISQUA,Axis Quant Fund,Bharat Petroleum Corporation Limited,Other,INE029A01011,936299.0,3595.3882,0.0393,2025-12-31
Axis Mutual Fund,AXISQUA,Axis Quant Fund,Eicher Motors Limited,Other,INE066A01021,44229.0,3234.2456,0.0354,2025-12-31
Axis Mutual Fund,AXISQUA,Axis Quant Fund,Muthoot Finance Limited,Other,INE414G01012,83954.0,3200.0746,0.035,2025-12-31
Axis Mutual Fund,AXISQUA,Axis Quant Fund,TVS Motor Company Limited,Other,INE494B01023,85078.0,3164.7314,0.0346,2025-12-31
Axis Mutual Fund,AXISQUA,Axis Quant Fund,Hero MotoCorp Limited,Other,INE158A01026,54099.0,3122.0533,0.0341,2025-12-31
Axis Mutual Fund,AXISQUA,Axis Quant Fund,Indian Bank,Other,INE562A01011,362503.0,3035.0564,0.0332,2025-12-31
Axis Mutual Fund,AXISQUA,Axis Quant Fund,Aditya Birla Capital Limited,Other,INE674K01013,832605.0,2978.2281,0.0326,2025-12-31
Axis Mutual Fund,AXISQUA,Axis Quant Fund,Britannia Industries Limited,Other,INE216A01030,49239.0,2969.6041,0.0325,2025-12-31
Axis Mutual Fund,AXISQUA,Axis Quant Fund,Canara Bank,Other,INE476A01022,1872834.0,2901.2071,0.0317,2025-12-31
Axis Mutual Fund,AXISQUA,Axis Quant Fund,Bank of Baroda,Other,INE028A01039,960301.0,2841.5307,0.0311,2025-12-31
Axis Mutual Fund,AXISQUA,Axis Quant Fund,Hindustan Petroleum Corporation Limited,Other,INE094A01015,559056.0,2789.969,0.0305,2025-12-31
Axis Mutual Fund,AXISQUA,Axis Quant Fund,HDFC Asset Management Company Limited,Other,INE127D01025,100632.0,2689.0883,0.0294,2025-12-31
Axis Mutual Fund,AXISQUA,Axis Quant Fund,Torrent Pharmaceuticals Limited,Other,INE685A01028,69486.0,2675.211,0.0293,2025-12-31
Axis Mutual Fund,AXISQUA,Axis Quant Fund,Indian Oil Corporation Limited,Other,INE242A01010,1603278.0,2668.8166,0.0292,2025-12-31
Axis Mutual Fund,AXISQUA,Axis Quant Fund,Cummins India Limited,Other,INE298A01020,58788.0,2606.8951,0.0285,2025-12-31
Axis Mutual Fund,AXISQUA,Axis Quant Fund,Infosys Limited,Other,INE009A01021,148129.0,2392.8759,0.0262,2025-12-31
Axis Mutual Fund,AXISQUA,Axis Quant Fund,Marico Limited,Other,INE196A01026,297441.0,2232.5921,0.0244,2025-12-31
Axis Mutual Fund,AXISQUA,Axis Quant Fund,Mahindra & Mahindra Limited,Other,INE101A01026,56996.0,2114.0956,0.0231,2025-12-31
Axis Mutual Fund,AXISQUA,Axis Quant Fund,Alkem Laboratories Limited,Other,INE540L01014,35269.0,1942.0875,0.0212,2025-12-31
Axis Mutual Fund,AXISQUA,Axis Quant Fund,GE Vernova T&D India Limited,Other,INE200A01026,59663.0,1868.9435,0.0204,2025-12-31
Axis Mutual Fund,AXISQUA,Axis Quant Fund,Shree Cement Limited,Other,INE070A01015,6396.0,1699.737,0.0186,2025-12-31
Axis Mutual Fund,AXISQUA,Axis Quant Fund,Reliance Industries Limited,Other,INE002A01018,74454.0,1169.2256,0.0128,2025-12-31
Axis Mutual Fund,AXISQUA,Axis Quant Fund,City Union Bank Limited,Other,INE491A01021,349353.0,1015.9185,0.0111,2025-12-31
Axis Mutual Fund,AXISQUA,Axis Quant Fund,SRF Limited,Other,INE647A01010,31935.0,982.0013,0.0107,2025-12-31
Axis Mutual Fund,AXISQUA,Axis Quant Fund,HCL Technologies Limited,Other,INE860A01027,54654.0,887.1984,0.0097,2025-12-31
Axis Mutual Fund,AXISQUA,Axis Quant Fund,Apollo Hospitals Enterprise Limited,Other,INE437A01024,12585.0,886.2986,0.0097,2025-12-31
Axis Mutual Fund,AXISQUA,Axis Quant Fund,ICICI Bank Limited,Other,INE090A01021,63438.0,851.9089,0.0093,2025-12-31
Axis Mutual Fund,AXISQUA,Axis Quant Fund,Hindalco Industries Limited,Other,INE038A01020,91096.0,807.7482,0.0088,2025-12-31
Axis Mutual Fund,AXISQUA,Axis Quant Fund,Bosch Limited,Other,INE323A01026,2171.0,782.4284,0.0086,2025-12-31
Axis Mutual Fund,AXISQUA,Axis Quant Fund,Bharat Electronics Limited,Other,INE263A01024,167223.0,668.2231,0.0073,2025-12-31
Axis Mutual Fund,AXISQUA,Axis Quant Fund,Embassy Office Parks REIT,Other,INE041025011,148318.0,645.6579,0.0071,2025-12-31
Axis Mutual Fund,AXISQUA,Axis Quant Fund,Tata Consumer Products Limited,Other,INE192A01025,47255.0,563.2796,0.0062,2025-12-31
Axis Mutual Fund,AXISQUA,Axis Quant Fund,Bajaj Finance Limited,Other,INE296A01032,53157.0,524.5533,0.0057,2025-12-31
Axis Mutual Fund,AXISQUA,Axis Quant Fund,Rategain Travel Technologies Limited,Other,INE0CLI01024,468.0,3.2372,$0.00%,2025-12-31
Axis Mutual Fund,AXISQUA,Axis Quant Fund,6% TVS Motor Co Non Conv Rede Pref Shares 01SEP26 **,Other,INE494B04019,243784.0,24.8318,0.0003,2025-12-31
Axis Mutual Fund,AXISRAP,Axis Retirement Fund - Aggressive Plan,HDFC Bank Limited,Other,INE040A01034,465080.0,4609.873,0.061,2025-12-31
Axis Mutual Fund,AXISRAP,Axis Retirement Fund - Aggressive Plan,Reliance Industries Limited,Other,INE002A01018,289513.0,4546.5122,0.0601,2025-12-31
Axis Mutual Fund,AXISRAP,Axis Retirement Fund - Aggressive Plan,ICICI Bank Limited,Other,INE090A01021,258954.0,3477.4933,0.046,2025-12-31
Axis Mutual Fund,AXISRAP,Axis Retirement Fund - Aggressive Plan,Infosys Limited,Other,INE009A01021,189223.0,3056.7083,0.0404,2025-12-31
Axis Mutual Fund,AXISRAP,Axis Retirement Fund - Aggressive Plan,State Bank of India,Other,INE062A01020,226249.0,2222.2177,0.0294,2025-12-31
Axis Mutual Fund,AXISRAP,Axis Retirement Fund - Aggressive Plan,Larsen & Toubro Limited,Other,INE018A01030,54024.0,2206.07,0.0292,2025-12-31
Axis Mutual Fund,AXISRAP,Axis Retirement Fund - Aggressive Plan,Bharti Airtel Limited,Other,INE397D01024,103528.0,2179.8856,0.0288,2025-12-31
Axis Mutual Fund,AXISRAP,Axis Retirement Fund - Aggressive Plan,Mahindra & Mahindra Limited,Other,INE101A01026,51675.0,1916.7291,0.0254,2025-12-31
Axis Mutual Fund,AXISRAP,Axis Retirement Fund - Aggressive Plan,Divi's Laboratories Limited,Other,INE361B01024,24573.0,1570.829,0.0208,2025-12-31
Axis Mutual Fund,AXISRAP,Axis Retirement Fund - Aggressive Plan,Bajaj Finance Limited,Other,INE296A01032,149280.0,1473.095,0.0195,2025-12-31
Axis Mutual Fund,AXISRAP,Axis Retirement Fund - Aggressive Plan,Pidilite Industries Limited,Other,INE318A01026,93072.0,1379.6993,0.0183,2025-12-31
Axis Mutual Fund,AXISRAP,Axis Retirement Fund - Aggressive Plan,Solar Industries India Limited,Other,INE343H01029,10025.0,1228.263,0.0162,2025-12-31
Axis Mutual Fund,AXISRAP,Axis Retirement Fund - Aggressive Plan,NTPC Limited,Other,INE733E01010,291435.0,960.424,0.0127,2025-12-31
Axis Mutual Fund,AXISRAP,Axis Retirement Fund - Aggressive Plan,Fortis Healthcare Limited,Other,INE061F01013,99353.0,878.2805,0.0116,2025-12-31
Axis Mutual Fund,AXISRAP,Axis Retirement Fund - Aggressive Plan,Kotak Mahindra Bank Limited,Other,INE237A01028,39900.0,878.2389,0.0116,2025-12-31
Axis Mutual Fund,AXISRAP,Axis Retirement Fund - Aggressive Plan,Tata Consultancy Services Limited,Other,INE467B01029,25235.0,809.0846,0.0107,2025-12-31
Axis Mutual Fund,AXISRAP,Axis Retirement Fund - Aggressive Plan,Cipla Limited,Other,INE059A01026,51880.0,784.0624,0.0104,2025-12-31
Axis Mutual Fund,AXISRAP,Axis Retirement Fund - Aggressive Plan,Minda Corporation Limited,Other,INE842C01021,133409.0,765.9011,0.0101,2025-12-31
Axis Mutual Fund,AXISRAP,Axis Retirement Fund - Aggressive Plan,HDFC Life Insurance Company Limited,Other,INE795G01014,98241.0,736.6601,0.0097,2025-12-31
Axis Mutual Fund,AXISRAP,Axis Retirement Fund - Aggressive Plan,PNB Housing Finance Limited,Other,INE572E01012,77061.0,733.2354,0.0097,2025-12-31
Axis Mutual Fund,AXISRAP,Axis Retirement Fund - Aggressive Plan,Titan Company Limited,Other,INE280A01028,17304.0,701.0716,0.0093,2025-12-31
Axis Mutual Fund,AXISRAP,Axis Retirement Fund - Aggressive Plan,Shriram Finance Limited,Other,INE721A01047,70351.0,700.8367,0.0093,2025-12-31
Axis Mutual Fund,AXISRAP,Axis Retirement Fund - Aggressive Plan,Sun Pharmaceutical Industries Limited,Other,INE044A01036,40337.0,693.6754,0.0092,2025-12-31
Axis Mutual Fund,AXISRAP,Axis Retirement Fund - Aggressive Plan,Apollo Hospitals Enterprise Limited,Other,INE437A01024,9227.0,649.8115,0.0086,2025-12-31
Axis Mutual Fund,AXISRAP,Axis Retirement Fund - Aggressive Plan,Eternal Limited,Other,INE758T01015,231343.0,643.2492,0.0085,2025-12-31
Axis Mutual Fund,AXISRAP,Axis Retirement Fund - Aggressive Plan,The Phoenix Mills Limited,Other,INE211B01039,34000.0,630.19,0.0083,2025-12-31
Axis Mutual Fund,AXISRAP,Axis Retirement Fund - Aggressive Plan,Torrent Power Limited,Other,INE813H01021,46217.0,603.9175,0.008,2025-12-31
Axis Mutual Fund,AXISRAP,Axis Retirement Fund - Aggressive Plan,eClerx Services Limited,Other,INE738I01010,12859.0,603.7686,0.008,2025-12-31
Axis Mutual Fund,AXISRAP,Axis Retirement Fund - Aggressive Plan,Bharat Electronics Limited,Other,INE263A01024,148579.0,593.7217,0.0079,2025-12-31
Axis Mutual Fund,AXISRAP,Axis Retirement Fund - Aggressive Plan,Sundaram Finance Limited,Other,INE660A01013,11144.0,588.7152,0.0078,2025-12-31
Axis Mutual Fund,AXISRAP,Axis Retirement Fund - Aggressive Plan,Varun Beverages Limited,Other,INE200M01039,119741.0,586.5513,0.0078,2025-12-31
Axis Mutual Fund,AXISRAP,Axis Retirement Fund - Aggressive Plan,Mankind Pharma Limited,Other,INE634S01028,26673.0,585.8724,0.0078,2025-12-31
Axis Mutual Fund,AXISRAP,Axis Retirement Fund - Aggressive Plan,Samvardhana Motherson International Limited,Other,INE775A01035,482786.0,579.0535,0.0077,2025-12-31
Axis Mutual Fund,AXISRAP,Axis Retirement Fund - Aggressive Plan,Doms Industries Limited,Other,INE321T01012,21179.0,553.9156,0.0073,2025-12-31
Axis Mutual Fund,AXISRAP,Axis Retirement Fund - Aggressive Plan,PI Industries Limited,Other,INE603J01030,17003.0,550.5911,0.0073,2025-12-31
Axis Mutual Fund,AXISRAP,Axis Retirement Fund - Aggressive Plan,GE Vernova T&D India Limited,Other,INE200A01026,17450.0,546.6213,0.0072,2025-12-31
Axis Mutual Fund,AXISRAP,Axis Retirement Fund - Aggressive Plan,Jyoti CNC Automation Ltd,Other,INE980O01024,54779.0,541.9286,0.0072,2025-12-31
Axis Mutual Fund,AXISRAP,Axis Retirement Fund - Aggressive Plan,United Spirits Limited,Other,INE854D01024,36658.0,529.2315,0.007,2025-12-31
Axis Mutual Fund,AXISRAP,Axis Retirement Fund - Aggressive Plan,Tech Mahindra Limited,Other,INE669C01036,32667.0,519.6993,0.0069,2025-12-31
Axis Mutual Fund,AXISRAP,Axis Retirement Fund - Aggressive Plan,Premier Energies Limited,Other,INE0BS701011,60186.0,506.8564,0.0067,2025-12-31
Axis Mutual Fund,AXISRAP,Axis Retirement Fund - Aggressive Plan,Britannia Industries Limited,Other,INE216A01030,8351.0,503.6488,0.0067,2025-12-31
Axis Mutual Fund,AXISRAP,Axis Retirement Fund - Aggressive Plan,Linde India Limited,Other,INE473A01011,8314.0,495.1403,0.0066,2025-12-31
Axis Mutual Fund,AXISRAP,Axis Retirement Fund - Aggressive Plan,CG Power and Industrial Solutions Limited,Other,INE067A01029,74166.0,480.5215,0.0064,2025-12-31
Axis Mutual Fund,AXISRAP,Axis Retirement Fund - Aggressive Plan,Awfis Space Solutions Limited,Other,INE108V01019,95614.0,471.1858,0.0062,2025-12-31
Axis Mutual Fund,AXISRAP,Axis Retirement Fund - Aggressive Plan,Tata Power Company Limited,Other,INE245A01021,123546.0,468.9806,0.0062,2025-12-31
Axis Mutual Fund,AXISRAP,Axis Retirement Fund - Aggressive Plan,Arvind Fashions Limited,Other,INE955V01021,93877.0,468.587,0.0062,2025-12-31
Axis Mutual Fund,AXISRAP,Axis Retirement Fund - Aggressive Plan,Bharat Petroleum Corporation Limited,Other,INE029A01011,120567.0,462.9773,0.0061,2025-12-31
Axis Mutual Fund,AXISRAP,Axis Retirement Fund - Aggressive Plan,Tata Motors Ltd,Other,INE1TAE01010,111150.0,461.8283,0.0061,2025-12-31
Axis Mutual Fund,AXISRAP,Axis Retirement Fund - Aggressive Plan,Tata Steel Limited,Other,INE081A01020,253427.0,456.3713,0.006,2025-12-31
Axis Mutual Fund,AXISRAP,Axis Retirement Fund - Aggressive Plan,PG Electroplast Limited,Other,INE457L01029,71153.0,409.3432,0.0054,2025-12-31
Axis Mutual Fund,AXISRAP,Axis Retirement Fund - Aggressive Plan,Avenue Supermarts Limited,Other,INE192R01011,10424.0,394.2565,0.0052,2025-12-31
Axis Mutual Fund,AXISRAP,Axis Retirement Fund - Aggressive Plan,Hindustan Aeronautics Limited,Other,INE066F01020,8823.0,387.215,0.0051,2025-12-31
Axis Mutual Fund,AXISRAP,Axis Retirement Fund - Aggressive Plan,Dixon Technologies (India) Limited,Other,INE935N01020,3187.0,385.6907,0.0051,2025-12-31
Axis Mutual Fund,AXISRAP,Axis Retirement Fund - Aggressive Plan,Indus Infra Trust,Other,INE0NHL23019,330025.0,385.3372,0.0051,2025-12-31
Axis Mutual Fund,AXISRAP,Axis Retirement Fund - Aggressive Plan,Brigade Enterprises Limited,Other,INE791I01019,41892.0,370.7442,0.0049,2025-12-31
Axis Mutual Fund,AXISRAP,Axis Retirement Fund - Aggressive Plan,InterGlobe Aviation Limited,Other,INE646L01027,7249.0,366.7632,0.0049,2025-12-31
Axis Mutual Fund,AXISRAP,Axis Retirement Fund - Aggressive Plan,Hindalco Industries Limited,Other,INE038A01020,40295.0,357.2958,0.0047,2025-12-31
Axis Mutual Fund,AXISRAP,Axis Retirement Fund - Aggressive Plan,Cholamandalam Investment and Finance Company Ltd,Other,INE121A01024,20185.0,343.5891,0.0045,2025-12-31
Axis Mutual Fund,AXISRAP,Axis Retirement Fund - Aggressive Plan,Hindustan Unilever Limited,Other,INE030A01027,14493.0,335.6434,0.0044,2025-12-31
Axis Mutual Fund,AXISRAP,Axis Retirement Fund - Aggressive Plan,REC Limited,Other,INE020B01018,91798.0,327.5353,0.0043,2025-12-31
Axis Mutual Fund,AXISRAP,Axis Retirement Fund - Aggressive Plan,Bank of Baroda,Other,INE028A01039,99348.0,293.9707,0.0039,2025-12-31
Axis Mutual Fund,AXISRAP,Axis Retirement Fund - Aggressive Plan,Kaynes Technology India Limited,Other,INE918Z01012,7152.0,287.0098,0.0038,2025-12-31
Axis Mutual Fund,AXISRAP,Axis Retirement Fund - Aggressive Plan,TVS Motor Company Limited,Other,INE494B01023,7460.0,277.4971,0.0037,2025-12-31
Axis Mutual Fund,AXISRAP,Axis Retirement Fund - Aggressive Plan,Hyundai Motor India Ltd,Other,INE0V6F01027,11383.0,261.5813,0.0035,2025-12-31
Axis Mutual Fund,AXISRAP,Axis Retirement Fund - Aggressive Plan,Mphasis Limited,Other,INE356A01018,8655.0,241.5784,0.0032,2025-12-31
Axis Mutual Fund,AXISRAP,Axis Retirement Fund - Aggressive Plan,Coforge Limited,Other,INE591G01025,14379.0,239.1228,0.0032,2025-12-31
Axis Mutual Fund,AXISRAP,Axis Retirement Fund - Aggressive Plan,ITC Limited,Other,INE154A01025,56004.0,225.6961,0.003,2025-12-31
Axis Mutual Fund,AXISRAP,Axis Retirement Fund - Aggressive Plan,Cohance Lifesciences Limited,Other,INE03QK01018,41134.0,217.4343,0.0029,2025-12-31
Axis Mutual Fund,AXISRAP,Axis Retirement Fund - Aggressive Plan,Sona BLW Precision Forgings Limited,Other,INE073K01018,44160.0,211.703,0.0028,2025-12-31
Axis Mutual Fund,AXISRAP,Axis Retirement Fund - Aggressive Plan,Schaeffler India Limited,Other,INE513A01022,4870.0,188.9073,0.0025,2025-12-31
Axis Mutual Fund,AXISRAP,Axis Retirement Fund - Aggressive Plan,Zydus Lifesciences Limited,Other,INE010B01027,17624.0,161.145,0.0021,2025-12-31
Axis Mutual Fund,AXISRAP,Axis Retirement Fund - Aggressive Plan,The Federal Bank Limited,Other,INE171A01029,34290.0,91.5886,0.0012,2025-12-31
Axis Mutual Fund,AXISRAP,Axis Retirement Fund - Aggressive Plan,Titagarh Rail Systems Limited,Other,INE615H01020,9587.0,85.5112,0.0011,2025-12-31
Axis Mutual Fund,AXISRAP,Axis Retirement Fund - Aggressive Plan,RHI Magnesita India Limited,Other,INE743M01012,17986.0,82.5647,0.0011,2025-12-31
Axis Mutual Fund,AXISRAP,Axis Retirement Fund - Aggressive Plan,Coal India Limited,Other,INE522F01014,10954.0,43.7065,0.0006,2025-12-31
Axis Mutual Fund,AXISRAP,Axis Retirement Fund - Aggressive Plan,Oil & Natural Gas Corporation Limited,Other,INE213A01029,17297.0,41.5785,0.0006,2025-12-31
Axis Mutual Fund,AXISRAP,Axis Retirement Fund - Aggressive Plan,Nestle India Limited,Other,INE239A01024,3112.0,40.0826,0.0005,2025-12-31
Axis Mutual Fund,AXISRAP,Axis Retirement Fund - Aggressive Plan,Union Bank of India,Other,INE692A01016,24923.0,38.3216,0.0005,2025-12-31
Axis Mutual Fund,AXISRAP,Axis Retirement Fund - Aggressive Plan,Power Grid Corporation of India Limited,Other,INE752E01010,13915.0,36.8191,0.0005,2025-12-31
Axis Mutual Fund,AXISRAP,Axis Retirement Fund - Aggressive Plan,Kwality Walls (India) Limited,Other,INE2KCE01013,14493.0,5.8262,0.0001,2025-12-31
Axis Mutual Fund,AXISRAP,Axis Retirement Fund - Aggressive Plan,7.1% Government of India (08/04/2034),Other,IN0020240019,4250000.0,4371.618,0.0578,2025-12-31
Axis Mutual Fund,AXISRAP,Axis Retirement Fund - Aggressive Plan,6.79% Government of India (07/10/2034),Other,IN0020240126,3500000.0,3531.3705,0.0467,2025-12-31
Axis Mutual Fund,AXISRAP,Axis Retirement Fund - Aggressive Plan,7.25% Government of India (12/06/2063),Other,IN0020230044,2491800.0,2460.2438,0.0325,2025-12-31
Axis Mutual Fund,AXISRAP,Axis Retirement Fund - Aggressive Plan,7.18% Government of India (24/07/2037),Other,IN0020230077,2000000.0,2049.802,0.0271,2025-12-31
Axis Mutual Fund,AXISRAP,Axis Retirement Fund - Aggressive Plan,7.57% Government of India (17/06/2033),Other,IN0020190065,900000.0,947.6442,0.0125,2025-12-31
Axis Mutual Fund,AXISRAP,Axis Retirement Fund - Aggressive Plan,9.02% Muthoot Finance Limited (14/07/2027) **,Other,INE414G07JF9,500.0,509.2765,0.0067,2025-12-31
Axis Mutual Fund,AXISRAP,Axis Retirement Fund - Aggressive Plan,6% TVS Motor Co Non Conv Rede Pref Shares 01SEP26 **,Other,INE494B04019,29840.0,3.0395,$0.00%,2025-12-31
Axis Mutual Fund,AXISRCP,Axis Retirement Fund - Conservative Plan,Reliance Industries Limited,Other,INE002A01018,16918.0,265.6803,0.0499,2025-12-31
Axis Mutual Fund,AXISRCP,Axis Retirement Fund - Conservative Plan,State Bank of India,Other,INE062A01020,18381.0,180.5382,0.0339,2025-12-31
Axis Mutual Fund,AXISRCP,Axis Retirement Fund - Conservative Plan,Infosys Limited,Other,INE009A01021,9565.0,154.513,0.029,2025-12-31
Axis Mutual Fund,AXISRCP,Axis Retirement Fund - Conservative Plan,Bharti Airtel Limited,Other,INE397D01024,5836.0,122.8828,0.0231,2025-12-31
Axis Mutual Fund,AXISRCP,Axis Retirement Fund - Conservative Plan,HDFC Bank Limited,Other,INE040A01034,12296.0,121.878,0.0229,2025-12-31
Axis Mutual Fund,AXISRCP,Axis Retirement Fund - Conservative Plan,Apollo Hospitals Enterprise Limited,Other,INE437A01024,1434.0,100.9895,0.019,2025-12-31
Axis Mutual Fund,AXISRCP,Axis Retirement Fund - Conservative Plan,ITC Limited,Other,INE154A01025,22681.0,91.4044,0.0172,2025-12-31
Axis Mutual Fund,AXISRCP,Axis Retirement Fund - Conservative Plan,Larsen & Toubro Limited,Other,INE018A01030,2193.0,89.5512,0.0168,2025-12-31
Axis Mutual Fund,AXISRCP,Axis Retirement Fund - Conservative Plan,Life Insurance Corporation Of India,Other,INE0J1Y01017,9861.0,84.3017,0.0158,2025-12-31
Axis Mutual Fund,AXISRCP,Axis Retirement Fund - Conservative Plan,HCL Technologies Limited,Other,INE860A01027,4986.0,80.9377,0.0152,2025-12-31
Axis Mutual Fund,AXISRCP,Axis Retirement Fund - Conservative Plan,ICICI Bank Limited,Other,INE090A01021,5993.0,80.48,0.0151,2025-12-31
Axis Mutual Fund,AXISRCP,Axis Retirement Fund - Conservative Plan,Indus Infra Trust,Other,INE0NHL23019,66005.0,77.0674,0.0145,2025-12-31
Axis Mutual Fund,AXISRCP,Axis Retirement Fund - Conservative Plan,Mahindra & Mahindra Limited,Other,INE101A01026,2003.0,74.2953,0.014,2025-12-31
Axis Mutual Fund,AXISRCP,Axis Retirement Fund - Conservative Plan,Hero MotoCorp Limited,Other,INE158A01026,1283.0,74.0419,0.0139,2025-12-31
Axis Mutual Fund,AXISRCP,Axis Retirement Fund - Conservative Plan,Bank of Baroda,Other,INE028A01039,19107.0,56.5376,0.0106,2025-12-31
Axis Mutual Fund,AXISRCP,Axis Retirement Fund - Conservative Plan,NTPC Limited,Other,INE733E01010,14662.0,48.3186,0.0091,2025-12-31
Axis Mutual Fund,AXISRCP,Axis Retirement Fund - Conservative Plan,Varun Beverages Limited,Other,INE200M01039,9750.0,47.7604,0.009,2025-12-31
Axis Mutual Fund,AXISRCP,Axis Retirement Fund - Conservative Plan,Sun Pharmaceutical Industries Limited,Other,INE044A01036,2606.0,44.8154,0.0084,2025-12-31
Axis Mutual Fund,AXISRCP,Axis Retirement Fund - Conservative Plan,Kotak Mahindra Bank Limited,Other,INE237A01028,1995.0,43.9119,0.0083,2025-12-31
Axis Mutual Fund,AXISRCP,Axis Retirement Fund - Conservative Plan,JB Chemicals & Pharmaceuticals Limited,Other,INE572A01036,2375.0,43.2179,0.0081,2025-12-31
Axis Mutual Fund,AXISRCP,Axis Retirement Fund - Conservative Plan,Cipla Limited,Other,INE059A01026,2837.0,42.8756,0.0081,2025-12-31
Axis Mutual Fund,AXISRCP,Axis Retirement Fund - Conservative Plan,Mankind Pharma Limited,Other,INE634S01028,1688.0,37.0769,0.007,2025-12-31
Axis Mutual Fund,AXISRCP,Axis Retirement Fund - Conservative Plan,Britannia Industries Limited,Other,INE216A01030,608.0,36.6685,0.0069,2025-12-31
Axis Mutual Fund,AXISRCP,Axis Retirement Fund - Conservative Plan,Tech Mahindra Limited,Other,INE669C01036,2177.0,34.6339,0.0065,2025-12-31
Axis Mutual Fund,AXISRCP,Axis Retirement Fund - Conservative Plan,HDFC Life Insurance Company Limited,Other,INE795G01014,4174.0,31.2987,0.0059,2025-12-31
Axis Mutual Fund,AXISRCP,Axis Retirement Fund - Conservative Plan,Tata Consultancy Services Limited,Other,INE467B01029,958.0,30.7154,0.0058,2025-12-31
Axis Mutual Fund,AXISRCP,Axis Retirement Fund - Conservative Plan,Bharat Petroleum Corporation Limited,Other,INE029A01011,6755.0,25.9392,0.0049,2025-12-31
Axis Mutual Fund,AXISRCP,Axis Retirement Fund - Conservative Plan,Sundaram Finance Limited,Other,INE660A01013,388.0,20.4973,0.0039,2025-12-31
Axis Mutual Fund,AXISRCP,Axis Retirement Fund - Conservative Plan,Hindustan Unilever Limited,Other,INE030A01027,485.0,11.2321,0.0021,2025-12-31
Axis Mutual Fund,AXISRCP,Axis Retirement Fund - Conservative Plan,Bajaj Finance Limited,Other,INE296A01032,894.0,8.822,0.0017,2025-12-31
Axis Mutual Fund,AXISRCP,Axis Retirement Fund - Conservative Plan,ITC Hotels Limited,Other,INE379A01028,2268.0,4.4777,0.0008,2025-12-31
Axis Mutual Fund,AXISRCP,Axis Retirement Fund - Conservative Plan,Nestle India Limited,Other,INE239A01024,232.0,2.9882,0.0006,2025-12-31
Axis Mutual Fund,AXISRCP,Axis Retirement Fund - Conservative Plan,Kwality Walls (India) Limited,Other,INE2KCE01013,485.0,0.195,$0.00%,2025-12-31
Axis Mutual Fund,AXISRCP,Axis Retirement Fund - Conservative Plan,7.18% Government of India (24/07/2037),Other,IN0020230077,1600000.0,1639.8416,0.3081,2025-12-31
Axis Mutual Fund,AXISRCP,Axis Retirement Fund - Conservative Plan,7.34% Government of India (22/04/2064),Other,IN0020240035,800000.0,797.5936,0.1499,2025-12-31
Axis Mutual Fund,AXISRCP,Axis Retirement Fund - Conservative Plan,7.1% Government of India (08/04/2034),Other,IN0020240019,500000.0,514.308,0.0966,2025-12-31
Axis Mutual Fund,AXISRDP,Axis Retirement Fund - Dynamic Plan,HDFC Bank Limited,Other,INE040A01034,207090.0,2052.6761,0.067,2025-12-31
Axis Mutual Fund,AXISRDP,Axis Retirement Fund - Dynamic Plan,Reliance Industries Limited,Other,INE002A01018,116616.0,1831.3377,0.0598,2025-12-31
Axis Mutual Fund,AXISRDP,Axis Retirement Fund - Dynamic Plan,ICICI Bank Limited,Other,INE090A01021,126889.0,1703.9924,0.0556,2025-12-31
Axis Mutual Fund,AXISRDP,Axis Retirement Fund - Dynamic Plan,Infosys Limited,Other,INE009A01021,78779.0,1272.596,0.0415,2025-12-31
Axis Mutual Fund,AXISRDP,Axis Retirement Fund - Dynamic Plan,State Bank of India,Other,INE062A01020,106464.0,1045.6894,0.0341,2025-12-31
Axis Mutual Fund,AXISRDP,Axis Retirement Fund - Dynamic Plan,Larsen & Toubro Limited,Other,INE018A01030,25044.0,1022.6717,0.0334,2025-12-31
Axis Mutual Fund,AXISRDP,Axis Retirement Fund - Dynamic Plan,Bharti Airtel Limited,Other,INE397D01024,43798.0,922.2107,0.0301,2025-12-31
Axis Mutual Fund,AXISRDP,Axis Retirement Fund - Dynamic Plan,Mahindra & Mahindra Limited,Other,INE101A01026,21265.0,788.7614,0.0257,2025-12-31
Axis Mutual Fund,AXISRDP,Axis Retirement Fund - Dynamic Plan,Pidilite Industries Limited,Other,INE318A01026,45142.0,669.185,0.0218,2025-12-31
Axis Mutual Fund,AXISRDP,Axis Retirement Fund - Dynamic Plan,Bajaj Finance Limited,Other,INE296A01032,60703.0,599.0172,0.0195,2025-12-31
Axis Mutual Fund,AXISRDP,Axis Retirement Fund - Dynamic Plan,Vijaya Diagnostic Centre Limited,Other,INE043W01024,46168.0,489.8425,0.016,2025-12-31
Axis Mutual Fund,AXISRDP,Axis Retirement Fund - Dynamic Plan,Divi's Laboratories Limited,Other,INE361B01024,6412.0,409.8871,0.0134,2025-12-31
Axis Mutual Fund,AXISRDP,Axis Retirement Fund - Dynamic Plan,Kotak Mahindra Bank Limited,Other,INE237A01028,17029.0,374.8253,0.0122,2025-12-31
Axis Mutual Fund,AXISRDP,Axis Retirement Fund - Dynamic Plan,Fortis Healthcare Limited,Other,INE061F01013,42227.0,373.2867,0.0122,2025-12-31
Axis Mutual Fund,AXISRDP,Axis Retirement Fund - Dynamic Plan,eClerx Services Limited,Other,INE738I01010,7805.0,366.4682,0.012,2025-12-31
Axis Mutual Fund,AXISRDP,Axis Retirement Fund - Dynamic Plan,Minda Corporation Limited,Other,INE842C01021,63314.0,363.4857,0.0119,2025-12-31
Axis Mutual Fund,AXISRDP,Axis Retirement Fund - Dynamic Plan,Tata Consultancy Services Limited,Other,INE467B01029,11253.0,360.7937,0.0118,2025-12-31
Axis Mutual Fund,AXISRDP,Axis Retirement Fund - Dynamic Plan,Cipla Limited,Other,INE059A01026,23656.0,357.5131,0.0117,2025-12-31
Axis Mutual Fund,AXISRDP,Axis Retirement Fund - Dynamic Plan,Bharat Electronics Limited,Other,INE263A01024,78419.0,313.3623,0.0102,2025-12-31
Axis Mutual Fund,AXISRDP,Axis Retirement Fund - Dynamic Plan,PNB Housing Finance Limited,Other,INE572E01012,32598.0,310.17,0.0101,2025-12-31
Axis Mutual Fund,AXISRDP,Axis Retirement Fund - Dynamic Plan,Apar Industries Limited,Other,INE372A01015,3694.0,309.0955,0.0101,2025-12-31
Axis Mutual Fund,AXISRDP,Axis Retirement Fund - Dynamic Plan,HDFC Life Insurance Company Limited,Other,INE795G01014,40960.0,307.1386,0.01,2025-12-31
Axis Mutual Fund,AXISRDP,Axis Retirement Fund - Dynamic Plan,Shriram Finance Limited,Other,INE721A01047,28830.0,287.2045,0.0094,2025-12-31
Axis Mutual Fund,AXISRDP,Axis Retirement Fund - Dynamic Plan,Apollo Hospitals Enterprise Limited,Other,INE437A01024,4047.0,285.01,0.0093,2025-12-31
Axis Mutual Fund,AXISRDP,Axis Retirement Fund - Dynamic Plan,Titan Company Limited,Other,INE280A01028,7024.0,284.5774,0.0093,2025-12-31
Axis Mutual Fund,AXISRDP,Axis Retirement Fund - Dynamic Plan,Sun Pharmaceutical Industries Limited,Other,INE044A01036,16440.0,282.7187,0.0092,2025-12-31
Axis Mutual Fund,AXISRDP,Axis Retirement Fund - Dynamic Plan,SBI Life Insurance Company Limited,Other,INE123W01016,13493.0,274.5691,0.009,2025-12-31
Axis Mutual Fund,AXISRDP,Axis Retirement Fund - Dynamic Plan,Varun Beverages Limited,Other,INE200M01039,54412.0,266.5372,0.0087,2025-12-31
Axis Mutual Fund,AXISRDP,Axis Retirement Fund - Dynamic Plan,CG Power and Industrial Solutions Limited,Other,INE067A01029,40337.0,261.3434,0.0085,2025-12-31
Axis Mutual Fund,AXISRDP,Axis Retirement Fund - Dynamic Plan,Mankind Pharma Limited,Other,INE634S01028,11897.0,261.3176,0.0085,2025-12-31
Axis Mutual Fund,AXISRDP,Axis Retirement Fund - Dynamic Plan,The Phoenix Mills Limited,Other,INE211B01039,13847.0,256.6541,0.0084,2025-12-31
Axis Mutual Fund,AXISRDP,Axis Retirement Fund - Dynamic Plan,JK Cement Limited,Other,INE823G01014,4496.0,248.6738,0.0081,2025-12-31
Axis Mutual Fund,AXISRDP,Axis Retirement Fund - Dynamic Plan,Eternal Limited,Other,INE758T01015,89401.0,248.5795,0.0081,2025-12-31
Axis Mutual Fund,AXISRDP,Axis Retirement Fund - Dynamic Plan,Sundaram Finance Limited,Other,INE660A01013,4631.0,244.6465,0.008,2025-12-31
Axis Mutual Fund,AXISRDP,Axis Retirement Fund - Dynamic Plan,GE Vernova T&D India Limited,Other,INE200A01026,7713.0,241.6097,0.0079,2025-12-31
Axis Mutual Fund,AXISRDP,Axis Retirement Fund - Dynamic Plan,Samvardhana Motherson International Limited,Other,INE775A01035,200498.0,240.4773,0.0078,2025-12-31
Axis Mutual Fund,AXISRDP,Axis Retirement Fund - Dynamic Plan,United Spirits Limited,Other,INE854D01024,16645.0,240.3039,0.0078,2025-12-31
Axis Mutual Fund,AXISRDP,Axis Retirement Fund - Dynamic Plan,Jyoti CNC Automation Ltd,Other,INE980O01024,23572.0,233.1978,0.0076,2025-12-31
Axis Mutual Fund,AXISRDP,Axis Retirement Fund - Dynamic Plan,Awfis Space Solutions Limited,Other,INE108V01019,46957.0,231.4041,0.0076,2025-12-31
Axis Mutual Fund,AXISRDP,Axis Retirement Fund - Dynamic Plan,Torrent Power Limited,Other,INE813H01021,17609.0,230.0968,0.0075,2025-12-31
Axis Mutual Fund,AXISRDP,Axis Retirement Fund - Dynamic Plan,Doms Industries Limited,Other,INE321T01012,8768.0,229.3183,0.0075,2025-12-31
Axis Mutual Fund,AXISRDP,Axis Retirement Fund - Dynamic Plan,Bank of Baroda,Other,INE028A01039,77047.0,227.9821,0.0074,2025-12-31
Axis Mutual Fund,AXISRDP,Axis Retirement Fund - Dynamic Plan,Bharat Petroleum Corporation Limited,Other,INE029A01011,58873.0,226.0723,0.0074,2025-12-31
Axis Mutual Fund,AXISRDP,Axis Retirement Fund - Dynamic Plan,Abbott India Limited,Other,INE358A01014,768.0,222.912,0.0073,2025-12-31
Axis Mutual Fund,AXISRDP,Axis Retirement Fund - Dynamic Plan,Arvind Fashions Limited,Other,INE955V01021,42824.0,213.756,0.007,2025-12-31
Axis Mutual Fund,AXISRDP,Axis Retirement Fund - Dynamic Plan,PI Industries Limited,Other,INE603J01030,6512.0,210.8716,0.0069,2025-12-31
Axis Mutual Fund,AXISRDP,Axis Retirement Fund - Dynamic Plan,Sansera Engineering Limited,Other,INE953O01021,12446.0,208.7194,0.0068,2025-12-31
Axis Mutual Fund,AXISRDP,Axis Retirement Fund - Dynamic Plan,Britannia Industries Limited,Other,INE216A01030,3354.0,202.2797,0.0066,2025-12-31
Axis Mutual Fund,AXISRDP,Axis Retirement Fund - Dynamic Plan,Premier Energies Limited,Other,INE0BS701011,23287.0,196.1115,0.0064,2025-12-31
Axis Mutual Fund,AXISRDP,Axis Retirement Fund - Dynamic Plan,Tata Power Company Limited,Other,INE245A01021,50554.0,191.903,0.0063,2025-12-31
Axis Mutual Fund,AXISRDP,Axis Retirement Fund - Dynamic Plan,Avenue Supermarts Limited,Other,INE192R01011,5069.0,191.7197,0.0063,2025-12-31
Axis Mutual Fund,AXISRDP,Axis Retirement Fund - Dynamic Plan,Tata Steel Limited,Other,INE081A01020,105724.0,190.3878,0.0062,2025-12-31
Axis Mutual Fund,AXISRDP,Axis Retirement Fund - Dynamic Plan,Tata Motors Ltd,Other,INE1TAE01010,45114.0,187.4487,0.0061,2025-12-31
Axis Mutual Fund,AXISRDP,Axis Retirement Fund - Dynamic Plan,PG Electroplast Limited,Other,INE457L01029,30980.0,178.2279,0.0058,2025-12-31
Axis Mutual Fund,AXISRDP,Axis Retirement Fund - Dynamic Plan,Dixon Technologies (India) Limited,Other,INE935N01020,1468.0,177.6574,0.0058,2025-12-31
Axis Mutual Fund,AXISRDP,Axis Retirement Fund - Dynamic Plan,NTPC Limited,Other,INE733E01010,51937.0,171.1584,0.0056,2025-12-31
Axis Mutual Fund,AXISRDP,Axis Retirement Fund - Dynamic Plan,Kaynes Technology India Limited,Other,INE918Z01012,4257.0,170.8334,0.0056,2025-12-31
Axis Mutual Fund,AXISRDP,Axis Retirement Fund - Dynamic Plan,Mphasis Limited,Other,INE356A01018,5686.0,158.7076,0.0052,2025-12-31
Axis Mutual Fund,AXISRDP,Axis Retirement Fund - Dynamic Plan,Hindustan Aeronautics Limited,Other,INE066F01020,3582.0,157.2032,0.0051,2025-12-31
Axis Mutual Fund,AXISRDP,Axis Retirement Fund - Dynamic Plan,Brigade Enterprises Limited,Other,INE791I01019,17473.0,154.6361,0.005,2025-12-31
Axis Mutual Fund,AXISRDP,Axis Retirement Fund - Dynamic Plan,Hindustan Unilever Limited,Other,INE030A01027,6337.0,146.7586,0.0048,2025-12-31
Axis Mutual Fund,AXISRDP,Axis Retirement Fund - Dynamic Plan,Hindalco Industries Limited,Other,INE038A01020,16502.0,146.3232,0.0048,2025-12-31
Axis Mutual Fund,AXISRDP,Axis Retirement Fund - Dynamic Plan,InterGlobe Aviation Limited,Other,INE646L01027,2859.0,144.6511,0.0047,2025-12-31
Axis Mutual Fund,AXISRDP,Axis Retirement Fund - Dynamic Plan,REC Limited,Other,INE020B01018,39714.0,141.6996,0.0046,2025-12-31
Axis Mutual Fund,AXISRDP,Axis Retirement Fund - Dynamic Plan,Cholamandalam Investment and Finance Company Ltd,Other,INE121A01024,7913.0,134.6951,0.0044,2025-12-31
Axis Mutual Fund,AXISRDP,Axis Retirement Fund - Dynamic Plan,Jyothy Labs Limited,Other,INE668F01031,39562.0,111.822,0.0036,2025-12-31
Axis Mutual Fund,AXISRDP,Axis Retirement Fund - Dynamic Plan,Cohance Lifesciences Limited,Other,INE03QK01018,20566.0,108.7119,0.0035,2025-12-31
Axis Mutual Fund,AXISRDP,Axis Retirement Fund - Dynamic Plan,Sona BLW Precision Forgings Limited,Other,INE073K01018,22194.0,106.398,0.0035,2025-12-31
Axis Mutual Fund,AXISRDP,Axis Retirement Fund - Dynamic Plan,Hyundai Motor India Ltd,Other,INE0V6F01027,4542.0,104.3752,0.0034,2025-12-31
Axis Mutual Fund,AXISRDP,Axis Retirement Fund - Dynamic Plan,ITC Limited,Other,INE154A01025,25805.0,103.9942,0.0034,2025-12-31
Axis Mutual Fund,AXISRDP,Axis Retirement Fund - Dynamic Plan,Coforge Limited,Other,INE591G01025,5937.0,98.7323,0.0032,2025-12-31
Axis Mutual Fund,AXISRDP,Axis Retirement Fund - Dynamic Plan,ICICI Prudential Life Insurance Company Limited,Other,INE726G01019,14742.0,98.5134,0.0032,2025-12-31
Axis Mutual Fund,AXISRDP,Axis Retirement Fund - Dynamic Plan,Anant Raj Limited,Other,INE242C01024,15679.0,85.8112,0.0028,2025-12-31
Axis Mutual Fund,AXISRDP,Axis Retirement Fund - Dynamic Plan,Voltamp Transformers Limited,Other,INE540H01012,1040.0,81.6608,0.0027,2025-12-31
Axis Mutual Fund,AXISRDP,Axis Retirement Fund - Dynamic Plan,Schaeffler India Limited,Other,INE513A01022,1997.0,77.4636,0.0025,2025-12-31
Axis Mutual Fund,AXISRDP,Axis Retirement Fund - Dynamic Plan,RHI Magnesita India Limited,Other,INE743M01012,14869.0,68.2561,0.0022,2025-12-31
Axis Mutual Fund,AXISRDP,Axis Retirement Fund - Dynamic Plan,Zydus Lifesciences Limited,Other,INE010B01027,7242.0,66.2172,0.0022,2025-12-31
Axis Mutual Fund,AXISRDP,Axis Retirement Fund - Dynamic Plan,Titagarh Rail Systems Limited,Other,INE615H01020,3895.0,34.7415,0.0011,2025-12-31
Axis Mutual Fund,AXISRDP,Axis Retirement Fund - Dynamic Plan,Oil & Natural Gas Corporation Limited,Other,INE213A01029,12069.0,29.0115,0.0009,2025-12-31
Axis Mutual Fund,AXISRDP,Axis Retirement Fund - Dynamic Plan,Coal India Limited,Other,INE522F01014,5368.0,21.4183,0.0007,2025-12-31
Axis Mutual Fund,AXISRDP,Axis Retirement Fund - Dynamic Plan,Nestle India Limited,Other,INE239A01024,1090.0,14.0392,0.0005,2025-12-31
Axis Mutual Fund,AXISRDP,Axis Retirement Fund - Dynamic Plan,Kwality Walls (India) Limited,Other,INE2KCE01013,6337.0,2.5475,0.0001,2025-12-31
Axis Mutual Fund,AXISRDP,Axis Retirement Fund - Dynamic Plan,Power Grid Corporation of India Limited,Other,INE752E01010,904.0,2.392,0.0001,2025-12-31
Axis Mutual Fund,AXISRDP,Axis Retirement Fund - Dynamic Plan,RITES Limited,Other,INE320J01015,170.0,0.4128,$0.00%,2025-12-31
Axis Mutual Fund,AXISRDP,Axis Retirement Fund - Dynamic Plan,7.3% Government of India (19/06/2053),Other,IN0020230051,1500000.0,1502.6535,0.049,2025-12-31
Axis Mutual Fund,AXISRDP,Axis Retirement Fund - Dynamic Plan,7.25% Government of India (12/06/2063),Other,IN0020230044,800000.0,789.8688,0.0258,2025-12-31
Axis Mutual Fund,AXISRDP,Axis Retirement Fund - Dynamic Plan,7.18% Government of India (24/07/2037),Other,IN0020230077,500000.0,512.4505,0.0167,2025-12-31
Axis Mutual Fund,AXISRDP,Axis Retirement Fund - Dynamic Plan,7.1% Government of India (08/04/2034),Other,IN0020240019,250000.0,257.154,0.0084,2025-12-31
Axis Mutual Fund,AXISSCF,Axis Small Cap Fund,Multi Commodity Exchange of India Limited,Other,INE745G01035,660372.0,73539.0259,0.0277,2025-12-31
Axis Mutual Fund,AXISSCF,Axis Small Cap Fund,CCL Products (India) Limited,Other,INE421D01022,6890846.0,65063.3679,0.0245,2025-12-31
Axis Mutual Fund,AXISSCF,Axis Small Cap Fund,Krishna Institute Of Medical Sciences Limited,Other,INE967H01025,10130828.0,61656.2192,0.0232,2025-12-31
Axis Mutual Fund,AXISSCF,Axis Small Cap Fund,City Union Bank Limited,Other,INE491A01021,19699201.0,57285.2765,0.0216,2025-12-31
Axis Mutual Fund,AXISSCF,Axis Small Cap Fund,Brigade Enterprises Limited,Other,INE791I01019,6154986.0,54471.6261,0.0205,2025-12-31
Axis Mutual Fund,AXISSCF,Axis Small Cap Fund,JB Chemicals & Pharmaceuticals Limited,Other,INE572A01036,2984782.0,54314.0781,0.0205,2025-12-31
Axis Mutual Fund,AXISSCF,Axis Small Cap Fund,Cholamandalam Financial Holdings Limited,Other,INE149A01033,2768484.0,50189.8464,0.0189,2025-12-31
Axis Mutual Fund,AXISSCF,Axis Small Cap Fund,Blue Star Limited,Other,INE472A01039,2603151.0,45052.7344,0.017,2025-12-31
Axis Mutual Fund,AXISSCF,Axis Small Cap Fund,PB Fintech Limited,Other,INE417T01026,2276818.0,41565.5894,0.0157,2025-12-31
Axis Mutual Fund,AXISSCF,Axis Small Cap Fund,HDFC Bank Limited,Other,INE040A01034,4067560.0,40317.6547,0.0152,2025-12-31
Axis Mutual Fund,AXISSCF,Axis Small Cap Fund,Can Fin Homes Limited,Other,INE477A01020,4272355.0,39735.0377,0.015,2025-12-31
Axis Mutual Fund,AXISSCF,Axis Small Cap Fund,Craftsman Automation Limited,Other,INE00LO01017,448509.0,34488.0996,0.013,2025-12-31
Axis Mutual Fund,AXISSCF,Axis Small Cap Fund,Sai Life Sciences Limited,Other,INE570L01029,3771187.0,34257.4627,0.0129,2025-12-31
Axis Mutual Fund,AXISSCF,Axis Small Cap Fund,JK Lakshmi Cement Limited,Other,INE786A01032,4300757.0,33464.1902,0.0126,2025-12-31
Axis Mutual Fund,AXISSCF,Axis Small Cap Fund,Vesuvius India Limited,Other,INE386A01023,6902100.0,33171.4926,0.0125,2025-12-31
Axis Mutual Fund,AXISSCF,Axis Small Cap Fund,Minda Corporation Limited,Other,INE842C01021,5769277.0,33121.4193,0.0125,2025-12-31
Axis Mutual Fund,AXISSCF,Axis Small Cap Fund,Kaynes Technology India Limited,Other,INE918Z01012,803894.0,32260.2662,0.0122,2025-12-31
Axis Mutual Fund,AXISSCF,Axis Small Cap Fund,Karur Vysya Bank Limited,Other,INE036D01028,12132840.0,32010.0718,0.0121,2025-12-31
Axis Mutual Fund,AXISSCF,Axis Small Cap Fund,Ahluwalia Contracts (India) Limited,Other,INE758C01029,3220147.0,31576.7615,0.0119,2025-12-31
Axis Mutual Fund,AXISSCF,Axis Small Cap Fund,Narayana Hrudayalaya Limited,Other,INE410P01011,1663780.0,31478.7176,0.0119,2025-12-31
Axis Mutual Fund,AXISSCF,Axis Small Cap Fund,The Phoenix Mills Limited,Other,INE211B01039,1681118.0,31159.5221,0.0117,2025-12-31
Axis Mutual Fund,AXISSCF,Axis Small Cap Fund,Navin Fluorine International Limited,Other,INE048G01026,522648.0,30940.7616,0.0117,2025-12-31
Axis Mutual Fund,AXISSCF,Axis Small Cap Fund,Galaxy Surfactants Limited,Other,INE600K01018,1406032.0,28815.2198,0.0109,2025-12-31
Axis Mutual Fund,AXISSCF,Axis Small Cap Fund,KFin Technologies Limited,Other,INE138Y01010,2412549.0,26103.7802,0.0098,2025-12-31
Axis Mutual Fund,AXISSCF,Axis Small Cap Fund,Fine Organic Industries Limited,Other,INE686Y01026,633550.0,26078.1851,0.0098,2025-12-31
Axis Mutual Fund,AXISSCF,Axis Small Cap Fund,Reliance Industries Limited,Other,INE002A01018,1608236.0,25255.7381,0.0095,2025-12-31
Axis Mutual Fund,AXISSCF,Axis Small Cap Fund,Tata Consultancy Services Limited,Other,INE467B01029,780213.0,25015.1892,0.0094,2025-12-31
Axis Mutual Fund,AXISSCF,Axis Small Cap Fund,Laurus Labs Limited,Other,INE947Q01028,2117487.0,23461.756,0.0088,2025-12-31
Axis Mutual Fund,AXISSCF,Axis Small Cap Fund,S.J.S. Enterprises Limited,Other,INE284S01014,1377351.0,23408.0802,0.0088,2025-12-31
Axis Mutual Fund,AXISSCF,Axis Small Cap Fund,Mrs. Bectors Food Specialities Limited,Other,INE495P01020,10110590.0,23294.7994,0.0088,2025-12-31
Axis Mutual Fund,AXISSCF,Axis Small Cap Fund,Doms Industries Limited,Other,INE321T01012,890292.0,23284.697,0.0088,2025-12-31
Axis Mutual Fund,AXISSCF,Axis Small Cap Fund,Affle 3i Limited,Other,INE00WC01027,1214969.0,21862.1522,0.0082,2025-12-31
Axis Mutual Fund,AXISSCF,Axis Small Cap Fund,Kalpataru Projects International Limited,Other,INE220B01022,1774516.0,21336.7804,0.008,2025-12-31
Axis Mutual Fund,AXISSCF,Axis Small Cap Fund,L&T Finance Limited,Other,INE498L01015,6720084.0,21232.1054,0.008,2025-12-31
Axis Mutual Fund,AXISSCF,Axis Small Cap Fund,Kirloskar Oil Engines Limited,Other,INE146L01010,1722073.0,20988.6257,0.0079,2025-12-31
Axis Mutual Fund,AXISSCF,Axis Small Cap Fund,Vijaya Diagnostic Centre Limited,Other,INE043W01024,1967924.0,20879.6736,0.0079,2025-12-31
Axis Mutual Fund,AXISSCF,Axis Small Cap Fund,Sagility Limited,Other,INE0W2G01015,38441484.0,19997.26,0.0075,2025-12-31
Axis Mutual Fund,AXISSCF,Axis Small Cap Fund,RHI Magnesita India Limited,Other,INE743M01012,4353959.0,19986.8488,0.0075,2025-12-31
Axis Mutual Fund,AXISSCF,Axis Small Cap Fund,Computer Age Management Services Limited,Other,INE596I01020,2655110.0,19671.71,0.0074,2025-12-31
Axis Mutual Fund,AXISSCF,Axis Small Cap Fund,CreditAccess Grameen Limited,Other,INE741K01010,1532673.0,19520.1233,0.0074,2025-12-31
Axis Mutual Fund,AXISSCF,Axis Small Cap Fund,Onesource Specialty Pharma Limited,Other,INE013P01021,1066196.0,19304.5448,0.0073,2025-12-31
Axis Mutual Fund,AXISSCF,Axis Small Cap Fund,India Shelter Finance Corporation Limited,Other,INE922K01024,2391697.0,19225.6563,0.0072,2025-12-31
Axis Mutual Fund,AXISSCF,Axis Small Cap Fund,Central Depository Services (India) Limited,Other,INE736A01011,1309794.0,18908.1862,0.0071,2025-12-31
Axis Mutual Fund,AXISSCF,Axis Small Cap Fund,Coforge Limited,Other,INE591G01025,1129938.0,18790.8689,0.0071,2025-12-31
Axis Mutual Fund,AXISSCF,Axis Small Cap Fund,Data Patterns (India) Limited,Other,INE0IX101010,705963.0,18542.8242,0.007,2025-12-31
Axis Mutual Fund,AXISSCF,Axis Small Cap Fund,Sudarshan Chemical Industries Limited,Other,INE659A01023,1945414.0,18436.6885,0.0069,2025-12-31
Axis Mutual Fund,AXISSCF,Axis Small Cap Fund,Radico Khaitan Limited,Other,INE944F01028,554354.0,18284.8123,0.0069,2025-12-31
Axis Mutual Fund,AXISSCF,Axis Small Cap Fund,Syrma SGS Technology Limited,Other,INE0DYJ01015,2484070.0,18211.9592,0.0069,2025-12-31
Axis Mutual Fund,AXISSCF,Axis Small Cap Fund,Jubilant Ingrevia Limited,Other,INE0BY001018,2578209.0,18136.4112,0.0068,2025-12-31
Axis Mutual Fund,AXISSCF,Axis Small Cap Fund,Avalon Technologies Limited,Other,INE0LCL01028,2018325.0,17739.0584,0.0067,2025-12-31
Axis Mutual Fund,AXISSCF,Axis Small Cap Fund,Crompton Greaves Consumer Electricals Limited,Other,INE299U01018,7011705.0,17687.0259,0.0067,2025-12-31
Axis Mutual Fund,AXISSCF,Axis Small Cap Fund,Gujarat Fluorochemicals Limited,Other,INE09N301011,464211.0,17019.3679,0.0064,2025-12-31
Axis Mutual Fund,AXISSCF,Axis Small Cap Fund,Sansera Engineering Limited,Other,INE953O01021,1006025.0,16871.0393,0.0064,2025-12-31
Axis Mutual Fund,AXISSCF,Axis Small Cap Fund,Devyani International Limited,Other,INE872J01023,11311741.0,16735.7208,0.0063,2025-12-31
Axis Mutual Fund,AXISSCF,Axis Small Cap Fund,Union Bank of India,Other,INE692A01016,10743897.0,16519.816,0.0062,2025-12-31
Axis Mutual Fund,AXISSCF,Axis Small Cap Fund,Apar Industries Limited,Other,INE372A01015,194983.0,16315.2025,0.0061,2025-12-31
Axis Mutual Fund,AXISSCF,Axis Small Cap Fund,TBO Tek Limited,Other,INE673O01025,978007.0,16261.3224,0.0061,2025-12-31
Axis Mutual Fund,AXISSCF,Axis Small Cap Fund,Aptus Value Housing Finance India Limited,Other,INE852O01025,5603959.0,15640.6496,0.0059,2025-12-31
Axis Mutual Fund,AXISSCF,Axis Small Cap Fund,Bharat Dynamics Limited,Other,INE171Z01026,1040464.0,15258.4046,0.0057,2025-12-31
Axis Mutual Fund,AXISSCF,Axis Small Cap Fund,Chemplast Sanmar Limited,Other,INE488A01050,5799329.0,15147.8473,0.0057,2025-12-31
Axis Mutual Fund,AXISSCF,Axis Small Cap Fund,Gokaldas Exports Limited,Other,INE887G01027,2037712.0,15121.8608,0.0057,2025-12-31
Axis Mutual Fund,AXISSCF,Axis Small Cap Fund,CIE Automotive India Limited,Other,INE536H01010,3505127.0,14879.2641,0.0056,2025-12-31
Axis Mutual Fund,AXISSCF,Axis Small Cap Fund,PNB Housing Finance Limited,Other,INE572E01012,1559900.0,14842.4485,0.0056,2025-12-31
Axis Mutual Fund,AXISSCF,Axis Small Cap Fund,Arvind Fashions Limited,Other,INE955V01021,2914727.0,14548.8598,0.0055,2025-12-31
Axis Mutual Fund,AXISSCF,Axis Small Cap Fund,Rategain Travel Technologies Limited,Other,INE0CLI01024,2090422.0,14459.449,0.0054,2025-12-31
Axis Mutual Fund,AXISSCF,Axis Small Cap Fund,Neogen Chemicals Limited,Other,INE136S01016,1217809.0,14421.2942,0.0054,2025-12-31
Axis Mutual Fund,AXISSCF,Axis Small Cap Fund,Birlasoft Limited,Other,INE836A01035,3321922.0,14393.888,0.0054,2025-12-31
Axis Mutual Fund,AXISSCF,Axis Small Cap Fund,Inventurus Knowledge Solutions Limited,Other,INE115Q01022,849601.0,14084.6854,0.0053,2025-12-31
Axis Mutual Fund,AXISSCF,Axis Small Cap Fund,Grindwell Norton Limited,Other,INE536A01023,895775.0,14010.8168,0.0053,2025-12-31
Axis Mutual Fund,AXISSCF,Axis Small Cap Fund,Welspun Corp Limited,Other,INE191B01025,1707646.0,13907.069,0.0052,2025-12-31
Axis Mutual Fund,AXISSCF,Axis Small Cap Fund,Anant Raj Limited,Other,INE242C01024,2538132.0,13891.1964,0.0052,2025-12-31
Axis Mutual Fund,AXISSCF,Axis Small Cap Fund,Deepak Fertilizers and Petrochemicals Corporation Limited,Other,INE501A01019,1078851.0,13885.8912,0.0052,2025-12-31
Axis Mutual Fund,AXISSCF,Axis Small Cap Fund,Tech Mahindra Limited,Other,INE669C01036,868319.0,13814.087,0.0052,2025-12-31
Axis Mutual Fund,AXISSCF,Axis Small Cap Fund,R R Kabel Limited,Other,INE777K01022,941352.0,13675.0205,0.0052,2025-12-31
Axis Mutual Fund,AXISSCF,Axis Small Cap Fund,Cohance Lifesciences Limited,Other,INE03QK01018,2540619.0,13429.712,0.0051,2025-12-31
Axis Mutual Fund,AXISSCF,Axis Small Cap Fund,Carborundum Universal Limited,Other,INE120A01034,1560588.0,13357.0727,0.005,2025-12-31
Axis Mutual Fund,AXISSCF,Axis Small Cap Fund,Chalet Hotels Limited,Other,INE427F01016,1533836.0,13352.8093,0.005,2025-12-31
Axis Mutual Fund,AXISSCF,Axis Small Cap Fund,Mahanagar Gas Limited,Other,INE002S01010,1157462.0,13149.9258,0.005,2025-12-31
Axis Mutual Fund,AXISSCF,Axis Small Cap Fund,Tata Consumer Products Limited,Other,INE192A01025,1102866.0,13146.1627,0.005,2025-12-31
Axis Mutual Fund,AXISSCF,Axis Small Cap Fund,Mahindra Lifespace Developers Limited,Other,INE813A01018,3229761.0,12744.6369,0.0048,2025-12-31
Axis Mutual Fund,AXISSCF,Axis Small Cap Fund,Hindalco Industries Limited,Other,INE038A01020,1430102.0,12680.7144,0.0048,2025-12-31
Axis Mutual Fund,AXISSCF,Axis Small Cap Fund,Rolex Rings Limited,Other,INE645S01024,9812900.0,12636.0713,0.0048,2025-12-31
Axis Mutual Fund,AXISSCF,Axis Small Cap Fund,UNO Minda Limited,Other,INE405E01023,976563.0,12556.6471,0.0047,2025-12-31
Axis Mutual Fund,AXISSCF,Axis Small Cap Fund,Alembic Pharmaceuticals Limited,Other,INE901L01018,1455416.0,12315.0025,0.0046,2025-12-31
Axis Mutual Fund,AXISSCF,Axis Small Cap Fund,Orient Electric Limited,Other,INE142Z01019,6742466.0,11875.5054,0.0045,2025-12-31
Axis Mutual Fund,AXISSCF,Axis Small Cap Fund,Niva Bupa Health Insurance Company Limited,Other,INE995S01015,15589384.0,11754.3955,0.0044,2025-12-31
Axis Mutual Fund,AXISSCF,Axis Small Cap Fund,Time Technoplast Limited,Other,INE508G01029,6181542.0,11621.9171,0.0044,2025-12-31
Axis Mutual Fund,AXISSCF,Axis Small Cap Fund,Ujjivan Small Finance Bank Limited,Other,INE551W01018,21911185.0,11610.7369,0.0044,2025-12-31
Axis Mutual Fund,AXISSCF,Axis Small Cap Fund,Balrampur Chini Mills Limited,Other,INE119A01028,2571523.0,11427.8482,0.0043,2025-12-31
Axis Mutual Fund,AXISSCF,Axis Small Cap Fund,Azad Engineering Ltd,Other,INE02IJ01035,686848.0,11352.2237,0.0043,2025-12-31
Axis Mutual Fund,AXISSCF,Axis Small Cap Fund,Rainbow Childrens Medicare Limited,Other,INE961O01016,853305.0,11263.626,0.0042,2025-12-31
Axis Mutual Fund,AXISSCF,Axis Small Cap Fund,Tenneco Clean Air India Limited,Other,INE19RI01016,2213157.0,11240.6244,0.0042,2025-12-31
Axis Mutual Fund,AXISSCF,Axis Small Cap Fund,Healthcare Global Enterprises Limited,Other,INE075I01017,1690271.0,11189.594,0.0042,2025-12-31
Axis Mutual Fund,AXISSCF,Axis Small Cap Fund,Premier Energies Limited,Other,INE0BS701011,1322455.0,11137.0548,0.0042,2025-12-31
Axis Mutual Fund,AXISSCF,Axis Small Cap Fund,Amber Enterprises India Limited,Other,INE371P01015,172996.0,11049.2545,0.0042,2025-12-31
Axis Mutual Fund,AXISSCF,Axis Small Cap Fund,Jyoti CNC Automation Ltd,Other,INE980O01024,1106869.0,10950.255,0.0041,2025-12-31
Axis Mutual Fund,AXISSCF,Axis Small Cap Fund,Aditya Vision Ltd,Other,INE679V01027,2210874.0,10790.1706,0.0041,2025-12-31
Axis Mutual Fund,AXISSCF,Axis Small Cap Fund,Jain Resource Recycling Limited,Other,INE0YD401026,2456262.0,10203.3123,0.0038,2025-12-31
Axis Mutual Fund,AXISSCF,Axis Small Cap Fund,Delhivery Limited,Other,INE148O01028,2495630.0,10078.6018,0.0038,2025-12-31
Axis Mutual Fund,AXISSCF,Axis Small Cap Fund,CESC Limited,Other,INE486A01021,5982262.0,10023.8782,0.0038,2025-12-31
Axis Mutual Fund,AXISSCF,Axis Small Cap Fund,PG Electroplast Limited,Other,INE457L01029,1741883.0,10021.0529,0.0038,2025-12-31
Axis Mutual Fund,AXISSCF,Axis Small Cap Fund,Timken India Limited,Other,INE325A01013,328425.0,9862.9312,0.0037,2025-12-31
Axis Mutual Fund,AXISSCF,Axis Small Cap Fund,PNC Infratech Limited,Other,INE195J01029,3805180.0,9576.877,0.0036,2025-12-31
Axis Mutual Fund,AXISSCF,Axis Small Cap Fund,GE Vernova T&D India Limited,Other,INE200A01026,296226.0,9279.2795,0.0035,2025-12-31
Axis Mutual Fund,AXISSCF,Axis Small Cap Fund,Havells India Limited,Other,INE176B01034,635613.0,9056.8496,0.0034,2025-12-31
Axis Mutual Fund,AXISSCF,Axis Small Cap Fund,HeidelbergCement India Limited,Other,INE578A01017,5040690.0,8809.1098,0.0033,2025-12-31
Axis Mutual Fund,AXISSCF,Axis Small Cap Fund,Titagarh Rail Systems Limited,Other,INE615H01020,932832.0,8320.395,0.0031,2025-12-31
Axis Mutual Fund,AXISSCF,Axis Small Cap Fund,Alicon Castalloy Limited,Other,INE062D01024,1011361.0,8245.6262,0.0031,2025-12-31
Axis Mutual Fund,AXISSCF,Axis Small Cap Fund,Ellenbarrie Industrial Gases Limited,Other,INE236E01022,2344809.0,7975.8678,0.003,2025-12-31
Axis Mutual Fund,AXISSCF,Axis Small Cap Fund,Jyothy Labs Limited,Other,INE668F01031,2803873.0,7925.147,0.003,2025-12-31
Axis Mutual Fund,AXISSCF,Axis Small Cap Fund,Gland Pharma Limited,Other,INE068V01023,458035.0,7887.3627,0.003,2025-12-31
Axis Mutual Fund,AXISSCF,Axis Small Cap Fund,Firstsource Solutions Limited,Other,INE684F01012,2205999.0,7407.7446,0.0028,2025-12-31
Axis Mutual Fund,AXISSCF,Axis Small Cap Fund,JM Financial Limited,Other,INE780C01023,4765585.0,7153.1431,0.0027,2025-12-31
Axis Mutual Fund,AXISSCF,Axis Small Cap Fund,Sudeep Pharma Limited,Other,INE0QPI01025,1111713.0,6700.8501,0.0025,2025-12-31
Axis Mutual Fund,AXISSCF,Axis Small Cap Fund,SBFC Finance Limited,Other,INE423Y01016,6390734.0,6649.5587,0.0025,2025-12-31
Axis Mutual Fund,AXISSCF,Axis Small Cap Fund,Strides Pharma Science Limited,Other,INE939A01011,735028.0,6617.8246,0.0025,2025-12-31
Axis Mutual Fund,AXISSCF,Axis Small Cap Fund,KNR Constructions Limited,Other,INE634I01029,3873356.0,6305.0489,0.0024,2025-12-31
Axis Mutual Fund,AXISSCF,Axis Small Cap Fund,Whirlpool of India Limited,Other,INE716A01013,694567.0,6244.8519,0.0024,2025-12-31
Axis Mutual Fund,AXISSCF,Axis Small Cap Fund,Midwest Limited,Other,INE0XAD01024,361349.0,6217.3709,0.0023,2025-12-31
Axis Mutual Fund,AXISSCF,Axis Small Cap Fund,Aadhar Housing Finance Limited,Other,INE883F01010,1246827.0,6047.7344,0.0023,2025-12-31
Axis Mutual Fund,AXISSCF,Axis Small Cap Fund,KEI Industries Limited,Other,INE878B01027,129909.0,5794.2012,0.0022,2025-12-31
Axis Mutual Fund,AXISSCF,Axis Small Cap Fund,Fortis Healthcare Limited,Other,INE061F01013,645944.0,5710.145,0.0022,2025-12-31
Axis Mutual Fund,AXISSCF,Axis Small Cap Fund,CG Power and Industrial Solutions Limited,Other,INE067A01029,859225.0,5566.9188,0.0021,2025-12-31
Axis Mutual Fund,AXISSCF,Axis Small Cap Fund,PDS Limited,Other,INE111Q01021,1399254.0,5225.5141,0.002,2025-12-31
Axis Mutual Fund,AXISSCF,Axis Small Cap Fund,Suprajit Engineering Limited,Other,INE399C01030,1126315.0,5220.47,0.002,2025-12-31
Axis Mutual Fund,AXISSCF,Axis Small Cap Fund,Sharda Motor Industries Ltd.,Other,INE597I01028,516620.0,4858.0362,0.0018,2025-12-31
Axis Mutual Fund,AXISSCF,Axis Small Cap Fund,Container Corporation of India Limited,Other,INE111A01025,840528.0,4412.3517,0.0017,2025-12-31
Axis Mutual Fund,AXISSCF,Axis Small Cap Fund,TeamLease Services Limited,Other,INE985S01024,271086.0,4221.0801,0.0016,2025-12-31
Axis Mutual Fund,AXISSCF,Axis Small Cap Fund,Engineers India Limited,Other,INE510A01028,2035883.0,4097.0109,0.0015,2025-12-31
Axis Mutual Fund,AXISSCF,Axis Small Cap Fund,Aditya Birla Real Estate Limited,Other,INE055A01016,231613.0,3879.0545,0.0015,2025-12-31
Axis Mutual Fund,AXISSCF,Axis Small Cap Fund,LG Electronics India Ltd,Other,INE324D01010,223812.0,3405.0758,0.0013,2025-12-31
Axis Mutual Fund,AXISSCF,Axis Small Cap Fund,Prudent Corporate Advisory Services Limited,Other,INE00F201020,125000.0,3185.5,0.0012,2025-12-31
Axis Mutual Fund,AXISSCF,Axis Small Cap Fund,Happy Forgings Limited,Other,INE330T01021,275287.0,3163.3229,0.0012,2025-12-31
Axis Mutual Fund,AXISSCF,Axis Small Cap Fund,Aarti Industries Limited,Other,INE769A01020,785001.0,2935.1187,0.0011,2025-12-31
Axis Mutual Fund,AXISSCF,Axis Small Cap Fund,Electronics Mart India Limited,Other,INE02YR01019,2580746.0,2662.2976,0.001,2025-12-31
Axis Mutual Fund,AXISSCF,Axis Small Cap Fund,Equitas Small Finance Bank Limited,Other,INE063P01018,3207675.0,2020.5145,0.0008,2025-12-31
Axis Mutual Fund,AXISSCF,Axis Small Cap Fund,Atlanta Electricals Ltd,Other,INE0Z4F01028,229387.0,2017.2293,0.0008,2025-12-31
Axis Mutual Fund,AXISSCF,Axis Small Cap Fund,Canara Robeco Asset Management Company Ltd,Other,INE218I01013,564396.0,1776.7186,0.0007,2025-12-31
Axis Mutual Fund,AXISSCF,Axis Small Cap Fund,Aequs Limited,Other,INE947N01017,1129080.0,1552.3721,0.0006,2025-12-31
Axis Mutual Fund,AXISSCF,Axis Small Cap Fund,Ather Energy Limited,Other,INE0LEZ01016,173503.0,1309.5139,0.0005,2025-12-31
Axis Mutual Fund,AXISSCF,Axis Small Cap Fund,Aditya Infotech Limited,Other,INE819V01029,75204.0,1120.7652,0.0004,2025-12-31
Axis Mutual Fund,AXISSCF,Axis Small Cap Fund,Hi-Tech Pipes Limited,Other,INE106T01025,288791.0,265.8899,0.0001,2025-12-31
Axis Mutual Fund,AXISSCF,Axis Small Cap Fund,91 Days Tbill (MD 12/03/2026),Other,IN002025X372,15000000.0,14852.145,0.0056,2025-12-31
Axis Mutual Fund,AXISSDI,Axis NIFTY SDL September 2026 Debt Index Fund,7.38% Rajasthan State Development Loans (14/09/2026),Equity,IN2920160156,2800000.0,2831.2368,0.417,2025-12-31
Axis Mutual Fund,AXISSDI,Axis NIFTY SDL September 2026 Debt Index Fund,7.6% Gujarat State Development Loans (09/08/2026),Equity,IN1520160087,794300.0,803.0063,0.1183,2025-12-31
Axis Mutual Fund,AXISSDI,Axis NIFTY SDL September 2026 Debt Index Fund,6.24% Maharashtra State Development Loans (11/08/2026),Equity,IN2220210214,800000.0,802.4624,0.1182,2025-12-31
Axis Mutual Fund,AXISSDI,Axis NIFTY SDL September 2026 Debt Index Fund,7.61% Kerala State Development Loans (09/08/2026),Equity,IN2020160072,500000.0,505.404,0.0744,2025-12-31
Axis Mutual Fund,AXISSDI,Axis NIFTY SDL September 2026 Debt Index Fund,7.17% Rajasthan State Development Loans (28/09/2026),Equity,IN2920160164,500000.0,505.1315,0.0744,2025-12-31
Axis Mutual Fund,AXISSDI,Axis NIFTY SDL September 2026 Debt Index Fund,8.72% Tamilnadu State Development Loans (19/09/2026),Equity,IN3120180127,405000.0,413.4175,0.0609,2025-12-31
Axis Mutual Fund,AXISSDI,Axis NIFTY SDL September 2026 Debt Index Fund,7.58% Maharashtra State Development Loans(24/08/2026),Equity,IN2220160054,200000.0,202.312,0.0298,2025-12-31
Axis Mutual Fund,AXISSDI,Axis NIFTY SDL September 2026 Debt Index Fund,7.16% Maharashtra State Development Loans (28/09/2026),Equity,IN2220160070,165300.0,167.0229,0.0246,2025-12-31
Axis Mutual Fund,AXISSDI,Axis NIFTY SDL September 2026 Debt Index Fund,7.37% Maharashtra State Development Loans (14/09/2026),Equity,IN2220160062,150000.0,151.6962,0.0223,2025-12-31
Axis Mutual Fund,AXISSDI,Axis NIFTY SDL September 2026 Debt Index Fund,7.59% Kerala State Development Loans (24/08/2026),Equity,IN2020160080,100000.0,101.1398,0.0149,2025-12-31
Axis Mutual Fund,AXISSDL,Axis Nifty AAA Bond Plus SDL Apr 2026 50:50 ETF FOF,Axis Nifty AAA Bond Plus SDL Apr 2026 50-50 ETF,Equity,INF846K01Z04,184465230.0,24109.6056,0.999,2025-12-31
Axis Mutual Fund,AXISSETF,Axis Nifty AAA Bond Plus SDL Apr 2026 50:50 ETF,7.44% REC Limited (30/04/2026) **,Equity,INE020B08EL2,14500.0,14530.972,0.132,2025-12-31
Axis Mutual Fund,AXISSETF,Axis Nifty AAA Bond Plus SDL Apr 2026 50:50 ETF,6.18% Gujarat State Development Loans (31/03/2026),Equity,IN1520200339,12500000.0,12523.9875,0.1138,2025-12-31
Axis Mutual Fund,AXISSETF,Axis Nifty AAA Bond Plus SDL Apr 2026 50:50 ETF,7.1% Export Import Bank of India (18/03/2026) **,Equity,INE514E08GA6,1200.0,12021.744,0.1092,2025-12-31
Axis Mutual Fund,AXISSETF,Axis Nifty AAA Bond Plus SDL Apr 2026 50:50 ETF,7.35% NTPC Limited (17/04/2026) **,Equity,INE733E08247,10000.0,10017.06,0.091,2025-12-31
Axis Mutual Fund,AXISSETF,Axis Nifty AAA Bond Plus SDL Apr 2026 50:50 ETF,7.75% Power Finance Corporation Limited (15/04/2026) **,Equity,INE134E08NQ5,7500.0,7522.485,0.0684,2025-12-31
Axis Mutual Fund,AXISSETF,Axis Nifty AAA Bond Plus SDL Apr 2026 50:50 ETF,7.58% Power Finance Corporation Limited (15/01/2026) **,Equity,INE134E08LZ0,750.0,7504.0425,0.0682,2025-12-31
Axis Mutual Fund,AXISSETF,Axis Nifty AAA Bond Plus SDL Apr 2026 50:50 ETF,8.88% West Bengal State Development Loans (24/02/2026),Equity,IN3420150150,6715000.0,6746.5941,0.0613,2025-12-31
Axis Mutual Fund,AXISSETF,Axis Nifty AAA Bond Plus SDL Apr 2026 50:50 ETF,8.83% Uttar Pradesh State Development Loans (24/02/2026),Equity,IN3320150383,6600000.0,6630.4392,0.0603,2025-12-31
Axis Mutual Fund,AXISSETF,Axis Nifty AAA Bond Plus SDL Apr 2026 50:50 ETF,8.51% Maharashtra State Development Loans (09/03/2026),Equity,IN2220150204,5000000.0,5029.515,0.0457,2025-12-31
Axis Mutual Fund,AXISSETF,Axis Nifty AAA Bond Plus SDL Apr 2026 50:50 ETF,8% Gujarat State Development Loans(20/04/2026),Equity,IN1520160012,4673000.0,4706.6082,0.0428,2025-12-31
Axis Mutual Fund,AXISSETF,Axis Nifty AAA Bond Plus SDL Apr 2026 50:50 ETF,8.36% Maharashtra State Development Loans (27/01/2026),Equity,IN2220150170,4000000.0,4008.216,0.0364,2025-12-31
Axis Mutual Fund,AXISSETF,Axis Nifty AAA Bond Plus SDL Apr 2026 50:50 ETF,8.28% Karnataka State Development Loans (06/03/2026),Equity,IN1920180198,3150000.0,3166.506,0.0288,2025-12-31
Axis Mutual Fund,AXISSETF,Axis Nifty AAA Bond Plus SDL Apr 2026 50:50 ETF,8.67% Maharastra State Development Loans (24/02/2026),Equity,IN2220150196,2545000.0,2556.4016,0.0232,2025-12-31
Axis Mutual Fund,AXISSETF,Axis Nifty AAA Bond Plus SDL Apr 2026 50:50 ETF,8.02% Uttar Pradesh State Development Loans (20/04/2026),Equity,IN3320160010,2500000.0,2517.795,0.0229,2025-12-31
Axis Mutual Fund,AXISSETF,Axis Nifty AAA Bond Plus SDL Apr 2026 50:50 ETF,8.34% Uttar Pradesh State Development Loans (13/01/2026),Equity,IN3320150359,1955000.0,1956.8221,0.0178,2025-12-31
Axis Mutual Fund,AXISSETF,Axis Nifty AAA Bond Plus SDL Apr 2026 50:50 ETF,8.47% Maharashtra State Development Loans (10/02/2026),Equity,IN2220150188,1000000.0,1003.033,0.0091,2025-12-31
Axis Mutual Fund,AXISSETF,Axis Nifty AAA Bond Plus SDL Apr 2026 50:50 ETF,8.27% Gujarat State Development Loans (13/01/2026),Equity,IN1520150104,1000000.0,1000.915,0.0091,2025-12-31
Axis Mutual Fund,AXISSETF,Axis Nifty AAA Bond Plus SDL Apr 2026 50:50 ETF,8.01% Tamilnadu State Development Loans (20/04/2026),Equity,IN3120160012,500000.0,503.5955,0.0046,2025-12-31
Axis Mutual Fund,AXISSETF,Axis Nifty AAA Bond Plus SDL Apr 2026 50:50 ETF,8.53% Uttar Pradesh State Development Loans (10/02/2026),Equity,IN3320150375,500000.0,501.512,0.0046,2025-12-31
Axis Mutual Fund,AXISSETF,Axis Nifty AAA Bond Plus SDL Apr 2026 50:50 ETF,8.1% West Bangal State Development Loans (23/03/2026),Equity,IN3420150176,262500.0,264.0986,0.0024,2025-12-31
Axis Mutual Fund,AXISSETF,Axis Nifty AAA Bond Plus SDL Apr 2026 50:50 ETF,8.69% Tamilnadu State Development Loans (24/02/2026),Equity,IN3120150203,120000.0,120.5411,0.0011,2025-12-31
Axis Mutual Fund,AXISSIF,Axis BSE Sensex Index Fund,HDFC Bank Limited,Equity,INE040A01034,69881.0,693.0448,0.1497,2025-12-31
Axis Mutual Fund,AXISSIF,Axis BSE Sensex Index Fund,Reliance Industries Limited,Equity,INE002A01018,31070.0,487.6126,0.1053,2025-12-31
Axis Mutual Fund,AXISSIF,Axis BSE Sensex Index Fund,ICICI Bank Limited,Equity,INE090A01021,32813.0,440.6458,0.0952,2025-12-31
Axis Mutual Fund,AXISSIF,Axis BSE Sensex Index Fund,Bharti Airtel Limited,Equity,INE397D01024,12824.0,270.035,0.0583,2025-12-31
Axis Mutual Fund,AXISSIF,Axis BSE Sensex Index Fund,Infosys Limited,Equity,INE009A01021,16407.0,265.211,0.0573,2025-12-31
Axis Mutual Fund,AXISSIF,Axis BSE Sensex Index Fund,Larsen & Toubro Limited,Equity,INE018A01030,5369.0,219.2216,0.0473,2025-12-31
Axis Mutual Fund,AXISSIF,Axis BSE Sensex Index Fund,State Bank of India,Equity,INE062A01020,19042.0,187.0305,0.0404,2025-12-31
Axis Mutual Fund,AXISSIF,Axis BSE Sensex Index Fund,ITC Limited,Equity,INE154A01025,44221.0,178.2106,0.0385,2025-12-31
Axis Mutual Fund,AXISSIF,Axis BSE Sensex Index Fund,Axis Bank Limited,Equity,INE238A01034,13090.0,166.0728,0.0359,2025-12-31
Axis Mutual Fund,AXISSIF,Axis BSE Sensex Index Fund,Mahindra & Mahindra Limited,Equity,INE101A01026,4108.0,152.3904,0.0329,2025-12-31
Axis Mutual Fund,AXISSIF,Axis BSE Sensex Index Fund,Tata Consultancy Services Limited,Equity,INE467B01029,4645.0,148.9071,0.0322,2025-12-31
Axis Mutual Fund,AXISSIF,Axis BSE Sensex Index Fund,Kotak Mahindra Bank Limited,Equity,INE237A01028,6747.0,148.4846,0.0321,2025-12-31
Axis Mutual Fund,AXISSIF,Axis BSE Sensex Index Fund,Bajaj Finance Limited,Equity,INE296A01032,11993.0,118.3289,0.0256,2025-12-31
Axis Mutual Fund,AXISSIF,Axis BSE Sensex Index Fund,Maruti Suzuki India Limited,Equity,INE585B01010,605.0,101.0607,0.0218,2025-12-31
Axis Mutual Fund,AXISSIF,Axis BSE Sensex Index Fund,Hindustan Unilever Limited,Equity,INE030A01027,4093.0,94.7652,0.0205,2025-12-31
Axis Mutual Fund,AXISSIF,Axis BSE Sensex Index Fund,Eternal Limited,Equity,INE758T01015,31849.0,88.5243,0.0191,2025-12-31
Axis Mutual Fund,AXISSIF,Axis BSE Sensex Index Fund,Sun Pharmaceutical Industries Limited,Equity,INE044A01036,4838.0,83.2015,0.018,2025-12-31
Axis Mutual Fund,AXISSIF,Axis BSE Sensex Index Fund,HCL Technologies Limited,Equity,INE860A01027,4850.0,78.781,0.017,2025-12-31
Axis Mutual Fund,AXISSIF,Axis BSE Sensex Index Fund,Titan Company Limited,Equity,INE280A01028,1871.0,75.7877,0.0164,2025-12-31
Axis Mutual Fund,AXISSIF,Axis BSE Sensex Index Fund,NTPC Limited,Equity,INE733E01010,21781.0,71.7575,0.0155,2025-12-31
Axis Mutual Fund,AXISSIF,Axis BSE Sensex Index Fund,Tata Steel Limited,Equity,INE081A01020,37770.0,68.0049,0.0147,2025-12-31
Axis Mutual Fund,AXISSIF,Axis BSE Sensex Index Fund,Bharat Electronics Limited,Equity,INE263A01024,16456.0,65.7746,0.0142,2025-12-31
Axis Mutual Fund,AXISSIF,Axis BSE Sensex Index Fund,UltraTech Cement Limited,Equity,INE481G01011,540.0,63.6414,0.0137,2025-12-31
Axis Mutual Fund,AXISSIF,Axis BSE Sensex Index Fund,Asian Paints Limited,Equity,INE021A01026,2073.0,57.4148,0.0124,2025-12-31
Axis Mutual Fund,AXISSIF,Axis BSE Sensex Index Fund,Power Grid Corporation of India Limited,Equity,INE752E01010,20888.0,55.2592,0.0119,2025-12-31
Axis Mutual Fund,AXISSIF,Axis BSE Sensex Index Fund,Bajaj Finserv Limited,Equity,INE918I01026,2643.0,53.8855,0.0116,2025-12-31
Axis Mutual Fund,AXISSIF,Axis BSE Sensex Index Fund,InterGlobe Aviation Limited,Equity,INE646L01027,1029.0,52.071,0.0112,2025-12-31
Axis Mutual Fund,AXISSIF,Axis BSE Sensex Index Fund,Adani Ports and Special Economic Zone Limited,Equity,INE742F01042,3366.0,49.4634,0.0107,2025-12-31
Axis Mutual Fund,AXISSIF,Axis BSE Sensex Index Fund,Tech Mahindra Limited,Equity,INE669C01036,2926.0,46.5644,0.0101,2025-12-31
Axis Mutual Fund,AXISSIF,Axis BSE Sensex Index Fund,Trent Limited,Equity,INE849A01020,1013.0,43.3366,0.0094,2025-12-31
Axis Mutual Fund,AXISSIF,Axis BSE Sensex Index Fund,Kwality Walls (India) Limited,Equity,INE2KCE01013,4044.0,1.5428,0.0003,2025-12-31
Axis Mutual Fund,AXISSIL,Axis Silver Fund of Fund,Axis Silver ETF,Other,INF846K011K1,40739739.0,91314.051,1.0064,2025-12-31
Axis Mutual Fund,AXISSOF,Axis Services Opportunities Fund,HDFC Bank Limited,Other,INE040A01034,1711000.0,16959.432,0.0912,2025-12-31
Axis Mutual Fund,AXISSOF,Axis Services Opportunities Fund,ICICI Bank Limited,Other,INE090A01021,1168600.0,15693.1294,0.0844,2025-12-31
Axis Mutual Fund,AXISSOF,Axis Services Opportunities Fund,Bharti Airtel Limited,Other,INE397D01024,726397.0,15295.0152,0.0823,2025-12-31
Axis Mutual Fund,AXISSOF,Axis Services Opportunities Fund,Eternal Limited,Other,INE758T01015,4323164.0,12020.5575,0.0647,2025-12-31
Axis Mutual Fund,AXISSOF,Axis Services Opportunities Fund,Bajaj Finance Limited,Other,INE296A01032,838935.0,8278.6106,0.0445,2025-12-31
Axis Mutual Fund,AXISSOF,Axis Services Opportunities Fund,PB Fintech Limited,Other,INE417T01026,400788.0,7316.7857,0.0394,2025-12-31
Axis Mutual Fund,AXISSOF,Axis Services Opportunities Fund,Fortis Healthcare Limited,Other,INE061F01013,805229.0,7118.2244,0.0383,2025-12-31
Axis Mutual Fund,AXISSOF,Axis Services Opportunities Fund,Infosys Limited,Other,INE009A01021,438091.0,7076.922,0.0381,2025-12-31
Axis Mutual Fund,AXISSOF,Axis Services Opportunities Fund,The Indian Hotels Company Limited,Other,INE053A01029,849754.0,6278.4074,0.0338,2025-12-31
Axis Mutual Fund,AXISSOF,Axis Services Opportunities Fund,Apollo Hospitals Enterprise Limited,Other,INE437A01024,87737.0,6178.8782,0.0332,2025-12-31
Axis Mutual Fund,AXISSOF,Axis Services Opportunities Fund,InterGlobe Aviation Limited,Other,INE646L01027,118346.0,5987.7159,0.0322,2025-12-31
Axis Mutual Fund,AXISSOF,Axis Services Opportunities Fund,BSE Limited,Other,INE118H01025,211400.0,5564.4708,0.0299,2025-12-31
Axis Mutual Fund,AXISSOF,Axis Services Opportunities Fund,Cholamandalam Investment and Finance Company Ltd,Other,INE121A01024,317806.0,5409.6937,0.0291,2025-12-31
Axis Mutual Fund,AXISSOF,Axis Services Opportunities Fund,L&T Finance Limited,Other,INE498L01015,1642005.0,5187.9148,0.0279,2025-12-31
Axis Mutual Fund,AXISSOF,Axis Services Opportunities Fund,HDFC Asset Management Company Limited,Other,INE127D01025,173800.0,4644.2836,0.025,2025-12-31
Axis Mutual Fund,AXISSOF,Axis Services Opportunities Fund,Krishna Institute Of Medical Sciences Limited,Other,INE967H01025,755292.0,4596.7071,0.0247,2025-12-31
Axis Mutual Fund,AXISSOF,Axis Services Opportunities Fund,Go Digit General Insurance Limited,Other,INE03JT01014,1251692.0,4313.3306,0.0232,2025-12-31
Axis Mutual Fund,AXISSOF,Axis Services Opportunities Fund,The Federal Bank Limited,Other,INE171A01029,1503100.0,4014.7801,0.0216,2025-12-31
Axis Mutual Fund,AXISSOF,Axis Services Opportunities Fund,Info Edge (India) Limited,Other,INE663F01032,283106.0,3775.5016,0.0203,2025-12-31
Axis Mutual Fund,AXISSOF,Axis Services Opportunities Fund,Swiggy Limited,Other,INE00H001014,902343.0,3485.2998,0.0187,2025-12-31
Axis Mutual Fund,AXISSOF,Axis Services Opportunities Fund,ICICI Lombard General Insurance Company Limited,Other,INE765G01017,168177.0,3299.8009,0.0177,2025-12-31
Axis Mutual Fund,AXISSOF,Axis Services Opportunities Fund,Inventurus Knowledge Solutions Limited,Other,INE115Q01022,193648.0,3210.2965,0.0173,2025-12-31
Axis Mutual Fund,AXISSOF,Axis Services Opportunities Fund,Chalet Hotels Limited,Other,INE427F01016,365179.0,3179.0658,0.0171,2025-12-31
Axis Mutual Fund,AXISSOF,Axis Services Opportunities Fund,Max Healthcare Institute Limited,Other,INE027H01010,264442.0,2763.6833,0.0149,2025-12-31
Axis Mutual Fund,AXISSOF,Axis Services Opportunities Fund,FSN E-Commerce Ventures Limited,Other,INE388Y01029,907800.0,2407.0317,0.0129,2025-12-31
Axis Mutual Fund,AXISSOF,Axis Services Opportunities Fund,TBO Tek Limited,Other,INE673O01025,129187.0,2147.9922,0.0116,2025-12-31
Axis Mutual Fund,AXISSOF,Axis Services Opportunities Fund,One 97 Communications Limited,Other,INE982J01020,160700.0,2087.3323,0.0112,2025-12-31
Axis Mutual Fund,AXISSOF,Axis Services Opportunities Fund,Avenue Supermarts Limited,Other,INE192R01011,52566.0,1988.1513,0.0107,2025-12-31
Axis Mutual Fund,AXISSOF,Axis Services Opportunities Fund,Central Depository Services (India) Limited,Other,INE736A01011,131507.0,1898.4351,0.0102,2025-12-31
Axis Mutual Fund,AXISSOF,Axis Services Opportunities Fund,Rainbow Childrens Medicare Limited,Other,INE961O01016,142662.0,1883.1384,0.0101,2025-12-31
Axis Mutual Fund,AXISSOF,Axis Services Opportunities Fund,Firstsource Solutions Limited,Other,INE684F01012,475230.0,1595.8223,0.0086,2025-12-31
Axis Mutual Fund,AXISSOF,Axis Services Opportunities Fund,Vishal Mega Mart Limited,Other,INE01EA01019,949390.0,1294.6831,0.007,2025-12-31
Axis Mutual Fund,AXISSOF,Axis Services Opportunities Fund,Meesho Ltd,Other,INE0VDM01015,690390.0,1244.2209,0.0067,2025-12-31
Axis Mutual Fund,AXISSOF,Axis Services Opportunities Fund,Capillary Technologies India Limited,Other,INE0ILV01024,173300.0,1166.569,0.0063,2025-12-31
Axis Mutual Fund,AXISSOF,Axis Services Opportunities Fund,Global Health Limited,Other,INE474Q01031,96064.0,1139.7033,0.0061,2025-12-31
Axis Mutual Fund,AXISSOF,Axis Services Opportunities Fund,Niva Bupa Health Insurance Company Limited,Other,INE995S01015,1216510.0,917.2485,0.0049,2025-12-31
Axis Mutual Fund,AXISSOF,Axis Services Opportunities Fund,Wakefit Innovations Limited,Other,INE0E7301029,323000.0,595.7412,0.0032,2025-12-31
Axis Mutual Fund,AXISSOF,Axis Services Opportunities Fund,Healthcare Global Enterprises Limited,Other,INE075I01017,80600.0,533.572,0.0029,2025-12-31
Axis Mutual Fund,AXISSSF,Axis Innovation Fund,Eternal Limited,Other,INE758T01015,2537270.0,7054.8792,0.059,2025-12-31
Axis Mutual Fund,AXISSSF,Axis Innovation Fund,Info Edge (India) Limited,Other,INE663F01032,372706.0,4970.4072,0.0415,2025-12-31
Axis Mutual Fund,AXISSSF,Axis Innovation Fund,Billionbrains Garage Ventures Ltd,Other,INE0HOQ01053,2919884.0,4559.9828,0.0381,2025-12-31
Axis Mutual Fund,AXISSSF,Axis Innovation Fund,One 97 Communications Limited,Other,INE982J01020,351002.0,4559.165,0.0381,2025-12-31
Axis Mutual Fund,AXISSSF,Axis Innovation Fund,PB Fintech Limited,Other,INE417T01026,218931.0,3996.8043,0.0334,2025-12-31
Axis Mutual Fund,AXISSSF,Axis Innovation Fund,FSN E-Commerce Ventures Limited,Other,INE388Y01029,1188996.0,3152.6229,0.0264,2025-12-31
Axis Mutual Fund,AXISSSF,Axis Innovation Fund,Affle 3i Limited,Other,INE00WC01027,175000.0,3148.95,0.0263,2025-12-31
Axis Mutual Fund,AXISSSF,Axis Innovation Fund,Lenskart Solutions Limited,Other,INE956O01016,602400.0,2715.0168,0.0227,2025-12-31
Axis Mutual Fund,AXISSSF,Axis Innovation Fund,Black Buck Ltd,Other,INE0UIZ01018,388726.0,2642.365,0.0221,2025-12-31
Axis Mutual Fund,AXISSSF,Axis Innovation Fund,Bajaj Finserv Limited,Other,INE918I01026,124100.0,2531.5159,0.0212,2025-12-31
Axis Mutual Fund,AXISSSF,Axis Innovation Fund,PTC Industries Limited,Other,INE596F01018,13508.0,2510.0566,0.021,2025-12-31
Axis Mutual Fund,AXISSSF,Axis Innovation Fund,Swiggy Limited,Other,INE00H001014,648699.0,2505.5999,0.0209,2025-12-31
Axis Mutual Fund,AXISSSF,Axis Innovation Fund,Capillary Technologies India Limited,Other,INE0ILV01024,348702.0,2347.2875,0.0196,2025-12-31
Axis Mutual Fund,AXISSSF,Axis Innovation Fund,Aether Industries Limited,Other,INE0BWX01014,272148.0,2340.7449,0.0196,2025-12-31
Axis Mutual Fund,AXISSSF,Axis Innovation Fund,Ather Energy Limited,Other,INE0LEZ01016,309748.0,2337.823,0.0195,2025-12-31
Axis Mutual Fund,AXISSSF,Axis Innovation Fund,Bharti Airtel Limited,Other,INE397D01024,109830.0,2312.5805,0.0193,2025-12-31
Axis Mutual Fund,AXISSSF,Axis Innovation Fund,Pidilite Industries Limited,Other,INE318A01026,155235.0,2301.2036,0.0192,2025-12-31
Axis Mutual Fund,AXISSSF,Axis Innovation Fund,GE Vernova T&D India Limited,Other,INE200A01026,70000.0,2192.75,0.0183,2025-12-31
Axis Mutual Fund,AXISSSF,Axis Innovation Fund,Mahindra & Mahindra Limited,Other,INE101A01026,58010.0,2151.7069,0.018,2025-12-31
Axis Mutual Fund,AXISSSF,Axis Innovation Fund,Sai Life Sciences Limited,Other,INE570L01029,233233.0,2118.6886,0.0177,2025-12-31
Axis Mutual Fund,AXISSSF,Axis Innovation Fund,Delhivery Limited,Other,INE148O01028,507064.0,2047.778,0.0171,2025-12-31
Axis Mutual Fund,AXISSSF,Axis Innovation Fund,Divi's Laboratories Limited,Other,INE361B01024,31883.0,2038.1208,0.017,2025-12-31
Axis Mutual Fund,AXISSSF,Axis Innovation Fund,Linde India Limited,Other,INE473A01011,34144.0,2033.4459,0.017,2025-12-31
Axis Mutual Fund,AXISSSF,Axis Innovation Fund,Jain Resource Recycling Limited,Other,INE0YD401026,484675.0,2013.34,0.0168,2025-12-31
Axis Mutual Fund,AXISSSF,Axis Innovation Fund,Sagility Limited,Other,INE0W2G01015,3810136.0,1982.0327,0.0166,2025-12-31
Axis Mutual Fund,AXISSSF,Axis Innovation Fund,Bharat Electronics Limited,Other,INE263A01024,462608.0,1848.5816,0.0155,2025-12-31
Axis Mutual Fund,AXISSSF,Axis Innovation Fund,Jyoti CNC Automation Ltd,Other,INE980O01024,184593.0,1826.1785,0.0153,2025-12-31
Axis Mutual Fund,AXISSSF,Axis Innovation Fund,Sona BLW Precision Forgings Limited,Other,INE073K01018,380066.0,1822.0364,0.0152,2025-12-31
Axis Mutual Fund,AXISSSF,Axis Innovation Fund,Siemens Limited,Other,INE003A01024,53299.0,1632.7083,0.0136,2025-12-31
Axis Mutual Fund,AXISSSF,Axis Innovation Fund,Sun Pharmaceutical Industries Limited,Other,INE044A01036,92329.0,1587.7818,0.0133,2025-12-31
Axis Mutual Fund,AXISSSF,Axis Innovation Fund,TBO Tek Limited,Other,INE673O01025,95056.0,1580.4961,0.0132,2025-12-31
Axis Mutual Fund,AXISSSF,Axis Innovation Fund,Pine Labs Limited,Other,INE15B701018,652714.0,1562.1404,0.0131,2025-12-31
Axis Mutual Fund,AXISSSF,Axis Innovation Fund,Dixon Technologies (India) Limited,Other,INE935N01020,11905.0,1440.7431,0.012,2025-12-31
Axis Mutual Fund,AXISSSF,Axis Innovation Fund,Meesho Ltd,Other,INE0VDM01015,783367.0,1411.784,0.0118,2025-12-31
Axis Mutual Fund,AXISSSF,Axis Innovation Fund,Neogen Chemicals Limited,Other,INE136S01016,118806.0,1406.9007,0.0118,2025-12-31
Axis Mutual Fund,AXISSSF,Axis Innovation Fund,Wakefit Innovations Limited,Other,INE0E7301029,729811.0,1346.0634,0.0113,2025-12-31
Axis Mutual Fund,AXISSSF,Axis Innovation Fund,Go Digit General Insurance Limited,Other,INE03JT01014,374158.0,1289.3485,0.0108,2025-12-31
Axis Mutual Fund,AXISSSF,Axis Innovation Fund,Siemens Energy India Limited,Other,INE1NPP01017,44951.0,1150.7906,0.0096,2025-12-31
Axis Mutual Fund,AXISSSF,Axis Innovation Fund,Trent Limited,Other,INE849A01020,25715.0,1100.3449,0.0092,2025-12-31
Axis Mutual Fund,AXISSSF,Axis Innovation Fund,Honeywell Automation India Limited,Other,INE671A01010,3286.0,1077.9723,0.009,2025-12-31
Axis Mutual Fund,AXISSSF,Axis Innovation Fund,Tenneco Clean Air India Limited,Other,INE19RI01016,201165.0,1021.717,0.0085,2025-12-31
Axis Mutual Fund,AXISSSF,Axis Innovation Fund,Ellenbarrie Industrial Gases Limited,Other,INE236E01022,270448.0,919.9289,0.0077,2025-12-31
Axis Mutual Fund,AXISSSF,Axis Innovation Fund,Wework India Management Limited,Other,INE085001019,131976.0,797.9929,0.0067,2025-12-31
Axis Mutual Fund,AXISSSF,Axis Innovation Fund,Urban Company Ltd.,Other,INE0CAZ01013,524611.0,700.618,0.0059,2025-12-31
Axis Mutual Fund,AXISSSF,Axis Innovation Fund,Ideaforge Technology Limited,Other,INE349Y01013,122077.0,572.297,0.0048,2025-12-31
Axis Mutual Fund,AXISSSF,Axis Innovation Fund,Carborundum Universal Limited,Other,INE120A01034,56152.0,480.605,0.004,2025-12-31
Axis Mutual Fund,AXISSSF,Axis Innovation Fund,Blue Dart Express Limited,Other,INE233B01017,4286.0,236.6301,0.002,2025-12-31
Axis Mutual Fund,AXISSSF,Axis Innovation Fund,Broadcom Inc,Other,US11135F1012,4470.0,1391.1196,0.0116,2025-12-31
Axis Mutual Fund,AXISSSF,Axis Innovation Fund,Microsoft Corp,Other,US5949181045,2843.0,1236.3358,0.0103,2025-12-31
Axis Mutual Fund,AXISSSF,Axis Innovation Fund,Alphabet Inc A,Other,US02079K3059,3778.0,1063.3142,0.0089,2025-12-31
Axis Mutual Fund,AXISSSF,Axis Innovation Fund,Taiwan Semiconductor Sp ADR,Other,US8740391003,3882.0,1060.7848,0.0089,2025-12-31
Axis Mutual Fund,AXISSSF,Axis Innovation Fund,Meta Platforms Registered Shares A,Other,US30303M1027,1683.0,998.9474,0.0084,2025-12-31
Axis Mutual Fund,AXISSSF,Axis Innovation Fund,Amazon Com Inc,Other,US0231351067,4550.0,944.3656,0.0079,2025-12-31
Axis Mutual Fund,AXISSSF,Axis Innovation Fund,MAKEMYTRIP LTD,Other,MU0295S00016,12688.0,936.9091,0.0078,2025-12-31
Axis Mutual Fund,AXISSSF,Axis Innovation Fund,Nvidia Corp Com,Other,US67066G1040,5088.0,853.2598,0.0071,2025-12-31
Axis Mutual Fund,AXISSSF,Axis Innovation Fund,Advanced Micro Devices Inc,Other,US0079031078,3744.0,720.9905,0.006,2025-12-31
Axis Mutual Fund,AXISSSF,Axis Innovation Fund,ASML Holding NV,Other,USN070592100,637.0,612.8042,0.0051,2025-12-31
Axis Mutual Fund,AXISSSF,Axis Innovation Fund,Visa Inc,Other,US92826C8394,1938.0,611.1633,0.0051,2025-12-31
Axis Mutual Fund,AXISSSF,Axis Innovation Fund,Boston Scientific Corp,Other,US1011371077,6670.0,571.876,0.0048,2025-12-31
Axis Mutual Fund,AXISSSF,Axis Innovation Fund,Arista Networks Inc,Other,US0404132054,4200.0,494.852,0.0041,2025-12-31
Axis Mutual Fund,AXISSSF,Axis Innovation Fund,Eli Lilly & Co,Other,US5324571083,494.0,477.377,0.004,2025-12-31
Axis Mutual Fund,AXISSSF,Axis Innovation Fund,Netflix Inc,Other,US64110L1061,5240.0,441.7781,0.0037,2025-12-31
Axis Mutual Fund,AXISSSF,Axis Innovation Fund,Booking Holdings Inc,Other,US09857L1089,83.0,399.6867,0.0033,2025-12-31
Axis Mutual Fund,AXISSSF,Axis Innovation Fund,SharkNinja INC,Other,KYG8068L1086,3507.0,352.8752,0.0029,2025-12-31
Axis Mutual Fund,AXISSSF,Axis Innovation Fund,Spotify Technology SA,Other,LU1778762911,613.0,320.0922,0.0027,2025-12-31
Axis Mutual Fund,AXISSSF,Axis Innovation Fund,TJX ORD,Other,US8725401090,2269.0,313.4075,0.0026,2025-12-31
Axis Mutual Fund,AXISSSF,Axis Innovation Fund,Ebay Inc,Other,US2786421030,3903.0,305.6835,0.0026,2025-12-31
Axis Mutual Fund,AXISSSF,Axis Innovation Fund,Motorola Solutions Inc,Other,US6200763075,848.0,292.2891,0.0024,2025-12-31
Axis Mutual Fund,AXISSSF,Axis Innovation Fund,Sony Group Corporation - ADR,Other,US8356993076,12307.0,283.3006,0.0024,2025-12-31
Axis Mutual Fund,AXISSSF,Axis Innovation Fund,Salesforce Inc,Other,US79466L3024,1186.0,282.513,0.0024,2025-12-31
Axis Mutual Fund,AXISSSF,Axis Innovation Fund,MercadoLibre Inc,Other,US58733R1023,152.0,275.3052,0.0023,2025-12-31
Axis Mutual Fund,AXISSSF,Axis Innovation Fund,Amer Sports Incorporation,Other,KYG0260P1028,7476.0,251.0818,0.0021,2025-12-31
Axis Mutual Fund,AXISSSF,Axis Innovation Fund,CADENCE DESIGN SYSTEM COM,Other,US1273871087,837.0,235.2567,0.002,2025-12-31
Axis Mutual Fund,AXISSSF,Axis Innovation Fund,NextEra Energy Inc,Other,US65339F1012,3138.0,226.5247,0.0019,2025-12-31
Axis Mutual Fund,AXISSSF,Axis Innovation Fund,Relx Plc,Other,GB00B2B0DG97,6064.0,221.6341,0.0019,2025-12-31
Axis Mutual Fund,AXISSSF,Axis Innovation Fund,ServiceNow Inc,Other,US81762P1021,1325.0,182.5163,0.0015,2025-12-31
Axis Mutual Fund,AXISSSF,Axis Innovation Fund,Sea Ltd,Other,US81141R1005,950.0,108.9752,0.0009,2025-12-31
Axis Mutual Fund,AXISSSF,Axis Innovation Fund,91 Days Tbill (MD 12/03/2026),Other,IN002025X372,500000.0,495.0715,0.0041,2025-12-31
Axis Mutual Fund,AXISSTF,Axis Short Duration Fund,6.28% Government of India (14/07/2032),Other,IN0020250059,47385300.0,46666.1333,0.0367,2025-12-31
Axis Mutual Fund,AXISSTF,Axis Short Duration Fund,7.48% National Bank For Agriculture and Rural Development (15/09/2028),Other,INE261F08EO7,40000.0,40522.88,0.0319,2025-12-31
Axis Mutual Fund,AXISSTF,Axis Short Duration Fund,6.61% Power Finance Corporation Limited (15/07/2028) **,Other,INE134E08NS1,25000.0,24837.7,0.0195,2025-12-31
Axis Mutual Fund,AXISSTF,Axis Short Duration Fund,7.18% Government of India (14/08/2033),Other,IN0020230085,19000000.0,19603.345,0.0154,2025-12-31
Axis Mutual Fund,AXISSTF,Axis Short Duration Fund,7.87% IndiGrid Infrastructure Trust (24/02/2027) **,Other,INE219X07454,19000.0,19183.768,0.0151,2025-12-31
Axis Mutual Fund,AXISSTF,Axis Short Duration Fund,7.53% National Bank For Agriculture and Rural Development (24/03/2028),Other,INE261F08EM1,18000.0,18239.454,0.0144,2025-12-31
Axis Mutual Fund,AXISSTF,Axis Short Duration Fund,7.26% Government of India (22/08/2032),Other,IN0020220060,17500000.0,18102.98,0.0142,2025-12-31
Axis Mutual Fund,AXISSTF,Axis Short Duration Fund,7.4% Bharti Telecom Limited (01/02/2029),Other,INE403D08298,18000.0,17914.95,0.0141,2025-12-31
Axis Mutual Fund,AXISSTF,Axis Short Duration Fund,Jubilant Beverages Limited (31/05/2028) (ZCB) **,Other,INE1D4O08012,15750.0,16857.603,0.0133,2025-12-31
Axis Mutual Fund,AXISSTF,Axis Short Duration Fund,7.62% National Bank For Agriculture and Rural Development (31/01/2028),Other,INE261F08DV4,15400.0,15627.612,0.0123,2025-12-31
Axis Mutual Fund,AXISSTF,Axis Short Duration Fund,8.55% Shriram Finance Limited (28/04/2028) **,Other,INE721A07SP0,15000.0,15341.835,0.0121,2025-12-31
Axis Mutual Fund,AXISSTF,Axis Short Duration Fund,7.55% REC Limited (31/10/2026) **,Other,INE020B08FH7,15000.0,15078.12,0.0119,2025-12-31
Axis Mutual Fund,AXISSTF,Axis Short Duration Fund,7.123% Tata Capital Housing Finance Limited (21/07/2027) **,Other,INE033L07IO1,15000.0,15005.505,0.0118,2025-12-31
Axis Mutual Fund,AXISSTF,Axis Short Duration Fund,7.54% Government of India (23/05/2036),Other,IN0020220029,14000000.0,14777.042,0.0116,2025-12-31
Axis Mutual Fund,AXISSTF,Axis Short Duration Fund,6.79% Government of India (30/12/2031),Other,IN0020240191,13000000.0,13171.587,0.0104,2025-12-31
Axis Mutual Fund,AXISSTF,Axis Short Duration Fund,7.35% Bharti Telecom Limited (15/10/2027) **,Other,INE403D08272,13000.0,12964.848,0.0102,2025-12-31
Axis Mutual Fund,AXISSTF,Axis Short Duration Fund,7.88% IndiGrid Infrastructure Trust (30/04/2029) **,Other,INE219X07439,12500.0,12806.875,0.0101,2025-12-31
Axis Mutual Fund,AXISSTF,Axis Short Duration Fund,7.73% Embassy Office Parks REIT (14/12/2029) **,Other,INE041007159,12500.0,12741.2,0.01,2025-12-31
Axis Mutual Fund,AXISSTF,Axis Short Duration Fund,7.89% Tata Capital Limited (26/07/2027) **,Other,INE306N07MX0,1250.0,12613.3625,0.0099,2025-12-31
Axis Mutual Fund,AXISSTF,Axis Short Duration Fund,6.60% REC Limited (30/06/2027) **,Other,INE020B08FZ9,12500.0,12461.05,0.0098,2025-12-31
Axis Mutual Fund,AXISSTF,Axis Short Duration Fund,7.55% L&T Metro Rail (Hyderabad) Limited (28/04/2035),Other,INE128M08094,12500.0,12380.3125,0.0097,2025-12-31
Axis Mutual Fund,AXISSTF,Axis Short Duration Fund,09.15% Shriram Finance Limited (28/06/2029) **,Other,INE721A07SD6,11000.0,11485.298,0.009,2025-12-31
Axis Mutual Fund,AXISSTF,Axis Short Duration Fund,7.44% National Bank For Agriculture and Rural Development (24/02/2028),Other,INE261F08EK5,11000.0,11128.7,0.0088,2025-12-31
Axis Mutual Fund,AXISSTF,Axis Short Duration Fund,7.44% Small Industries Dev Bank of India (04/09/2026) **,Other,INE556F08KI9,10500.0,10536.057,0.0083,2025-12-31
Axis Mutual Fund,AXISSTF,Axis Short Duration Fund,7.27% Tata Capital Housing Finance Limited (25/04/2028) **,Other,INE033L07IN3,10500.0,10518.144,0.0083,2025-12-31
Axis Mutual Fund,AXISSTF,Axis Short Duration Fund,7.68% Small Industries Dev Bank of India (10/08/2027) **,Other,INE556F08KP4,10300.0,10430.0375,0.0082,2025-12-31
Axis Mutual Fund,AXISSTF,Axis Short Duration Fund,8.1% Tata Capital Housing Finance Limited (13/12/2028) **,Other,INE033L07IB8,10000.0,10239.44,0.0081,2025-12-31
Axis Mutual Fund,AXISSTF,Axis Short Duration Fund,8.52% Muthoot Finance Limited (07/04/2028) **,Other,INE414G07JN3,10000.0,10144.15,0.008,2025-12-31
Axis Mutual Fund,AXISSTF,Axis Short Duration Fund,7.51% Small Industries Dev Bank of India (12/06/2028) **,Other,INE556F08KU4,10000.0,10143.1,0.008,2025-12-31
Axis Mutual Fund,AXISSTF,Axis Short Duration Fund,7.75% Small Industries Dev Bank of India (10/06/2027) **,Other,INE556F08KN9,10000.0,10129.26,0.008,2025-12-31
Axis Mutual Fund,AXISSTF,Axis Short Duration Fund,7.74% LIC Housing Finance Limited (22/10/2027),Other,INE115A07QZ8,10000.0,10120.48,0.008,2025-12-31
Axis Mutual Fund,AXISSTF,Axis Short Duration Fund,7.79% Small Industries Dev Bank of India (19/04/2027) **,Other,INE556F08KK5,10000.0,10119.69,0.008,2025-12-31
Axis Mutual Fund,AXISSTF,Axis Short Duration Fund,8.65% TVS Holdings Limited (07/06/2029) **,Other,INE105A08022,10000.0,10081.15,0.0079,2025-12-31
Axis Mutual Fund,AXISSTF,Axis Short Duration Fund,7.55% Small Industries Dev Bank of India (22/09/2026) **,Other,INE556F08KJ7,10000.0,10045.89,0.0079,2025-12-31
Axis Mutual Fund,AXISSTF,Axis Short Duration Fund,7.99% Godrej Seeds & Genetics Limited (26/12/2028) **,Other,INE316Z08055,10000.0,10035.52,0.0079,2025-12-31
Axis Mutual Fund,AXISSTF,Axis Short Duration Fund,8.46% Aditya Birla Capital Limited (26/02/2027) (FRN) **,Other,INE860H07IX6,10000.0,10019.2,0.0079,2025-12-31
Axis Mutual Fund,AXISSTF,Axis Short Duration Fund,7.99% Godrej Seeds & Genetics Limited (26/03/2029) **,Other,INE316Z08063,10000.0,10018.12,0.0079,2025-12-31
Axis Mutual Fund,AXISSTF,Axis Short Duration Fund,6.73% Power Finance Corporation Limited (15/10/2027) **,Other,INE134E08NW3,10000.0,9988.54,0.0079,2025-12-31
Axis Mutual Fund,AXISSTF,Axis Short Duration Fund,7.02% Bajaj Housing Finance Limited (26/05/2028) **,Other,INE377Y07565,10000.0,9982.49,0.0079,2025-12-31
Axis Mutual Fund,AXISSTF,Axis Short Duration Fund,6.66% National Bank For Agriculture and Rural Development (12/10/2028),Other,INE261F08EP4,10000.0,9934.43,0.0078,2025-12-31
Axis Mutual Fund,AXISSTF,Axis Short Duration Fund,6.27% Power Finance Corporation Limited (15/07/2027) **,Other,INE134E08NT9,10000.0,9924.46,0.0078,2025-12-31
Axis Mutual Fund,AXISSTF,Axis Short Duration Fund,8.15% Godrej Industries Limited (22/11/2029) **,Other,INE233A08147,9500.0,9625.5235,0.0076,2025-12-31
Axis Mutual Fund,AXISSTF,Axis Short Duration Fund,7.9611% HDB Financial Services Limited (05/01/2028) **,Other,INE756I07FB6,9500.0,9617.2775,0.0076,2025-12-31
Axis Mutual Fund,AXISSTF,Axis Short Duration Fund,7.299% Kotak Mahindra Prime Limited (22/09/2028) **,Other,INE916DA7TD8,9500.0,9509.0915,0.0075,2025-12-31
Axis Mutual Fund,AXISSTF,Axis Short Duration Fund,Jubilant Bevco Limited (31/05/2028) (ZCB) **,Other,INE1D4P08019,8750.0,9393.9563,0.0074,2025-12-31
Axis Mutual Fund,AXISSTF,Axis Short Duration Fund,8.1% Tata Capital Housing Finance Limited (19/02/2027) **,Other,INE033L07IE2,9000.0,9099.207,0.0072,2025-12-31
Axis Mutual Fund,AXISSTF,Axis Short Duration Fund,6.68% Government of India (07/07/2040),Other,IN0020250042,8918400.0,8660.1588,0.0068,2025-12-31
Axis Mutual Fund,AXISSTF,Axis Short Duration Fund,8.52% Muthoot Finance Limited (26/05/2028) **,Other,INE414G07JO1,8500.0,8628.231,0.0068,2025-12-31
Axis Mutual Fund,AXISSTF,Axis Short Duration Fund,7.86% Tata Capital Housing Finance Limited (21/09/2029) **,Other,INE033L07IJ1,7500.0,7656.66,0.006,2025-12-31
Axis Mutual Fund,AXISSTF,Axis Short Duration Fund,8.40% Godrej Properties Limited (25/01/2028) **,Other,INE484J08089,7500.0,7622.805,0.006,2025-12-31
Axis Mutual Fund,AXISSTF,Axis Short Duration Fund,7.70% National Bank For Agriculture and Rural Development (30/09/2027) **,Other,INE261F08EI9,7500.0,7601.0475,0.006,2025-12-31
Axis Mutual Fund,AXISSTF,Axis Short Duration Fund,8.37% Aadhar Housing Finance Limited (29/05/2028) **,Other,INE883F07389,7500.0,7587.18,0.006,2025-12-31
Axis Mutual Fund,AXISSTF,Axis Short Duration Fund,8.19% Summit Digitel Infrastructure Limited (01/11/2026) **,Other,INE507T07112,7500.0,7579.3275,0.006,2025-12-31
Axis Mutual Fund,AXISSTF,Axis Short Duration Fund,7.8% Tata Capital Housing Finance Limited (05/08/2027) **,Other,INE033L07HU0,750.0,7576.6425,0.006,2025-12-31
Axis Mutual Fund,AXISSTF,Axis Short Duration Fund,8.10% Godrej Industries Limited (22/05/2028) **,Other,INE233A08154,7500.0,7571.445,0.006,2025-12-31
Axis Mutual Fund,AXISSTF,Axis Short Duration Fund,7.6937% Nexus Select Trust - REIT (28/05/2027) **,Other,INE0NDH07043,7500.0,7546.95,0.0059,2025-12-31
Axis Mutual Fund,AXISSTF,Axis Short Duration Fund,7.43% Small Industries Dev Bank of India (31/08/2026) **,Other,INE556F08KH1,7500.0,7524.63,0.0059,2025-12-31
Axis Mutual Fund,AXISSTF,Axis Short Duration Fund,6.66% Small Industries Dev Bank of India (25/10/2028) **,Other,INE556F08KZ3,7500.0,7453.8375,0.0059,2025-12-31
Axis Mutual Fund,AXISSTF,Axis Short Duration Fund,8.06% Summit Digitel Infrastructure Limited (29/01/2029) **,Other,INE507T07120,7000.0,7184.576,0.0057,2025-12-31
Axis Mutual Fund,AXISSTF,Axis Short Duration Fund,7.7165% Nexus Select Trust - REIT (14/06/2028) **,Other,INE0NDH07035,7000.0,7083.559,0.0056,2025-12-31
Axis Mutual Fund,AXISSTF,Axis Short Duration Fund,7.45% Bharti Telecom Limited (15/12/2028) **,Other,INE403D08280,7000.0,6988.415,0.0055,2025-12-31
Axis Mutual Fund,AXISSTF,Axis Short Duration Fund,8.4% DLF Cyber City Developers Limited (18/06/2027) **,Other,INE186K07098,6400.0,6493.8112,0.0051,2025-12-31
Axis Mutual Fund,AXISSTF,Axis Short Duration Fund,6.33% Government of India (05/05/2035),Other,IN0020250026,6323500.0,6204.2767,0.0049,2025-12-31
Axis Mutual Fund,AXISSTF,Axis Short Duration Fund,7.3% Bharti Telecom Limited (01/12/2027) **,Other,INE403D08306,6000.0,5979.126,0.0047,2025-12-31
Axis Mutual Fund,AXISSTF,Axis Short Duration Fund,7.25% RJ Corp Limited (08/12/2028) **,Other,INE460K08053,5606.0,5588.2738,0.0044,2025-12-31
Axis Mutual Fund,AXISSTF,Axis Short Duration Fund,7.75% Mindspace Business Parks REIT (30/06/2026) **,Other,INE0CCU07082,5500.0,5526.1525,0.0043,2025-12-31
Axis Mutual Fund,AXISSTF,Axis Short Duration Fund,8.55% Indian Railway Finance Corporation Limited (21/02/2029) **,Other,INE053F07BA5,500.0,5224.825,0.0041,2025-12-31
Axis Mutual Fund,AXISSTF,Axis Short Duration Fund,JTPM Metal Traders Limited (29/09/2028) (ZCB) **,Other,INE02PE08036,5000.0,5158.01,0.0041,2025-12-31
Axis Mutual Fund,AXISSTF,Axis Short Duration Fund,7.89% Summit Digitel Infrastructure Limited (30/04/2029) **,Other,INE507T07138,5000.0,5107.88,0.004,2025-12-31
Axis Mutual Fund,AXISSTF,Axis Short Duration Fund,8.05% HDB Financial Services Limited (08/08/2029) **,Other,INE756I07EV7,500.0,5100.665,0.004,2025-12-31
Axis Mutual Fund,AXISSTF,Axis Short Duration Fund,8.65% Muthoot Finance Limited (31/01/2028) **,Other,INE414G07JL7,5000.0,5082.355,0.004,2025-12-31
Axis Mutual Fund,AXISSTF,Axis Short Duration Fund,8.60% Muthoot Finance Limited (02/03/2028) **,Other,INE414G07JM5,5000.0,5079.73,0.004,2025-12-31
Axis Mutual Fund,AXISSTF,Axis Short Duration Fund,7.83% Indian Railway Finance Corporation Limited (19/03/2027) **,Other,INE053F07983,500.0,5061.02,0.004,2025-12-31
Axis Mutual Fund,AXISSTF,Axis Short Duration Fund,7.60% Power Finance Corporation Limited (20/02/2027) **,Other,INE134E08IT9,500.0,5050.6,0.004,2025-12-31
Axis Mutual Fund,AXISSTF,Axis Short Duration Fund,7.59% REC Limited (31/05/2027) **,Other,INE020B08FA2,5000.0,5049.46,0.004,2025-12-31
Axis Mutual Fund,AXISSTF,Axis Short Duration Fund,7.34% Small Industries Dev Bank of India (26/02/2029) **,Other,INE556F08KS8,5000.0,5048.765,0.004,2025-12-31
Axis Mutual Fund,AXISSTF,Axis Short Duration Fund,7.43% National Bank For Financing Infrastructure And Development (16/06/2033) **,Other,INE0KUG08019,5000.0,5048.66,0.004,2025-12-31
Axis Mutual Fund,AXISSTF,Axis Short Duration Fund,7.71% REC Limited (26/02/2027) **,Other,INE020B08EW9,5000.0,5048.07,0.004,2025-12-31
Axis Mutual Fund,AXISSTF,Axis Short Duration Fund,7.30% Power Finance Corporation Limited (07/08/2027) **,Other,INE134E08JE9,500.0,5035.315,0.004,2025-12-31
Axis Mutual Fund,AXISSTF,Axis Short Duration Fund,7.18% Power Finance Corporation Limited (20/01/2027) **,Other,INE134E08IR3,500.0,5026.25,0.004,2025-12-31
Axis Mutual Fund,AXISSTF,Axis Short Duration Fund,7.04% IndiGrid Infrastructure Trust (27/09/2028) **,Other,INE219X07512,5000.0,5005.07,0.0039,2025-12-31
Axis Mutual Fund,AXISSTF,Axis Short Duration Fund,7.5% West Bengal State Development Loans (03/12/2037),Other,IN3420250166,5000000.0,5004.395,0.0039,2025-12-31
Axis Mutual Fund,AXISSTF,Axis Short Duration Fund,7.10% Bajaj Housing Finance Limited (16/10/2028),Other,INE377Y07607,5000.0,5000.445,0.0039,2025-12-31
Axis Mutual Fund,AXISSTF,Axis Short Duration Fund,7.60% Poonawalla Fincorp Limited (28/05/2027) **,Other,INE511C07870,5000.0,4998.06,0.0039,2025-12-31
Axis Mutual Fund,AXISSTF,Axis Short Duration Fund,7.18% Sundaram Finance Limited (16/05/2028) **,Other,INE660A07RX6,5000.0,4996.56,0.0039,2025-12-31
Axis Mutual Fund,AXISSTF,Axis Short Duration Fund,6.90% LIC Housing Finance Limited (17/09/2027) **,Other,INE115A07RH4,5000.0,4991.765,0.0039,2025-12-31
Axis Mutual Fund,AXISSTF,Axis Short Duration Fund,7.08% Power Grid Corporation of India Limited (25/10/2034) **,Other,INE752E08767,5000.0,4988.595,0.0039,2025-12-31
Axis Mutual Fund,AXISSTF,Axis Short Duration Fund,6.47% Indian Railway Finance Corporation Limited (30/05/2028) **,Other,INE053F08510,5000.0,4963.625,0.0039,2025-12-31
Axis Mutual Fund,AXISSTF,Axis Short Duration Fund,7.98% Bajaj Housing Finance Limited (18/11/2027) **,Other,INE377Y07383,450.0,4572.198,0.0036,2025-12-31
Axis Mutual Fund,AXISSTF,Axis Short Duration Fund,7.15% Sundaram Home Finance Limited (16/05/2028) **,Other,INE667F07JB3,4500.0,4495.86,0.0035,2025-12-31
Axis Mutual Fund,AXISSTF,Axis Short Duration Fund,7.39% Andhra Pradesh State Development Loans (03/04/2030),Other,IN1020240017,3999500.0,4067.9194,0.0032,2025-12-31
Axis Mutual Fund,AXISSTF,Axis Short Duration Fund,8.75% Godrej Finance Limited (18/01/2027) **,Other,INE02KN07022,4000.0,4048.72,0.0032,2025-12-31
Axis Mutual Fund,AXISSTF,Axis Short Duration Fund,7.8% National Bank For Agriculture and Rural Development (15/03/2027),Other,INE261F08EF5,4000.0,4043.0,0.0032,2025-12-31
Axis Mutual Fund,AXISSTF,Axis Short Duration Fund,6.48% Government of India (06/10/2035),Other,IN0020250091,4033900.0,3999.0431,0.0031,2025-12-31
Axis Mutual Fund,AXISSTF,Axis Short Duration Fund,6.92% DLF Cyber City Developers Limited (28/07/2028) **,Other,INE186K07122,4000.0,3990.384,0.0031,2025-12-31
Axis Mutual Fund,AXISSTF,Axis Short Duration Fund,8.30% Godrej Properties Limited (19/03/2027) **,Other,INE484J08055,3500.0,3532.382,0.0028,2025-12-31
Axis Mutual Fund,AXISSTF,Axis Short Duration Fund,7.4091% HDB Financial Services Limited (05/06/2028) **,Other,INE756I07FG5,3500.0,3505.2045,0.0028,2025-12-31
Axis Mutual Fund,AXISSTF,Axis Short Duration Fund,8.95% Muthoot Finance Limited (03/05/2027) **,Other,INE414G07JD4,3200.0,3249.7152,0.0026,2025-12-31
Axis Mutual Fund,AXISSTF,Axis Short Duration Fund,7.7% Andhra Pradesh State Development Loans (08/03/2029),Other,IN1020220720,3000000.0,3090.84,0.0024,2025-12-31
Axis Mutual Fund,AXISSTF,Axis Short Duration Fund,7.68% Godrej Seeds & Genetics Limited (28/04/2028) **,Other,INE316Z08048,3000.0,2988.51,0.0024,2025-12-31
Axis Mutual Fund,AXISSTF,Axis Short Duration Fund,7.44% Power Finance Corporation Limited (11/06/2027) **,Other,INE134E08JC3,270.0,2722.6449,0.0021,2025-12-31
Axis Mutual Fund,AXISSTF,Axis Short Duration Fund,8.35% Indian Railway Finance Corporation Limited (13/03/2029) **,Other,INE053F07BC1,250.0,2600.33,0.002,2025-12-31
Axis Mutual Fund,AXISSTF,Axis Short Duration Fund,7.6% Andhra Pradesh State Development Loans (06/04/2029),Other,IN1020230018,2500000.0,2567.7275,0.002,2025-12-31
Axis Mutual Fund,AXISSTF,Axis Short Duration Fund,9.233% Shriram Finance Limited (18/05/2027) **,Other,INE721A07RV0,2500.0,2560.2925,0.002,2025-12-31
Axis Mutual Fund,AXISSTF,Axis Short Duration Fund,7.62% National Bank For Agriculture and Rural Development (10/05/2029) **,Other,INE261F08EH1,2500.0,2544.9425,0.002,2025-12-31
Axis Mutual Fund,AXISSTF,Axis Short Duration Fund,8.08% Kotak Mahindra Prime Limited (21/10/2027) **,Other,INE916DA7SV2,2500.0,2537.5925,0.002,2025-12-31
Axis Mutual Fund,AXISSTF,Axis Short Duration Fund,7.44% Power Finance Corporation Limited (15/01/2030) **,Other,INE134E08NO0,2500.0,2537.23,0.002,2025-12-31
Axis Mutual Fund,AXISSTF,Axis Short Duration Fund,8.1% Bajaj Housing Finance Limited (08/07/2027) **,Other,INE377Y07482,2500.0,2536.655,0.002,2025-12-31
Axis Mutual Fund,AXISSTF,Axis Short Duration Fund,7.75% LIC Housing Finance Limited (23/11/2027) **,Other,INE115A07MQ6,250.0,2532.41,0.002,2025-12-31
Axis Mutual Fund,AXISSTF,Axis Short Duration Fund,7.68% Small Industries Dev Bank of India (10/09/2027) **,Other,INE556F08KQ2,2500.0,2532.2825,0.002,2025-12-31
Axis Mutual Fund,AXISSTF,Axis Short Duration Fund,7.45% Power Finance Corporation Limited (15/07/2028) **,Other,INE134E08NP7,2500.0,2531.9875,0.002,2025-12-31
Axis Mutual Fund,AXISSTF,Axis Short Duration Fund,7.90% Bajaj Finance Limited (13/04/2028) **,Other,INE296A07SI8,250.0,2531.14,0.002,2025-12-31
Axis Mutual Fund,AXISSTF,Axis Short Duration Fund,7.38% Power Finance Corporation Limited (15/01/2032) **,Other,INE134E08NM4,2500.0,2529.445,0.002,2025-12-31
Axis Mutual Fund,AXISSTF,Axis Short Duration Fund,7.34% REC Limited (30/04/2030) **,Other,INE020B08FL9,2500.0,2528.9875,0.002,2025-12-31
Axis Mutual Fund,AXISSTF,Axis Short Duration Fund,7.77% Power Finance Corporation Limited (15/07/2026) **,Other,INE134E08MC7,2500.0,2513.39,0.002,2025-12-31
Axis Mutual Fund,AXISSTF,Axis Short Duration Fund,7.70% REC Limited (31/08/2026),Other,INE020B08FC8,2500.0,2511.475,0.002,2025-12-31
Axis Mutual Fund,AXISSTF,Axis Short Duration Fund,7.35% Sundaram Finance Limited (23/04/2027) **,Other,INE660A07RW8,2500.0,2506.2025,0.002,2025-12-31
Axis Mutual Fund,AXISSTF,Axis Short Duration Fund,7.3763% Bajaj Finance Limited (26/06/2028) **,Other,INE296A07TJ4,2500.0,2503.605,0.002,2025-12-31
Axis Mutual Fund,AXISSTF,Axis Short Duration Fund,7.12% Power Grid Corporation of India Limited (24/12/2034) **,Other,INE752E08775,2500.0,2502.035,0.002,2025-12-31
Axis Mutual Fund,AXISSTF,Axis Short Duration Fund,7.2337% Bajaj Finance Limited (28/06/2027) **,Other,INE296A07TK2,2500.0,2501.3325,0.002,2025-12-31
Axis Mutual Fund,AXISSTF,Axis Short Duration Fund,6.09% Power Finance Corporation Limited (27/08/2026) **,Other,INE134E08LK2,250.0,2487.54,0.002,2025-12-31
Axis Mutual Fund,AXISSTF,Axis Short Duration Fund,6.54% Rajasthan State Development Loans (18/11/2030),Other,IN2920200481,2500000.0,2459.445,0.0019,2025-12-31
Axis Mutual Fund,AXISSTF,Axis Short Duration Fund,6.65% National Bank For Agriculture and Rural Development (25/05/2035) **,Other,INE261F08CE2,250.0,2426.0575,0.0019,2025-12-31
Axis Mutual Fund,AXISSTF,Axis Short Duration Fund,7.44% Madhya Pradesh State Development Loans (03/12/2038),Other,IN2120250260,2377800.0,2367.7443,0.0019,2025-12-31
Axis Mutual Fund,AXISSTF,Axis Short Duration Fund,8.9% Bharti Telecom Limited (05/11/2034) **,Other,INE403D08215,2000.0,2144.306,0.0017,2025-12-31
Axis Mutual Fund,AXISSTF,Axis Short Duration Fund,7.68% Small Industries Dev Bank of India (09/07/2027) **,Other,INE556F08KO7,2000.0,2024.366,0.0016,2025-12-31
Axis Mutual Fund,AXISSTF,Axis Short Duration Fund,6.58% Gujarat State Development Loans (31/03/2027),Other,IN1520200347,2000000.0,2014.096,0.0016,2025-12-31
Axis Mutual Fund,AXISSTF,Axis Short Duration Fund,8.05% Muthoot Finance Limited (25/11/2027),Other,INE414G07JQ6,2000.0,2013.582,0.0016,2025-12-31
Axis Mutual Fund,AXISSTF,Axis Short Duration Fund,7.54% Bihar State Development Loans (03/09/2033),Other,IN1320250088,2000000.0,2009.458,0.0016,2025-12-31
Axis Mutual Fund,AXISSTF,Axis Short Duration Fund,7.68% Godrej Seeds & Genetics Limited (28/01/2028) **,Other,INE316Z08022,2000.0,1993.912,0.0016,2025-12-31
Axis Mutual Fund,AXISSTF,Axis Short Duration Fund,7.68% Godrej Seeds & Genetics Limited (27/10/2028) **,Other,INE316Z08014,2000.0,1991.05,0.0016,2025-12-31
Axis Mutual Fund,AXISSTF,Axis Short Duration Fund,7.68% Godrej Seeds & Genetics Limited (28/07/2028) **,Other,INE316Z08030,2000.0,1990.516,0.0016,2025-12-31
Axis Mutual Fund,AXISSTF,Axis Short Duration Fund,7.98% Bajaj Housing Finance Limited (09/09/2026) **,Other,INE377Y07490,1900.0,1912.4754,0.0015,2025-12-31
Axis Mutual Fund,AXISSTF,Axis Short Duration Fund,Government of India (05/08/2032),Other,IN000832C039,2552400.0,1641.7369,0.0013,2025-12-31
Axis Mutual Fund,AXISSTF,Axis Short Duration Fund,Government of India (15/10/2032),Other,IN001032C043,2518500.0,1597.2352,0.0013,2025-12-31
Axis Mutual Fund,AXISSTF,Axis Short Duration Fund,6.76% Government of India (22/08/2027),Other,IN000827C021,1690000.0,1539.2537,0.0012,2025-12-31
Axis Mutual Fund,AXISSTF,Axis Short Duration Fund,7.96% Embassy Office Parks REIT (27/09/2027) **,Other,INE041007142,1500.0,1521.2925,0.0012,2025-12-31
Axis Mutual Fund,AXISSTF,Axis Short Duration Fund,7.6% Kotak Mahindra Prime Limited (19/05/2028) **,Other,INE916DA7SZ3,1500.0,1510.644,0.0012,2025-12-31
Axis Mutual Fund,AXISSTF,Axis Short Duration Fund,Government of India (22/10/2028),Other,IN001028C033,1541400.0,1301.6861,0.001,2025-12-31
Axis Mutual Fund,AXISSTF,Axis Short Duration Fund,4.7% Government of India (22/09/2033),Other,IN0020200120,1162000.0,1199.8033,0.0009,2025-12-31
Axis Mutual Fund,AXISSTF,Axis Short Duration Fund,7.54% Andhra Pradesh State Development Loans (11/01/2029),Other,IN1020220613,1000000.0,1024.702,0.0008,2025-12-31
Axis Mutual Fund,AXISSTF,Axis Short Duration Fund,7.35% Export Import Bank of India (27/07/2028),Other,INE514E08GE8,1000.0,1013.64,0.0008,2025-12-31
Axis Mutual Fund,AXISSTF,Axis Short Duration Fund,8.30% Godrej Industries Limited (12/06/2026) **,Other,INE233A08071,1000.0,1004.328,0.0008,2025-12-31
Axis Mutual Fund,AXISSTF,Axis Short Duration Fund,Government of India (05/02/2027),Other,IN000227C032,1063500.0,999.5294,0.0008,2025-12-31
Axis Mutual Fund,AXISSTF,Axis Short Duration Fund,Government of India (05/02/2028),Other,IN000228C030,1063500.0,937.4455,0.0007,2025-12-31
Axis Mutual Fund,AXISSTF,Axis Short Duration Fund,9.20% Government of India (30/09/2030),Other,IN0020130053,500000.0,557.85,0.0004,2025-12-31
Axis Mutual Fund,AXISSTF,Axis Short Duration Fund,7.32% Government of India (13/11/2030),Other,IN0020230135,500000.0,519.2365,0.0004,2025-12-31
Axis Mutual Fund,AXISSTF,Axis Short Duration Fund,8.22% National Bank For Agriculture and Rural Development (13/12/2028) **,Other,INE261F08AV0,50.0,518.706,0.0004,2025-12-31
Axis Mutual Fund,AXISSTF,Axis Short Duration Fund,7.75% Gujarat State Development Loans (13/12/2027),Other,IN1520170136,500000.0,514.5125,0.0004,2025-12-31
Axis Mutual Fund,AXISSTF,Axis Short Duration Fund,7.99% LIC Housing Finance Limited (12/07/2029) **,Other,INE115A07OF5,50.0,512.1205,0.0004,2025-12-31
Axis Mutual Fund,AXISSTF,Axis Short Duration Fund,8.32% Torrent Power Limited (28/02/2028) **,Other,INE813H07374,500.0,508.336,0.0004,2025-12-31
Axis Mutual Fund,AXISSTF,Axis Short Duration Fund,8.12% Kotak Mahindra Prime Limited (21/06/2027) **,Other,INE916DA7SU4,500.0,506.5705,0.0004,2025-12-31
Axis Mutual Fund,AXISSTF,Axis Short Duration Fund,7.7951% Bajaj Finance Limited (10/12/2027) **,Other,INE296A07TF2,500.0,505.492,0.0004,2025-12-31
Axis Mutual Fund,AXISSTF,Axis Short Duration Fund,7.8350% LIC Housing Finance Limited (11/05/2027) **,Other,INE115A07QO2,500.0,505.306,0.0004,2025-12-31
Axis Mutual Fund,AXISSTF,Axis Short Duration Fund,7.9237% Bajaj Housing Finance Limited (16/03/2026) **,Other,INE377Y07375,50.0,501.483,0.0004,2025-12-31
Axis Mutual Fund,AXISSTF,Axis Short Duration Fund,6.50% Tata Capital Housing Finance Limited (15/06/2026) **,Other,INE033L07HF1,50.0,498.9815,0.0004,2025-12-31
Axis Mutual Fund,AXISSTF,Axis Short Duration Fund,6.69% Tamilnadu State Development Loans (23/09/2030),Other,IN3120200297,500000.0,496.845,0.0004,2025-12-31
Axis Mutual Fund,AXISSTF,Axis Short Duration Fund,7.38% Government of India (20/06/2027),Other,IN0020220037,484600.0,496.1126,0.0004,2025-12-31
Axis Mutual Fund,AXISSTF,Axis Short Duration Fund,7.04% Government of India (03/06/2029),Other,IN0020240050,479400.0,494.039,0.0004,2025-12-31
Axis Mutual Fund,AXISSTF,Axis Short Duration Fund,7.56% REC Limited (31/08/2027) **,Other,INE020B08FF1,454.0,459.0426,0.0004,2025-12-31
Axis Mutual Fund,AXISSTF,Axis Short Duration Fund,7.59% Government of India (11/01/2026),Other,IN0020150093,455600.0,455.8765,0.0004,2025-12-31
Axis Mutual Fund,AXISSTF,Axis Short Duration Fund,6.67% Government of India (15/12/2035),Other,IN0020210152,452300.0,451.3963,0.0004,2025-12-31
Axis Mutual Fund,AXISSTF,Axis Short Duration Fund,6.64% Government of India (16/06/2035),Other,IN0020210020,410900.0,409.7499,0.0003,2025-12-31
Axis Mutual Fund,AXISSTF,Axis Short Duration Fund,8.5% Cholamandalam Investment and Finance Company Ltd (30/01/2027) **,Other,INE121A07RT7,39254.0,397.2693,0.0003,2025-12-31
Axis Mutual Fund,AXISSTF,Axis Short Duration Fund,7.37% Government of India (23/10/2028),Other,IN0020230101,359600.0,373.893,0.0003,2025-12-31
Axis Mutual Fund,AXISSTF,Axis Short Duration Fund,7.17% Government of India (17/04/2030),Other,IN0020230036,339100.0,349.7471,0.0003,2025-12-31
Axis Mutual Fund,AXISSTF,Axis Short Duration Fund,6.75% Government of India (23/12/2029),Other,IN0020240183,333600.0,340.2053,0.0003,2025-12-31
Axis Mutual Fund,AXISSTF,Axis Short Duration Fund,7.34% Government of India (22/04/2064),Other,IN0020240035,297600.0,296.7048,0.0002,2025-12-31
Axis Mutual Fund,AXISSTF,Axis Short Duration Fund,7.3% Government of India (19/06/2053),Other,IN0020230051,251700.0,252.1453,0.0002,2025-12-31
Axis Mutual Fund,AXISSTF,Axis Short Duration Fund,6.79% Government of India (15/05/2027),Other,IN0020170026,240400.0,243.7976,0.0002,2025-12-31
Axis Mutual Fund,AXISSTF,Axis Short Duration Fund,7.17% West Bangal State Development Loans (02/03/2032),Other,IN3420210269,244400.0,243.4757,0.0002,2025-12-31
Axis Mutual Fund,AXISSTF,Axis Short Duration Fund,8.15% Government of India (24/11/2026),Other,IN0020140060,210000.0,214.6095,0.0002,2025-12-31
Axis Mutual Fund,AXISSTF,Axis Short Duration Fund,7.26% Government of India (14/01/2029),Other,IN0020180454,200000.0,207.5492,0.0002,2025-12-31
Axis Mutual Fund,AXISSTF,Axis Short Duration Fund,7.52% Uttar Pradesh State Development Loans (24/05/2027),Other,IN3320170043,200000.0,203.7784,0.0002,2025-12-31
Axis Mutual Fund,AXISSTF,Axis Short Duration Fund,7.53% Haryana State Development Loans (24/05/2027),Other,IN1620170010,200000.0,203.604,0.0002,2025-12-31
Axis Mutual Fund,AXISSTF,Axis Short Duration Fund,6.1% Government of India (12/07/2031),Other,IN0020210095,200000.0,196.8112,0.0002,2025-12-31
Axis Mutual Fund,AXISSTF,Axis Short Duration Fund,7.26% Government of India (06/02/2033),Other,IN0020220151,150000.0,155.2985,0.0001,2025-12-31
Axis Mutual Fund,AXISSTF,Axis Short Duration Fund,7.1% Government of India (08/04/2034),Other,IN0020240019,125200.0,128.7827,0.0001,2025-12-31
Axis Mutual Fund,AXISSTF,Axis Short Duration Fund,6.79% Government of India (07/10/2034),Other,IN0020240126,126700.0,127.8356,0.0001,2025-12-31
Axis Mutual Fund,AXISSTF,Axis Short Duration Fund,6.92% Government of India (18/11/2039),Other,IN0020240134,127200.0,127.256,0.0001,2025-12-31
Axis Mutual Fund,AXISSTF,Axis Short Duration Fund,7.64% Food Corporation Of India (12/12/2029) **,Other,INE861G08050,10.0,101.959,0.0001,2025-12-31
Axis Mutual Fund,AXISSTF,Axis Short Duration Fund,6.79% Government of India (26/12/2029),Other,IN0020160118,68700.0,70.0535,0.0001,2025-12-31
Axis Mutual Fund,AXISSTF,Axis Short Duration Fund,7.90% Bajaj Housing Finance Limited (28/04/2028) **,Other,INE377Y07417,5.0,50.8258,$0.00%,2025-12-31
Axis Mutual Fund,AXISSTF,Axis Short Duration Fund,7.23% Tamilnadu State Development Loans (14/06/2027),Other,IN3120170045,50000.0,50.7982,$0.00%,2025-12-31
Axis Mutual Fund,AXISSTF,Axis Short Duration Fund,8.3774% HDB Financial Services Limited (24/04/2026) **,Other,INE756I07ER5,50.0,50.1627,$0.00%,2025-12-31
Axis Mutual Fund,AXISSTF,Axis Short Duration Fund,8.60% Government of India (02/06/2028),Other,IN0020140011,35000.0,37.1501,$0.00%,2025-12-31
Axis Mutual Fund,AXISSTF,Axis Short Duration Fund,7.18% Government of India (24/07/2037),Other,IN0020230077,31100.0,31.8744,$0.00%,2025-12-31
Axis Mutual Fund,AXISSTF,Axis Short Duration Fund,7.59% Government of India (20/03/2029),Other,IN0020150069,20800.0,21.7672,$0.00%,2025-12-31
Axis Mutual Fund,AXISSTF,Axis Short Duration Fund,7.16% Rajasthan State Development Loans (16/10/2029),Other,IN2920190237,17200.0,17.4356,$0.00%,2025-12-31
Axis Mutual Fund,AXISSTF,Axis Short Duration Fund,8.97% Government of India (05/12/2030),Other,IN0020110055,9000.0,9.9794,$0.00%,2025-12-31
Axis Mutual Fund,AXISSTF,Axis Short Duration Fund,7.45% Bihar State Development Loans (10/09/2034),Other,IN1320250104,7600.0,7.5801,$0.00%,2025-12-31
Axis Mutual Fund,AXISSTF,Axis Short Duration Fund,5.79% Government of India (11/05/2030),Other,IN0020200070,6600.0,6.4614,$0.00%,2025-12-31
Axis Mutual Fund,AXISSTF,Axis Short Duration Fund,7.88% Government of India (19/03/2030),Other,IN0020150028,200.0,0.2116,$0.00%,2025-12-31
Axis Mutual Fund,AXISSTF,Axis Short Duration Fund,7.7954% Reliance Life Sciences Private Limited (05/11/2027) ** #,Other,INE11LM07031,750.0,7568.7075,0.006,2025-12-31
Axis Mutual Fund,AXISSTF,Axis Short Duration Fund,Siddhivinayak Securitisation Trust (28/09/2030) **,Other,INE2I7F15012,213.0,21397.1056,0.0168,2025-12-31
Axis Mutual Fund,AXISSTF,Axis Short Duration Fund,Shivshakti Securitisation Trust (28/09/2029) **,Other,INE2I7G15010,118.0,11839.8193,0.0093,2025-12-31
Axis Mutual Fund,AXISSTF,Axis Short Duration Fund,India Universal Trust (20/09/2030) **,Other,INE16J715035,128.0,11807.7632,0.0093,2025-12-31
Axis Mutual Fund,AXISSTF,Axis Short Duration Fund,Radhakrishna Securitisation Trust (28/09/2028) **,Other,INE2I7H15018,74.0,7392.503,0.0058,2025-12-31
Axis Mutual Fund,AXISSTF,Axis Short Duration Fund,Sansar Trust (25/04/2031) **,Other,INE1WMT15017,500000000.0,5005.5,0.0039,2025-12-31
Axis Mutual Fund,AXISSTF,Axis Short Duration Fund,India Universal Trust (21/11/2030) **,Other,INE1CBK15037,51.0,4883.047,0.0038,2025-12-31
Axis Mutual Fund,AXISSTF,Axis Short Duration Fund,Sansar Trust (25/06/2030) **,Other,INE0YWN15017,1000000000.0,3776.0,0.003,2025-12-31
Axis Mutual Fund,AXISSTF,Axis Short Duration Fund,India Universal Trust (21/11/2027) **,Other,INE1CBK15029,48.0,3578.3191,0.0028,2025-12-31
Axis Mutual Fund,AXISSTF,Axis Short Duration Fund,India Universal Trust (20/07/2027) **,Other,INE16J715027,34.0,2799.9002,0.0022,2025-12-31
Axis Mutual Fund,AXISSTF,Axis Short Duration Fund,Sansar Trust (17/03/2028) **,Other,INE0RVR15014,450000000.0,1452.15,0.0011,2025-12-31
Axis Mutual Fund,AXISSTF,Axis Short Duration Fund,India Universal Trust (20/09/2026) **,Other,INE16J715019,12.0,303.3391,0.0002,2025-12-31
Axis Mutual Fund,AXISSTF,Axis Short Duration Fund,Punjab National Bank (15/12/2026) **,Other,INE160A16TZ9,3000.0,14110.725,0.0111,2025-12-31
Axis Mutual Fund,AXISSTF,Axis Short Duration Fund,HDFC Bank Limited (13/11/2026) **,Other,INE040A16HW5,2000.0,9458.71,0.0074,2025-12-31
Axis Mutual Fund,AXISSTF,Axis Short Duration Fund,Small Industries Dev Bank of India (04/12/2026) **,Other,INE556F16BS0,2000.0,9419.07,0.0074,2025-12-31
Axis Mutual Fund,AXISSTF,Axis Short Duration Fund,Small Industries Dev Bank of India (16/12/2026) **,Other,INE556F16BT8,2000.0,9399.63,0.0074,2025-12-31
Axis Mutual Fund,AXISSTF,Axis Short Duration Fund,HDFC Bank Limited (21/12/2026),Other,INE040A16II2,2000.0,9397.54,0.0074,2025-12-31
Axis Mutual Fund,AXISSTF,Axis Short Duration Fund,Canara Bank (18/03/2026),Other,INE476A16B64,1500.0,7407.6975,0.0058,2025-12-31
Axis Mutual Fund,AXISSTF,Axis Short Duration Fund,Small Industries Dev Bank of India (27/10/2026) **,Other,INE556F16BN1,1000.0,4740.59,0.0037,2025-12-31
Axis Mutual Fund,AXISSTF,Axis Short Duration Fund,Canara Bank (20/02/2026) **,Other,INE476A16A57,500.0,2479.8725,0.002,2025-12-31
Axis Mutual Fund,AXISSTF,Axis Short Duration Fund,HDFC Bank Limited (17/03/2026),Other,INE040A16IB7,500.0,2470.18,0.0019,2025-12-31
Axis Mutual Fund,AXISSTF,Axis Short Duration Fund,HDFC Bank Limited (18/03/2026),Other,INE040A16IC5,500.0,2469.7875,0.0019,2025-12-31
Axis Mutual Fund,AXISSTF,Axis Short Duration Fund,Export Import Bank of India (20/03/2026),Other,INE514E16CK7,500.0,2468.82,0.0019,2025-12-31
Axis Mutual Fund,AXISSTF,Axis Short Duration Fund,Small Industries Dev Bank of India (27/02/2026),Other,INE556F16BB6,200.0,990.717,0.0008,2025-12-31
Axis Mutual Fund,AXISSTF,Axis Short Duration Fund,HDFC Bank Limited (24/03/2026),Other,INE040A16GS5,200.0,986.897,0.0008,2025-12-31
Axis Mutual Fund,AXISSTF,Axis Short Duration Fund,Small Industries Dev Bank of India (06/03/2026) **,Other,INE556F14LU0,1000.0,4947.99,0.0039,2025-12-31
Axis Mutual Fund,AXISSTF,Axis Short Duration Fund,SBI - Corporate Debt Market Development Fund (CDMDF) - Class A2,Other,INF0RQ622028,27480.142,3174.9985,0.0025,2025-12-31
Axis Mutual Fund,AXISTAA,Axis Treasury Advantage Fund,7.43% Small Industries Dev Bank of India (31/08/2026) **,Other,INE556F08KH1,23000.0,23075.532,0.0386,2025-12-31
Axis Mutual Fund,AXISTAA,Axis Treasury Advantage Fund,7.50% National Bank For Agriculture and Rural Development (31/08/2026) **,Other,INE261F08EA6,21500.0,21579.0555,0.0361,2025-12-31
Axis Mutual Fund,AXISTAA,Axis Treasury Advantage Fund,4.04% Government of India (04/10/2028),Other,IN0020210160,17425000.0,17564.4,0.0294,2025-12-31
Axis Mutual Fund,AXISTAA,Axis Treasury Advantage Fund,7.55% Poonawalla Fincorp Limited (25/03/2027) **,Other,INE511C07946,14050.0,14051.6158,0.0235,2025-12-31
Axis Mutual Fund,AXISTAA,Axis Treasury Advantage Fund,8.75% Motilal Oswal Finvest Limited (29/10/2027) **,Other,INE01WN07136,12500.0,12592.9,0.0211,2025-12-31
Axis Mutual Fund,AXISTAA,Axis Treasury Advantage Fund,9% Piramal Finance Limited (28/06/2027) **,Other,INE202B07JT0,12500.0,12563.175,0.021,2025-12-31
Axis Mutual Fund,AXISTAA,Axis Treasury Advantage Fund,7.74% LIC Housing Finance Limited (22/10/2027),Other,INE115A07QZ8,10000.0,10120.48,0.0169,2025-12-31
Axis Mutual Fund,AXISTAA,Axis Treasury Advantage Fund,7.59% REC Limited (31/05/2027) **,Other,INE020B08FA2,10000.0,10098.92,0.0169,2025-12-31
Axis Mutual Fund,AXISTAA,Axis Treasury Advantage Fund,7.60% Poonawalla Fincorp Limited (28/05/2027) **,Other,INE511C07870,10000.0,9996.12,0.0167,2025-12-31
Axis Mutual Fund,AXISTAA,Axis Treasury Advantage Fund,7.70% REC Limited (31/08/2026),Other,INE020B08FC8,9500.0,9543.605,0.016,2025-12-31
Axis Mutual Fund,AXISTAA,Axis Treasury Advantage Fund,7.44% Small Industries Dev Bank of India (04/09/2026) **,Other,INE556F08KI9,9460.0,9492.4856,0.0159,2025-12-31
Axis Mutual Fund,AXISTAA,Axis Treasury Advantage Fund,7.53% National Bank For Agriculture and Rural Development (24/03/2028),Other,INE261F08EM1,9000.0,9119.727,0.0153,2025-12-31
Axis Mutual Fund,AXISTAA,Axis Treasury Advantage Fund,7.86% Karnataka State Development Loans (15/03/2027),Other,IN1920160117,8500000.0,8681.5515,0.0145,2025-12-31
Axis Mutual Fund,AXISTAA,Axis Treasury Advantage Fund,7.70% National Bank For Agriculture and Rural Development (30/09/2027) **,Other,INE261F08EI9,8500.0,8614.5205,0.0144,2025-12-31
Axis Mutual Fund,AXISTAA,Axis Treasury Advantage Fund,JTPM Metal Traders Limited (29/09/2028) (ZCB) **,Other,INE02PE08036,7500.0,7737.015,0.0129,2025-12-31
Axis Mutual Fund,AXISTAA,Axis Treasury Advantage Fund,7.29% West Bengal State Development Loans (28/12/2026),Other,IN3420160126,7428400.0,7532.7913,0.0126,2025-12-31
Axis Mutual Fund,AXISTAA,Axis Treasury Advantage Fund,7.7201% LIC Housing Finance Limited (12/02/2026) **,Other,INE115A07QB9,750.0,7509.54,0.0126,2025-12-31
Axis Mutual Fund,AXISTAA,Axis Treasury Advantage Fund,6.73% Power Finance Corporation Limited (15/10/2027) **,Other,INE134E08NW3,7500.0,7491.405,0.0125,2025-12-31
Axis Mutual Fund,AXISTAA,Axis Treasury Advantage Fund,Jubilant Beverages Limited (31/05/2028) (ZCB) **,Other,INE1D4O08012,6500.0,6957.106,0.0116,2025-12-31
Axis Mutual Fund,AXISTAA,Axis Treasury Advantage Fund,7.1% West Bangal State Development Loans (14/12/2026),Other,IN3420160118,6634700.0,6711.9943,0.0112,2025-12-31
Axis Mutual Fund,AXISTAA,Axis Treasury Advantage Fund,7.55% Small Industries Dev Bank of India (22/09/2026) **,Other,INE556F08KJ7,6500.0,6529.8285,0.0109,2025-12-31
Axis Mutual Fund,AXISTAA,Axis Treasury Advantage Fund,Jubilant Bevco Limited (31/05/2028) (ZCB) **,Other,INE1D4P08019,5500.0,5904.7725,0.0099,2025-12-31
Axis Mutual Fund,AXISTAA,Axis Treasury Advantage Fund,7.59% Karnataka State Development Loans (29/03/2027),Other,IN1920160125,5500000.0,5603.598,0.0094,2025-12-31
Axis Mutual Fund,AXISTAA,Axis Treasury Advantage Fund,8.4% DLF Cyber City Developers Limited (18/06/2027) **,Other,INE186K07098,5100.0,5174.7558,0.0087,2025-12-31
Axis Mutual Fund,AXISTAA,Axis Treasury Advantage Fund,7.74% Tamilnadu State Development Loans (01/03/2027),Other,IN3120161309,5000000.0,5096.85,0.0085,2025-12-31
Axis Mutual Fund,AXISTAA,Axis Treasury Advantage Fund,8.65% Bharti Telecom Limited (05/11/2027) **,Other,INE403D08231,5000.0,5094.52,0.0085,2025-12-31
Axis Mutual Fund,AXISTAA,Axis Treasury Advantage Fund,7.48% National Bank For Agriculture and Rural Development (15/09/2028),Other,INE261F08EO7,5000.0,5065.36,0.0085,2025-12-31
Axis Mutual Fund,AXISTAA,Axis Treasury Advantage Fund,7.79% Small Industries Dev Bank of India (14/05/2027) **,Other,INE556F08KM1,5000.0,5064.385,0.0085,2025-12-31
Axis Mutual Fund,AXISTAA,Axis Treasury Advantage Fund,7.7165% Nexus Select Trust - REIT (14/06/2028) **,Other,INE0NDH07035,5000.0,5059.685,0.0085,2025-12-31
Axis Mutual Fund,AXISTAA,Axis Treasury Advantage Fund,7.8% National Bank For Agriculture and Rural Development (15/03/2027),Other,INE261F08EF5,5000.0,5053.75,0.0085,2025-12-31
Axis Mutual Fund,AXISTAA,Axis Treasury Advantage Fund,8.18% Haryana Uday Bond (15/06/2026),Other,IN1620160052,5000000.0,5053.35,0.0085,2025-12-31
Axis Mutual Fund,AXISTAA,Axis Treasury Advantage Fund,8.33% Tata Projects Limited (24/06/2027) **,Other,INE725H08188,5000.0,5049.545,0.0084,2025-12-31
Axis Mutual Fund,AXISTAA,Axis Treasury Advantage Fund,8.10% Godrej Industries Limited (22/05/2028) **,Other,INE233A08154,5000.0,5047.63,0.0084,2025-12-31
Axis Mutual Fund,AXISTAA,Axis Treasury Advantage Fund,7.98% Bajaj Housing Finance Limited (09/09/2026) **,Other,INE377Y07490,5000.0,5032.83,0.0084,2025-12-31
Axis Mutual Fund,AXISTAA,Axis Treasury Advantage Fund,8.55% Nomura Capital India Pvt Limited (30/04/2026) **,Other,INE357L07465,5000.0,5020.74,0.0084,2025-12-31
Axis Mutual Fund,AXISTAA,Axis Treasury Advantage Fund,7.88% Muthoot Finance Limited (22/11/2028) **,Other,INE414G07JS2,5000.0,5011.09,0.0084,2025-12-31
Axis Mutual Fund,AXISTAA,Axis Treasury Advantage Fund,8.46% Aditya Birla Capital Limited (26/02/2027) (FRN) **,Other,INE860H07IX6,5000.0,5009.6,0.0084,2025-12-31
Axis Mutual Fund,AXISTAA,Axis Treasury Advantage Fund,7.27% Tata Capital Housing Finance Limited (25/04/2028) **,Other,INE033L07IN3,5000.0,5008.64,0.0084,2025-12-31
Axis Mutual Fund,AXISTAA,Axis Treasury Advantage Fund,6.60% REC Limited (30/06/2027) **,Other,INE020B08FZ9,5000.0,4984.42,0.0083,2025-12-31
Axis Mutual Fund,AXISTAA,Axis Treasury Advantage Fund,7.59% Karnataka State Development Loans (15/02/2027),Other,IN1920160091,4500000.0,4576.815,0.0077,2025-12-31
Axis Mutual Fund,AXISTAA,Axis Treasury Advantage Fund,8.52% Muthoot Finance Limited (26/05/2028) **,Other,INE414G07JO1,4500.0,4567.887,0.0076,2025-12-31
Axis Mutual Fund,AXISTAA,Axis Treasury Advantage Fund,8.75% Piramal Finance Limited (29/10/2027) **,Other,INE202B07JW4,4500.0,4506.4035,0.0075,2025-12-31
Axis Mutual Fund,AXISTAA,Axis Treasury Advantage Fund,8.75% 360 One Prime Limited (10/09/2027) **,Other,INE248U07GA9,4500.0,4500.261,0.0075,2025-12-31
Axis Mutual Fund,AXISTAA,Axis Treasury Advantage Fund,8.60% Muthoot Finance Limited (02/03/2028) **,Other,INE414G07JM5,4000.0,4063.784,0.0068,2025-12-31
Axis Mutual Fund,AXISTAA,Axis Treasury Advantage Fund,8.52% Muthoot Finance Limited (07/04/2028) **,Other,INE414G07JN3,3500.0,3550.4525,0.0059,2025-12-31
Axis Mutual Fund,AXISTAA,Axis Treasury Advantage Fund,6.92% DLF Cyber City Developers Limited (28/07/2028) **,Other,INE186K07122,3500.0,3491.586,0.0058,2025-12-31
Axis Mutual Fund,AXISTAA,Axis Treasury Advantage Fund,8.65% Aadhar Housing Finance Limited (20/08/2027),Other,INE883F07330,3000.0,3041.388,0.0051,2025-12-31
Axis Mutual Fund,AXISTAA,Axis Treasury Advantage Fund,8.49% Kerala State Development Loans (10/02/2026),Other,IN2020150156,3030000.0,3039.19,0.0051,2025-12-31
Axis Mutual Fund,AXISTAA,Axis Treasury Advantage Fund,7.88% IndiGrid Infrastructure Trust (30/04/2029) **,Other,INE219X07439,2500.0,2561.375,0.0043,2025-12-31
Axis Mutual Fund,AXISTAA,Axis Treasury Advantage Fund,7.68% Small Industries Dev Bank of India (10/08/2027) **,Other,INE556F08KP4,2500.0,2531.5625,0.0042,2025-12-31
Axis Mutual Fund,AXISTAA,Axis Treasury Advantage Fund,7.19% Gujarat State Development Loans (25/01/2027),Other,IN1520160186,2500000.0,2530.535,0.0042,2025-12-31
Axis Mutual Fund,AXISTAA,Axis Treasury Advantage Fund,7.1% Bihar State Development Loans (14/12/2026),Other,IN1320160121,2500000.0,2528.9825,0.0042,2025-12-31
Axis Mutual Fund,AXISTAA,Axis Treasury Advantage Fund,8.60% Aditya Birla Renewables Limited (24/09/2027) **,Other,INE01QP08016,2500.0,2527.6575,0.0042,2025-12-31
Axis Mutual Fund,AXISTAA,Axis Treasury Advantage Fund,6.72% Kerala State Development Loans (24/03/2027),Other,IN2020200290,2500000.0,2518.68,0.0042,2025-12-31
Axis Mutual Fund,AXISTAA,Axis Treasury Advantage Fund,7.7215% Bajaj Finance Limited (26/03/2027) **,Other,INE296A07TG0,2500.0,2516.5275,0.0042,2025-12-31
Axis Mutual Fund,AXISTAA,Axis Treasury Advantage Fund,8.53% Uttar Pradesh State Development Loans (10/02/2026),Other,IN3320150375,2500000.0,2507.56,0.0042,2025-12-31
Axis Mutual Fund,AXISTAA,Axis Treasury Advantage Fund,7.2337% Bajaj Finance Limited (28/06/2027) **,Other,INE296A07TK2,2500.0,2501.3325,0.0042,2025-12-31
Axis Mutual Fund,AXISTAA,Axis Treasury Advantage Fund,7.123% Tata Capital Housing Finance Limited (21/07/2027) **,Other,INE033L07IO1,2500.0,2500.9175,0.0042,2025-12-31
Axis Mutual Fund,AXISTAA,Axis Treasury Advantage Fund,6.90% LIC Housing Finance Limited (17/09/2027) **,Other,INE115A07RH4,2500.0,2495.8825,0.0042,2025-12-31
Axis Mutual Fund,AXISTAA,Axis Treasury Advantage Fund,7.3% Bharti Telecom Limited (01/12/2027) **,Other,INE403D08306,2500.0,2491.3025,0.0042,2025-12-31
Axis Mutual Fund,AXISTAA,Axis Treasury Advantage Fund,Power Finance Corporation Limited (25/08/2026) (ZCB) **,Other,INE134E08MS3,2500.0,2395.53,0.004,2025-12-31
Axis Mutual Fund,AXISTAA,Axis Treasury Advantage Fund,7.83% National Bank For Agriculture and Rural Development (30/12/2026),Other,INE261F08ED0,2000.0,2018.946,0.0034,2025-12-31
Axis Mutual Fund,AXISTAA,Axis Treasury Advantage Fund,7.05% Embassy Office Parks REIT (18/10/2026) **,Other,INE041007084,200.0,2001.552,0.0033,2025-12-31
Axis Mutual Fund,AXISTAA,Axis Treasury Advantage Fund,7.22% Embassy Office Parks REIT (16/05/2028) **,Other,INE041007175,2000.0,2001.404,0.0033,2025-12-31
Axis Mutual Fund,AXISTAA,Axis Treasury Advantage Fund,8.05% Muthoot Finance Limited (25/11/2027),Other,INE414G07JQ6,1500.0,1510.1865,0.0025,2025-12-31
Axis Mutual Fund,AXISTAA,Axis Treasury Advantage Fund,6.09% Power Finance Corporation Limited (27/08/2026) **,Other,INE134E08LK2,150.0,1492.524,0.0025,2025-12-31
Axis Mutual Fund,AXISTAA,Axis Treasury Advantage Fund,6.90% Government of India (04/02/2026),Other,IN0020089069,1050000.0,1051.0658,0.0018,2025-12-31
Axis Mutual Fund,AXISTAA,Axis Treasury Advantage Fund,09.15% Shriram Finance Limited (28/06/2029) **,Other,INE721A07SD6,1000.0,1044.118,0.0017,2025-12-31
Axis Mutual Fund,AXISTAA,Axis Treasury Advantage Fund,8.95% Muthoot Finance Limited (03/05/2027) **,Other,INE414G07JD4,1000.0,1015.536,0.0017,2025-12-31
Axis Mutual Fund,AXISTAA,Axis Treasury Advantage Fund,7.85% Tamilnadu State Development Loans (15/03/2027),Other,IN3120161317,500000.0,510.6225,0.0009,2025-12-31
Axis Mutual Fund,AXISTAA,Axis Treasury Advantage Fund,7.58% National Bank For Agriculture and Rural Development (31/07/2026),Other,INE261F08DX0,500.0,501.7085,0.0008,2025-12-31
Axis Mutual Fund,AXISTAA,Axis Treasury Advantage Fund,8.0736% HDB Financial Services Limited (17/04/2026) **,Other,INE756I07EP9,500.0,501.1005,0.0008,2025-12-31
Axis Mutual Fund,AXISTAA,Axis Treasury Advantage Fund,8.15% Samvardhana Motherson International Limited (23/01/2026) **,Other,INE775A08089,500.0,500.3555,0.0008,2025-12-31
Axis Mutual Fund,AXISTAA,Axis Treasury Advantage Fund,6.89% Bihar State Development Loans (23/11/2026),Other,IN1320160113,476000.0,480.5582,0.0008,2025-12-31
Axis Mutual Fund,AXISTAA,Axis Treasury Advantage Fund,6.88% West Bangal State Development Loans (23/11/2026),Other,IN3420160100,476000.0,480.5234,0.0008,2025-12-31
Axis Mutual Fund,AXISTAA,Axis Treasury Advantage Fund,8% Government of India (23/03/2026),Other,IN0020089077,440000.0,442.2092,0.0007,2025-12-31
Axis Mutual Fund,AXISTAA,Axis Treasury Advantage Fund,6.43% Assam State Development Loans (17/03/2026),Other,IN1220200340,323000.0,323.6806,0.0005,2025-12-31
Axis Mutual Fund,AXISTAA,Axis Treasury Advantage Fund,7.9265% LIC Housing Finance Limited (14/07/2027) **,Other,INE115A07QS3,250.0,253.1798,0.0004,2025-12-31
Axis Mutual Fund,AXISTAA,Axis Treasury Advantage Fund,7.95% Government of India (18/02/2026),Other,IN0020079037,200000.0,200.5356,0.0003,2025-12-31
Axis Mutual Fund,AXISTAA,Axis Treasury Advantage Fund,8.48% Rajasthan State Development Loans (10/02/2026),Other,IN2920150249,70000.0,70.2091,0.0001,2025-12-31
Axis Mutual Fund,AXISTAA,Axis Treasury Advantage Fund,8.75% Shriram Finance Limited (05/10/2026) **,Other,INE721A07RQ0,50.0,50.452,0.0001,2025-12-31
Axis Mutual Fund,AXISTAA,Axis Treasury Advantage Fund,7.7954% Reliance Life Sciences Private Limited (08/05/2026) ** #,Other,INE11LM07023,750.0,7524.525,0.0126,2025-12-31
Axis Mutual Fund,AXISTAA,Axis Treasury Advantage Fund,7.7954% Reliance Life Sciences Private Limited (05/11/2027) ** #,Other,INE11LM07031,250.0,2522.9025,0.0042,2025-12-31
Axis Mutual Fund,AXISTAA,Axis Treasury Advantage Fund,Liquid Gold Series (20/01/2028) **,Other,INE2JYU15015,100.0,7526.6637,0.0126,2025-12-31
Axis Mutual Fund,AXISTAA,Axis Treasury Advantage Fund,Sansar Trust (25/04/2031) **,Other,INE1WMT15017,500000000.0,5005.5,0.0084,2025-12-31
Axis Mutual Fund,AXISTAA,Axis Treasury Advantage Fund,Siddhivinayak Securitisation Trust (28/09/2030) **,Other,INE2I7F15012,47.0,4721.427,0.0079,2025-12-31
Axis Mutual Fund,AXISTAA,Axis Treasury Advantage Fund,Shivshakti Securitisation Trust (28/09/2029) **,Other,INE2I7G15010,47.0,4715.8602,0.0079,2025-12-31
Axis Mutual Fund,AXISTAA,Axis Treasury Advantage Fund,India Universal Trust (20/07/2027) **,Other,INE16J715027,50.0,4117.5003,0.0069,2025-12-31
Axis Mutual Fund,AXISTAA,Axis Treasury Advantage Fund,Sansar Trust (25/06/2030) **,Other,INE0YWN15017,1000000000.0,3776.0,0.0063,2025-12-31
Axis Mutual Fund,AXISTAA,Axis Treasury Advantage Fund,Radhakrishna Securitisation Trust (28/09/2028) **,Other,INE2I7H15018,31.0,3096.8594,0.0052,2025-12-31
Axis Mutual Fund,AXISTAA,Axis Treasury Advantage Fund,India Universal Trust (21/11/2027) **,Other,INE1CBK15029,37.0,2758.2876,0.0046,2025-12-31
Axis Mutual Fund,AXISTAA,Axis Treasury Advantage Fund,India Universal Trust (20/09/2026) **,Other,INE16J715019,100.0,2527.8261,0.0042,2025-12-31
Axis Mutual Fund,AXISTAA,Axis Treasury Advantage Fund,Sansar Trust (17/03/2028) **,Other,INE0RVR15014,476900778.0,1538.9588,0.0026,2025-12-31
Axis Mutual Fund,AXISTAA,Axis Treasury Advantage Fund,India Universal Trust (21/11/2026) **,Other,INE1CBK15011,33.0,1175.3827,0.002,2025-12-31
Axis Mutual Fund,AXISTAA,Axis Treasury Advantage Fund,Bank of Baroda (13/03/2026) **,Other,INE028A16IC0,3000.0,14829.375,0.0248,2025-12-31
Axis Mutual Fund,AXISTAA,Axis Treasury Advantage Fund,HDFC Bank Limited (19/05/2026),Other,INE040A16GW7,3000.0,14648.325,0.0245,2025-12-31
Axis Mutual Fund,AXISTAA,Axis Treasury Advantage Fund,HDFC Bank Limited (11/09/2026) **,Other,INE040A16HN4,3000.0,14348.55,0.024,2025-12-31
Axis Mutual Fund,AXISTAA,Axis Treasury Advantage Fund,Bank of Baroda (23/02/2026) **,Other,INE028A16JO3,2500.0,12393.5625,0.0207,2025-12-31
Axis Mutual Fund,AXISTAA,Axis Treasury Advantage Fund,IDBI Bank Limited (05/02/2026) **,Other,INE008A16X73,2000.0,9943.13,0.0166,2025-12-31
Axis Mutual Fund,AXISTAA,Axis Treasury Advantage Fund,HDFC Bank Limited (25/02/2026) **,Other,INE040A16GJ4,2000.0,9911.14,0.0166,2025-12-31
Axis Mutual Fund,AXISTAA,Axis Treasury Advantage Fund,Union Bank of India (15/05/2026) **,Other,INE692A16KC9,2000.0,9770.96,0.0163,2025-12-31
Axis Mutual Fund,AXISTAA,Axis Treasury Advantage Fund,Small Industries Dev Bank of India (04/12/2026) **,Other,INE556F16BS0,2000.0,9419.07,0.0158,2025-12-31
Axis Mutual Fund,AXISTAA,Axis Treasury Advantage Fund,Small Industries Dev Bank of India (16/12/2026) **,Other,INE556F16BT8,2000.0,9399.63,0.0157,2025-12-31
Axis Mutual Fund,AXISTAA,Axis Treasury Advantage Fund,Bank of Baroda (06/02/2026) **,Other,INE028A16JM7,1500.0,7456.5,0.0125,2025-12-31
Axis Mutual Fund,AXISTAA,Axis Treasury Advantage Fund,Indian Bank (04/02/2026) **,Other,INE562A16OA0,1000.0,4972.65,0.0083,2025-12-31
Axis Mutual Fund,AXISTAA,Axis Treasury Advantage Fund,Bank of Baroda (05/06/2026),Other,INE028A16KR4,1000.0,4868.21,0.0081,2025-12-31
Axis Mutual Fund,AXISTAA,Axis Treasury Advantage Fund,HDFC Bank Limited (13/11/2026) **,Other,INE040A16HW5,1000.0,4729.355,0.0079,2025-12-31
Axis Mutual Fund,AXISTAA,Axis Treasury Advantage Fund,Canara Bank (12/03/2026) **,Other,INE476A16B23,700.0,3460.6775,0.0058,2025-12-31
Axis Mutual Fund,AXISTAA,Axis Treasury Advantage Fund,IDBI Bank Limited (03/02/2026) **,Other,INE008A16X65,500.0,2486.59,0.0042,2025-12-31
Axis Mutual Fund,AXISTAA,Axis Treasury Advantage Fund,HDFC Bank Limited (06/02/2026),Other,INE040A16GF2,500.0,2485.5375,0.0042,2025-12-31
Axis Mutual Fund,AXISTAA,Axis Treasury Advantage Fund,Canara Bank (20/02/2026) **,Other,INE476A16A57,500.0,2479.8725,0.0041,2025-12-31
Axis Mutual Fund,AXISTAA,Axis Treasury Advantage Fund,HDFC Bank Limited (24/03/2026),Other,INE040A16GS5,500.0,2467.2425,0.0041,2025-12-31
Axis Mutual Fund,AXISTAA,Axis Treasury Advantage Fund,182 Days Tbill (MD 30/04/2026),Other,IN002025Y313,25000000.0,24570.625,0.0411,2025-12-31
Axis Mutual Fund,AXISTAA,Axis Treasury Advantage Fund,182 Days Tbill (MD 08/01/2026),Other,IN002025Y156,3500000.0,3496.479,0.0058,2025-12-31
Axis Mutual Fund,AXISTAA,Axis Treasury Advantage Fund,SBI - Corporate Debt Market Development Fund (CDMDF) - Class A2,Other,INF0RQ622028,14475.827,1672.507,0.0028,2025-12-31
Axis Mutual Fund,AXISTAF,Axis Multi Asset Allocation Fund,HDFC Bank Limited,Other,INE040A01034,1009018.0,10001.3864,0.0533,2025-12-31
Axis Mutual Fund,AXISTAF,Axis Multi Asset Allocation Fund,ICICI Bank Limited,Other,INE090A01021,701518.0,9420.6852,0.0502,2025-12-31
Axis Mutual Fund,AXISTAF,Axis Multi Asset Allocation Fund,State Bank of India,Other,INE062A01020,629497.0,6182.9195,0.033,2025-12-31
Axis Mutual Fund,AXISTAF,Axis Multi Asset Allocation Fund,Infosys Limited,Other,INE009A01021,276762.0,4470.8133,0.0238,2025-12-31
Axis Mutual Fund,AXISTAF,Axis Multi Asset Allocation Fund,Bharti Airtel Limited,Other,INE397D01024,202647.0,4266.9352,0.0228,2025-12-31
Axis Mutual Fund,AXISTAF,Axis Multi Asset Allocation Fund,Larsen & Toubro Limited,Other,INE018A01030,92027.0,3757.9225,0.02,2025-12-31
Axis Mutual Fund,AXISTAF,Axis Multi Asset Allocation Fund,Tata Consultancy Services Limited,Other,INE467B01029,104319.0,3344.6758,0.0178,2025-12-31
Axis Mutual Fund,AXISTAF,Axis Multi Asset Allocation Fund,Kotak Mahindra Bank Limited,Other,INE237A01028,148516.0,3268.9857,0.0174,2025-12-31
Axis Mutual Fund,AXISTAF,Axis Multi Asset Allocation Fund,Vedanta Limited,Other,INE205A01025,505172.0,3053.2596,0.0163,2025-12-31
Axis Mutual Fund,AXISTAF,Axis Multi Asset Allocation Fund,Sagility Limited,Other,INE0W2G01015,5063445.0,2634.0041,0.014,2025-12-31
Axis Mutual Fund,AXISTAF,Axis Multi Asset Allocation Fund,Mahindra & Mahindra Limited,Other,INE101A01026,70757.0,2624.5186,0.014,2025-12-31
Axis Mutual Fund,AXISTAF,Axis Multi Asset Allocation Fund,Bajaj Finserv Limited,Other,INE918I01026,119753.0,2442.8414,0.013,2025-12-31
Axis Mutual Fund,AXISTAF,Axis Multi Asset Allocation Fund,Titan Company Limited,Other,INE280A01028,60069.0,2433.6955,0.013,2025-12-31
Axis Mutual Fund,AXISTAF,Axis Multi Asset Allocation Fund,Hindustan Unilever Limited,Other,INE030A01027,97098.0,2248.6926,0.012,2025-12-31
Axis Mutual Fund,AXISTAF,Axis Multi Asset Allocation Fund,One 97 Communications Limited,Other,INE982J01020,159183.0,2067.628,0.011,2025-12-31
Axis Mutual Fund,AXISTAF,Axis Multi Asset Allocation Fund,Reliance Industries Limited,Other,INE002A01018,127342.0,1999.7788,0.0107,2025-12-31
Axis Mutual Fund,AXISTAF,Axis Multi Asset Allocation Fund,PI Industries Limited,Other,INE603J01030,61547.0,1993.015,0.0106,2025-12-31
Axis Mutual Fund,AXISTAF,Axis Multi Asset Allocation Fund,Divi's Laboratories Limited,Other,INE361B01024,31167.0,1992.3505,0.0106,2025-12-31
Axis Mutual Fund,AXISTAF,Axis Multi Asset Allocation Fund,UltraTech Cement Limited,Other,INE481G01011,16644.0,1961.329,0.0105,2025-12-31
Axis Mutual Fund,AXISTAF,Axis Multi Asset Allocation Fund,Cholamandalam Investment and Finance Company Ltd (CCD),Other,INE121A08PJ0,1500.0,1784.9769,0.0095,2025-12-31
Axis Mutual Fund,AXISTAF,Axis Multi Asset Allocation Fund,Hindustan Aeronautics Limited,Other,INE066F01020,38207.0,1676.7906,0.0089,2025-12-31
Axis Mutual Fund,AXISTAF,Axis Multi Asset Allocation Fund,Jindal Steel Limited,Other,INE749A01030,158435.0,1669.588,0.0089,2025-12-31
Axis Mutual Fund,AXISTAF,Axis Multi Asset Allocation Fund,Trent Limited,Other,INE849A01020,38042.0,1627.8172,0.0087,2025-12-31
Axis Mutual Fund,AXISTAF,Axis Multi Asset Allocation Fund,Hyundai Motor India Ltd,Other,INE0V6F01027,69008.0,1585.8038,0.0085,2025-12-31
Axis Mutual Fund,AXISTAF,Axis Multi Asset Allocation Fund,Torrent Pharmaceuticals Limited,Other,INE685A01028,40441.0,1556.9785,0.0083,2025-12-31
Axis Mutual Fund,AXISTAF,Axis Multi Asset Allocation Fund,Swiggy Limited,Other,INE00H001014,398950.0,1540.9444,0.0082,2025-12-31
Axis Mutual Fund,AXISTAF,Axis Multi Asset Allocation Fund,Ashok Leyland Limited,Other,INE208A01029,849521.0,1522.2567,0.0081,2025-12-31
Axis Mutual Fund,AXISTAF,Axis Multi Asset Allocation Fund,PTC Industries Limited,Other,INE596F01018,8076.0,1500.6823,0.008,2025-12-31
Axis Mutual Fund,AXISTAF,Axis Multi Asset Allocation Fund,The Federal Bank Limited,Other,INE171A01029,535363.0,1429.9546,0.0076,2025-12-31
Axis Mutual Fund,AXISTAF,Axis Multi Asset Allocation Fund,Jyoti CNC Automation Ltd,Other,INE980O01024,143423.0,1418.8837,0.0076,2025-12-31
Axis Mutual Fund,AXISTAF,Axis Multi Asset Allocation Fund,Sudeep Pharma Limited,Other,INE0QPI01025,230288.0,1388.0609,0.0074,2025-12-31
Axis Mutual Fund,AXISTAF,Axis Multi Asset Allocation Fund,REC Limited,Other,INE020B01018,381280.0,1360.407,0.0073,2025-12-31
Axis Mutual Fund,AXISTAF,Axis Multi Asset Allocation Fund,CG Power and Industrial Solutions Limited,Other,INE067A01029,209452.0,1357.0395,0.0072,2025-12-31
Axis Mutual Fund,AXISTAF,Axis Multi Asset Allocation Fund,Tech Mahindra Limited,Other,INE669C01036,82975.0,1320.0493,0.007,2025-12-31
Axis Mutual Fund,AXISTAF,Axis Multi Asset Allocation Fund,Knowledge Realty Trust,Other,INE1JAR25012,1066650.0,1301.4197,0.0069,2025-12-31
Axis Mutual Fund,AXISTAF,Axis Multi Asset Allocation Fund,Endurance Technologies Limited,Other,INE913H01037,48865.0,1265.5546,0.0067,2025-12-31
Axis Mutual Fund,AXISTAF,Axis Multi Asset Allocation Fund,Max Healthcare Institute Limited,Other,INE027H01010,120944.0,1263.9857,0.0067,2025-12-31
Axis Mutual Fund,AXISTAF,Axis Multi Asset Allocation Fund,HCL Technologies Limited,Other,INE860A01027,77654.0,1260.5574,0.0067,2025-12-31
Axis Mutual Fund,AXISTAF,Axis Multi Asset Allocation Fund,Lenskart Solutions Limited,Other,INE956O01016,278326.0,1254.4153,0.0067,2025-12-31
Axis Mutual Fund,AXISTAF,Axis Multi Asset Allocation Fund,Varun Beverages Limited,Other,INE200M01039,253292.0,1240.7509,0.0066,2025-12-31
Axis Mutual Fund,AXISTAF,Axis Multi Asset Allocation Fund,Sona BLW Precision Forgings Limited,Other,INE073K01018,257546.0,1234.6755,0.0066,2025-12-31
Axis Mutual Fund,AXISTAF,Axis Multi Asset Allocation Fund,Nestle India Limited,Other,INE239A01024,92705.0,1194.0404,0.0064,2025-12-31
Axis Mutual Fund,AXISTAF,Axis Multi Asset Allocation Fund,Tenneco Clean Air India Limited,Other,INE19RI01016,221924.0,1127.152,0.006,2025-12-31
Axis Mutual Fund,AXISTAF,Axis Multi Asset Allocation Fund,HDFC Life Insurance Company Limited,Other,INE795G01014,147089.0,1102.9469,0.0059,2025-12-31
Axis Mutual Fund,AXISTAF,Axis Multi Asset Allocation Fund,Eternal Limited,Other,INE758T01015,396646.0,1102.8742,0.0059,2025-12-31
Axis Mutual Fund,AXISTAF,Axis Multi Asset Allocation Fund,The Indian Hotels Company Limited,Other,INE053A01029,149027.0,1101.086,0.0059,2025-12-31
Axis Mutual Fund,AXISTAF,Axis Multi Asset Allocation Fund,JB Chemicals & Pharmaceuticals Limited,Other,INE572A01036,60394.0,1098.9896,0.0059,2025-12-31
Axis Mutual Fund,AXISTAF,Axis Multi Asset Allocation Fund,Aether Industries Limited,Other,INE0BWX01014,127242.0,1094.4084,0.0058,2025-12-31
Axis Mutual Fund,AXISTAF,Axis Multi Asset Allocation Fund,Bharat Heavy Electricals Limited,Other,INE257A01026,380196.0,1092.8734,0.0058,2025-12-31
Axis Mutual Fund,AXISTAF,Axis Multi Asset Allocation Fund,GE Vernova T&D India Limited,Other,INE200A01026,33676.0,1054.9007,0.0056,2025-12-31
Axis Mutual Fund,AXISTAF,Axis Multi Asset Allocation Fund,Billionbrains Garage Ventures Ltd,Other,INE0HOQ01053,645900.0,1008.702,0.0054,2025-12-31
Axis Mutual Fund,AXISTAF,Axis Multi Asset Allocation Fund,Titagarh Rail Systems Limited,Other,INE615H01020,109410.0,975.8825,0.0052,2025-12-31
Axis Mutual Fund,AXISTAF,Axis Multi Asset Allocation Fund,Godrej Consumer Products Limited,Other,INE102D01028,77293.0,944.675,0.005,2025-12-31
Axis Mutual Fund,AXISTAF,Axis Multi Asset Allocation Fund,Info Edge (India) Limited,Other,INE663F01032,68273.0,910.4887,0.0049,2025-12-31
Axis Mutual Fund,AXISTAF,Axis Multi Asset Allocation Fund,LG Electronics India Ltd,Other,INE324D01010,58315.0,887.2044,0.0047,2025-12-31
Axis Mutual Fund,AXISTAF,Axis Multi Asset Allocation Fund,Midwest Limited,Other,INE0XAD01024,51091.0,879.0717,0.0047,2025-12-31
Axis Mutual Fund,AXISTAF,Axis Multi Asset Allocation Fund,Navin Fluorine International Limited,Other,INE048G01026,14781.0,875.0352,0.0047,2025-12-31
Axis Mutual Fund,AXISTAF,Axis Multi Asset Allocation Fund,Gabriel India Limited,Other,INE524A01029,86125.0,869.6903,0.0046,2025-12-31
Axis Mutual Fund,AXISTAF,Axis Multi Asset Allocation Fund,Sun Pharmaceutical Industries Limited,Other,INE044A01036,48917.0,841.2256,0.0045,2025-12-31
Axis Mutual Fund,AXISTAF,Axis Multi Asset Allocation Fund,Hitachi Energy India Limited,Other,INE07Y701011,4191.0,767.3721,0.0041,2025-12-31
Axis Mutual Fund,AXISTAF,Axis Multi Asset Allocation Fund,Blue Star Limited,Other,INE472A01039,43835.0,758.6523,0.004,2025-12-31
Axis Mutual Fund,AXISTAF,Axis Multi Asset Allocation Fund,JK Cement Limited,Other,INE823G01014,13699.0,757.6917,0.004,2025-12-31
Axis Mutual Fund,AXISTAF,Axis Multi Asset Allocation Fund,Tata Consumer Products Limited,Other,INE192A01025,63344.0,755.0605,0.004,2025-12-31
Axis Mutual Fund,AXISTAF,Axis Multi Asset Allocation Fund,SBI Life Insurance Company Limited,Other,INE123W01016,32672.0,664.8425,0.0035,2025-12-31
Axis Mutual Fund,AXISTAF,Axis Multi Asset Allocation Fund,Clean Science and Technology Limited,Other,INE227W01023,74506.0,652.7098,0.0035,2025-12-31
Axis Mutual Fund,AXISTAF,Axis Multi Asset Allocation Fund,Embassy Office Parks REIT,Other,INE041025011,144500.0,629.0374,0.0034,2025-12-31
Axis Mutual Fund,AXISTAF,Axis Multi Asset Allocation Fund,RBL Bank Limited,Other,INE976G01028,176908.0,558.6755,0.003,2025-12-31
Axis Mutual Fund,AXISTAF,Axis Multi Asset Allocation Fund,Arvind Fashions Limited,Other,INE955V01021,108030.0,539.2317,0.0029,2025-12-31
Axis Mutual Fund,AXISTAF,Axis Multi Asset Allocation Fund,Jyothy Labs Limited,Other,INE668F01031,175000.0,494.6375,0.0026,2025-12-31
Axis Mutual Fund,AXISTAF,Axis Multi Asset Allocation Fund,Bharat Petroleum Corporation Limited,Other,INE029A01011,114876.0,441.1238,0.0024,2025-12-31
Axis Mutual Fund,AXISTAF,Axis Multi Asset Allocation Fund,Crompton Greaves Consumer Electricals Limited,Other,INE299U01018,165968.0,418.6543,0.0022,2025-12-31
Axis Mutual Fund,AXISTAF,Axis Multi Asset Allocation Fund,Ajanta Pharma Limited,Other,INE031B01049,13096.0,362.6151,0.0019,2025-12-31
Axis Mutual Fund,AXISTAF,Axis Multi Asset Allocation Fund,L&T Finance Limited,Other,INE498L01015,112992.0,356.9982,0.0019,2025-12-31
Axis Mutual Fund,AXISTAF,Axis Multi Asset Allocation Fund,V-Mart Retail Limited,Other,INE665J01013,40000.0,286.12,0.0015,2025-12-31
Axis Mutual Fund,AXISTAF,Axis Multi Asset Allocation Fund,Bajaj Auto Limited,Other,INE917I01010,2712.0,253.3822,0.0014,2025-12-31
Axis Mutual Fund,AXISTAF,Axis Multi Asset Allocation Fund,Indus Infra Trust,Other,INE0NHL23019,204882.0,239.2202,0.0013,2025-12-31
Axis Mutual Fund,AXISTAF,Axis Multi Asset Allocation Fund,Ellenbarrie Industrial Gases Limited,Other,INE236E01022,63832.0,217.1245,0.0012,2025-12-31
Axis Mutual Fund,AXISTAF,Axis Multi Asset Allocation Fund,Cholamandalam Investment and Finance Company Ltd,Other,INE121A01024,11901.0,202.5788,0.0011,2025-12-31
Axis Mutual Fund,AXISTAF,Axis Multi Asset Allocation Fund,Techno Electric & Engineering Company Limited,Other,INE285K01026,14322.0,154.9784,0.0008,2025-12-31
Axis Mutual Fund,AXISTAF,Axis Multi Asset Allocation Fund,P N Gadgil Jewellers Limited,Other,INE953R01016,24613.0,149.5117,0.0008,2025-12-31
Axis Mutual Fund,AXISTAF,Axis Multi Asset Allocation Fund,Tata Power Company Limited,Other,INE245A01021,38579.0,146.4459,0.0008,2025-12-31
Axis Mutual Fund,AXISTAF,Axis Multi Asset Allocation Fund,Tube Investments of India Limited,Other,INE974X01010,3183.0,83.2068,0.0004,2025-12-31
Axis Mutual Fund,AXISTAF,Axis Multi Asset Allocation Fund,Kwality Walls (India) Limited,Other,INE2KCE01013,97098.0,39.0334,0.0002,2025-12-31
Axis Mutual Fund,AXISTAF,Axis Multi Asset Allocation Fund,8.55% Shriram Finance Limited (28/04/2028) **,Other,INE721A07SP0,3000.0,3068.367,0.0164,2025-12-31
Axis Mutual Fund,AXISTAF,Axis Multi Asset Allocation Fund,7.18% Government of India (14/08/2033),Other,IN0020230085,2000000.0,2063.51,0.011,2025-12-31
Axis Mutual Fund,AXISTAF,Axis Multi Asset Allocation Fund,7.1% Government of India (08/04/2034),Other,IN0020240019,2000000.0,2057.232,0.011,2025-12-31
Axis Mutual Fund,AXISTAF,Axis Multi Asset Allocation Fund,7.69% REC Limited (31/03/2033) **,Other,INE020B08EG2,1000.0,1024.756,0.0055,2025-12-31
Axis Mutual Fund,AXISTAF,Axis Multi Asset Allocation Fund,5% GMR Airports Limited (13/02/2027) **,Other,INE776C08083,1000.0,1018.479,0.0054,2025-12-31
Axis Mutual Fund,AXISTAF,Axis Multi Asset Allocation Fund,9.40% Vedanta Limited (20/02/2027) **,Other,INE205A08038,1000.0,1005.415,0.0054,2025-12-31
Axis Mutual Fund,AXISTAF,Axis Multi Asset Allocation Fund,8.8% Aditya Birla Digital Fashion Ventures Limited (26/08/2027) **,Other,INE0M8D08016,1000.0,1002.601,0.0053,2025-12-31
Axis Mutual Fund,AXISTAF,Axis Multi Asset Allocation Fund,9% Bharti Telecom Limited (04/12/2028) **,Other,INE403D08199,500.0,518.812,0.0028,2025-12-31
Axis Mutual Fund,AXISTAF,Axis Multi Asset Allocation Fund,7.81% Uttar Pradesh State Development Loans (19/10/2034),Other,IN3320220046,500000.0,514.4235,0.0027,2025-12-31
Axis Mutual Fund,AXISTAF,Axis Multi Asset Allocation Fund,8.9% Muthoot Finance Limited (07/10/2027) **,Other,INE414G07JI3,500.0,509.779,0.0027,2025-12-31
Axis Mutual Fund,AXISTAF,Axis Multi Asset Allocation Fund,8.4% Muthoot Finance Limited (28/08/2028) **,Other,INE414G07II5,500.0,506.951,0.0027,2025-12-31
Axis Mutual Fund,AXISTAF,Axis Multi Asset Allocation Fund,Bamboo Hotel And Global Centre (Delhi) Private limited (31/01/2028) **,Other,INE755L07015,500.0,506.1635,0.0027,2025-12-31
Axis Mutual Fund,AXISTAF,Axis Multi Asset Allocation Fund,7.68% Tata Capital Limited (07/09/2027) **,Other,INE306N07NA6,50.0,503.3195,0.0027,2025-12-31
Axis Mutual Fund,AXISTAF,Axis Multi Asset Allocation Fund,8.21% Rajasthan UDAY BOND (31/03/2026),Other,IN2920150454,500000.0,503.0665,0.0027,2025-12-31
Axis Mutual Fund,AXISTAF,Axis Multi Asset Allocation Fund,7.02% Bajaj Housing Finance Limited (26/05/2028) **,Other,INE377Y07565,500.0,499.1245,0.0027,2025-12-31
Axis Mutual Fund,AXISTAF,Axis Multi Asset Allocation Fund,9.4% IKF Finance Limited (12/08/2027) **,Other,INE859C07246,500.0,498.1695,0.0027,2025-12-31
Axis Mutual Fund,AXISTAF,Axis Multi Asset Allocation Fund,6.19% Government of India (16/09/2034),Other,IN0020200096,500000.0,484.237,0.0026,2025-12-31
Axis Mutual Fund,AXISTAF,Axis Multi Asset Allocation Fund,9.41% India Infrastructure Fin Co Ltd (27/07/2037) **,Other,INE787H07057,25.0,287.7815,0.0015,2025-12-31
Axis Mutual Fund,AXISTAF,Axis Multi Asset Allocation Fund,6% TVS Motor Co Non Conv Rede Pref Shares 01SEP26 **,Other,INE494B04019,135012.0,13.7523,0.0001,2025-12-31
Axis Mutual Fund,AXISTAF,Axis Multi Asset Allocation Fund,Indian Bank (05/06/2026) **,Other,INE562A16PZ4,100.0,486.8815,0.0026,2025-12-31
Axis Mutual Fund,AXISTAF,Axis Multi Asset Allocation Fund,91 Days Tbill (MD 29/01/2026),Other,IN002025X315,1000000.0,995.992,0.0053,2025-12-31
Axis Mutual Fund,AXISTAF,Axis Multi Asset Allocation Fund,Axis Gold ETF,Other,INF846K01W80,24248251.0,26840.389,0.1431,2025-12-31
Axis Mutual Fund,AXISTAF,Axis Multi Asset Allocation Fund,Axis Silver ETF,Other,INF846K011K1,3250000.0,7284.55,0.0388,2025-12-31
Axis Mutual Fund,AXISTDB,Axis US Specific Treasury Dynamic Debt Passive FOF,iShares USD Treasury Bond 7-10yr UCITS ETF,Debt,IE00B3VWN518,26150.0,3660.1936,0.9776,2025-12-31
Axis Mutual Fund,AXISTETF,Axis NIFTY IT ETF,Infosys Limited,Equity,INE009A01021,355182.0,5737.61,0.2897,2025-12-31
Axis Mutual Fund,AXISTETF,Axis NIFTY IT ETF,Tata Consultancy Services Limited,Equity,INE467B01029,132539.0,4249.4654,0.2145,2025-12-31
Axis Mutual Fund,AXISTETF,Axis NIFTY IT ETF,HCL Technologies Limited,Equity,INE860A01027,136940.0,2222.947,0.1122,2025-12-31
Axis Mutual Fund,AXISTETF,Axis NIFTY IT ETF,Tech Mahindra Limited,Equity,INE669C01036,118661.0,1887.7778,0.0953,2025-12-31
Axis Mutual Fund,AXISTETF,Axis NIFTY IT ETF,Wipro Limited,Equity,INE075A01022,533654.0,1405.0043,0.0709,2025-12-31
Axis Mutual Fund,AXISTETF,Axis NIFTY IT ETF,Persistent Systems Limited,Equity,INE262H01021,20330.0,1275.0976,0.0644,2025-12-31
Axis Mutual Fund,AXISTETF,Axis NIFTY IT ETF,LTIMindtree Limited,Equity,INE214T01019,17330.0,1050.8046,0.0531,2025-12-31
Axis Mutual Fund,AXISTETF,Axis NIFTY IT ETF,Coforge Limited,Equity,INE591G01025,62575.0,1040.6223,0.0525,2025-12-31
Axis Mutual Fund,AXISTETF,Axis NIFTY IT ETF,Mphasis Limited,Equity,INE356A01018,21044.0,587.3801,0.0297,2025-12-31
Axis Mutual Fund,AXISTETF,Axis NIFTY IT ETF,Oracle Financial Services Software Limited,Equity,INE881D01027,4399.0,338.1511,0.0171,2025-12-31
Axis Mutual Fund,AXISTSF,Axis ELSS Tax Saver Fund,HDFC Bank Limited,Other,INE040A01034,26548800.0,263151.7056,0.0768,2025-12-31
Axis Mutual Fund,AXISTSF,Axis ELSS Tax Saver Fund,ICICI Bank Limited,Other,INE090A01021,16958197.0,227731.6275,0.0665,2025-12-31
Axis Mutual Fund,AXISTSF,Axis ELSS Tax Saver Fund,Bharti Airtel Limited,Other,INE397D01024,6959343.0,146535.9262,0.0428,2025-12-31
Axis Mutual Fund,AXISTSF,Axis ELSS Tax Saver Fund,Infosys Limited,Other,INE009A01021,8247387.0,133228.2896,0.0389,2025-12-31
Axis Mutual Fund,AXISTSF,Axis ELSS Tax Saver Fund,Bajaj Finance Limited,Other,INE296A01032,11942237.0,117845.9947,0.0344,2025-12-31
Axis Mutual Fund,AXISTSF,Axis ELSS Tax Saver Fund,Larsen & Toubro Limited,Other,INE018A01030,2304465.0,94102.8283,0.0275,2025-12-31
Axis Mutual Fund,AXISTSF,Axis ELSS Tax Saver Fund,Mahindra & Mahindra Limited,Other,INE101A01026,2426822.0,90015.6816,0.0263,2025-12-31
Axis Mutual Fund,AXISTSF,Axis ELSS Tax Saver Fund,Tata Consultancy Services Limited,Other,INE467B01029,2582187.0,82790.0796,0.0242,2025-12-31
Axis Mutual Fund,AXISTSF,Axis ELSS Tax Saver Fund,Eternal Limited,Other,INE758T01015,29559780.0,82190.9683,0.024,2025-12-31
Axis Mutual Fund,AXISTSF,Axis ELSS Tax Saver Fund,UltraTech Cement Limited,Other,INE481G01011,697445.0,82186.9188,0.024,2025-12-31
Axis Mutual Fund,AXISTSF,Axis ELSS Tax Saver Fund,State Bank of India,Other,INE062A01020,7940710.0,77993.6536,0.0228,2025-12-31
Axis Mutual Fund,AXISTSF,Axis ELSS Tax Saver Fund,Pidilite Industries Limited,Other,INE318A01026,5002712.0,74160.2027,0.0216,2025-12-31
Axis Mutual Fund,AXISTSF,Axis ELSS Tax Saver Fund,Cholamandalam Investment and Finance Company Ltd,Other,INE121A01024,4337106.0,73826.2183,0.0215,2025-12-31
Axis Mutual Fund,AXISTSF,Axis ELSS Tax Saver Fund,Torrent Power Limited,Other,INE813H01021,5611375.0,73323.8371,0.0214,2025-12-31
Axis Mutual Fund,AXISTSF,Axis ELSS Tax Saver Fund,Divi's Laboratories Limited,Other,INE361B01024,1143834.0,73119.5885,0.0213,2025-12-31
Axis Mutual Fund,AXISTSF,Axis ELSS Tax Saver Fund,Reliance Industries Limited,Other,INE002A01018,3825942.0,60082.5932,0.0175,2025-12-31
Axis Mutual Fund,AXISTSF,Axis ELSS Tax Saver Fund,PI Industries Limited,Other,INE603J01030,1722784.0,55787.1915,0.0163,2025-12-31
Axis Mutual Fund,AXISTSF,Axis ELSS Tax Saver Fund,CG Power and Industrial Solutions Limited,Other,INE067A01029,8444485.0,54711.8183,0.016,2025-12-31
Axis Mutual Fund,AXISTSF,Axis ELSS Tax Saver Fund,The Indian Hotels Company Limited,Other,INE053A01029,7011391.0,51803.6624,0.0151,2025-12-31
Axis Mutual Fund,AXISTSF,Axis ELSS Tax Saver Fund,Kotak Mahindra Bank Limited,Other,INE237A01028,2267920.0,49919.1871,0.0146,2025-12-31
Axis Mutual Fund,AXISTSF,Axis ELSS Tax Saver Fund,The Federal Bank Limited,Other,INE171A01029,18357311.0,49032.3777,0.0143,2025-12-31
Axis Mutual Fund,AXISTSF,Axis ELSS Tax Saver Fund,InterGlobe Aviation Limited,Other,INE646L01027,898279.0,45448.426,0.0133,2025-12-31
Axis Mutual Fund,AXISTSF,Axis ELSS Tax Saver Fund,Shriram Finance Limited,Other,INE721A01047,4483267.0,44662.3059,0.013,2025-12-31
Axis Mutual Fund,AXISTSF,Axis ELSS Tax Saver Fund,Sun Pharmaceutical Industries Limited,Other,INE044A01036,2595242.0,44630.3767,0.013,2025-12-31
Axis Mutual Fund,AXISTSF,Axis ELSS Tax Saver Fund,TVS Motor Company Limited,Other,INE494B01023,1150145.0,42783.0937,0.0125,2025-12-31
Axis Mutual Fund,AXISTSF,Axis ELSS Tax Saver Fund,PB Fintech Limited,Other,INE417T01026,2280793.0,41638.157,0.0122,2025-12-31
Axis Mutual Fund,AXISTSF,Axis ELSS Tax Saver Fund,Titan Company Limited,Other,INE280A01028,1025069.0,41530.6705,0.0121,2025-12-31
Axis Mutual Fund,AXISTSF,Axis ELSS Tax Saver Fund,Vishal Mega Mart Limited,Other,INE01EA01019,27746909.0,37838.4598,0.011,2025-12-31
Axis Mutual Fund,AXISTSF,Axis ELSS Tax Saver Fund,Hindustan Unilever Limited,Other,INE030A01027,1579415.0,36577.672,0.0107,2025-12-31
Axis Mutual Fund,AXISTSF,Axis ELSS Tax Saver Fund,Info Edge (India) Limited,Other,INE663F01032,2684183.0,35796.2645,0.0104,2025-12-31
Axis Mutual Fund,AXISTSF,Axis ELSS Tax Saver Fund,HDFC Life Insurance Company Limited,Other,INE795G01014,4727026.0,35445.6045,0.0103,2025-12-31
Axis Mutual Fund,AXISTSF,Axis ELSS Tax Saver Fund,Hyundai Motor India Ltd,Other,INE0V6F01027,1516327.0,34845.1945,0.0102,2025-12-31
Axis Mutual Fund,AXISTSF,Axis ELSS Tax Saver Fund,Sona BLW Precision Forgings Limited,Other,INE073K01018,6396643.0,30665.5065,0.009,2025-12-31
Axis Mutual Fund,AXISTSF,Axis ELSS Tax Saver Fund,Cummins India Limited,Other,INE298A01020,679166.0,30116.9371,0.0088,2025-12-31
Axis Mutual Fund,AXISTSF,Axis ELSS Tax Saver Fund,Mankind Pharma Limited,Other,INE634S01028,1330911.0,29233.4601,0.0085,2025-12-31
Axis Mutual Fund,AXISTSF,Axis ELSS Tax Saver Fund,Karur Vysya Bank Limited,Other,INE036D01028,9996152.0,26372.8478,0.0077,2025-12-31
Axis Mutual Fund,AXISTSF,Axis ELSS Tax Saver Fund,Varun Beverages Limited,Other,INE200M01039,5365940.0,26285.0571,0.0077,2025-12-31
Axis Mutual Fund,AXISTSF,Axis ELSS Tax Saver Fund,Apollo Hospitals Enterprise Limited,Other,INE437A01024,367925.0,25911.1181,0.0076,2025-12-31
Axis Mutual Fund,AXISTSF,Axis ELSS Tax Saver Fund,Max Healthcare Institute Limited,Other,INE027H01010,2447613.0,25580.0035,0.0075,2025-12-31
Axis Mutual Fund,AXISTSF,Axis ELSS Tax Saver Fund,Fortis Healthcare Limited,Other,INE061F01013,2877711.0,25438.9652,0.0074,2025-12-31
Axis Mutual Fund,AXISTSF,Axis ELSS Tax Saver Fund,Trent Limited,Other,INE849A01020,543187.0,23242.9717,0.0068,2025-12-31
Axis Mutual Fund,AXISTSF,Axis ELSS Tax Saver Fund,ICICI Lombard General Insurance Company Limited,Other,INE765G01017,1159089.0,22742.4853,0.0066,2025-12-31
Axis Mutual Fund,AXISTSF,Axis ELSS Tax Saver Fund,GE Vernova T&D India Limited,Other,INE200A01026,716614.0,22447.9336,0.0066,2025-12-31
Axis Mutual Fund,AXISTSF,Axis ELSS Tax Saver Fund,Navin Fluorine International Limited,Other,INE048G01026,376903.0,22312.6576,0.0065,2025-12-31
Axis Mutual Fund,AXISTSF,Axis ELSS Tax Saver Fund,Nestle India Limited,Other,INE239A01024,1717524.0,22121.7091,0.0065,2025-12-31
Axis Mutual Fund,AXISTSF,Axis ELSS Tax Saver Fund,Tech Mahindra Limited,Other,INE669C01036,1357951.0,21603.6425,0.0063,2025-12-31
Axis Mutual Fund,AXISTSF,Axis ELSS Tax Saver Fund,Apar Industries Limited,Other,INE372A01015,247495.0,20709.1441,0.006,2025-12-31
Axis Mutual Fund,AXISTSF,Axis ELSS Tax Saver Fund,JB Chemicals & Pharmaceuticals Limited,Other,INE572A01036,1087630.0,19791.6031,0.0058,2025-12-31
Axis Mutual Fund,AXISTSF,Axis ELSS Tax Saver Fund,Avenue Supermarts Limited,Other,INE192R01011,510680.0,19314.939,0.0056,2025-12-31
Axis Mutual Fund,AXISTSF,Axis ELSS Tax Saver Fund,Maruti Suzuki India Limited,Other,INE585B01010,109087.0,18214.2564,0.0053,2025-12-31
Axis Mutual Fund,AXISTSF,Axis ELSS Tax Saver Fund,Schaeffler India Limited,Other,INE513A01022,462163.0,17927.3028,0.0052,2025-12-31
Axis Mutual Fund,AXISTSF,Axis ELSS Tax Saver Fund,Cipla Limited,Other,INE059A01026,1186051.0,17924.7888,0.0052,2025-12-31
Axis Mutual Fund,AXISTSF,Axis ELSS Tax Saver Fund,Hindustan Aeronautics Limited,Other,INE066F01020,403341.0,17701.4265,0.0052,2025-12-31
Axis Mutual Fund,AXISTSF,Axis ELSS Tax Saver Fund,Sundaram Finance Limited,Other,INE660A01013,329811.0,17423.2555,0.0051,2025-12-31
Axis Mutual Fund,AXISTSF,Axis ELSS Tax Saver Fund,Bajaj Finserv Limited,Other,INE918I01026,814212.0,16609.1106,0.0048,2025-12-31
Axis Mutual Fund,AXISTSF,Axis ELSS Tax Saver Fund,Persistent Systems Limited,Other,INE262H01021,251573.0,15778.6586,0.0046,2025-12-31
Axis Mutual Fund,AXISTSF,Axis ELSS Tax Saver Fund,UNO Minda Limited,Other,INE405E01023,1198589.0,15411.4574,0.0045,2025-12-31
Axis Mutual Fund,AXISTSF,Axis ELSS Tax Saver Fund,Prestige Estates Projects Limited,Other,INE811K01011,943949.0,15054.0987,0.0044,2025-12-31
Axis Mutual Fund,AXISTSF,Axis ELSS Tax Saver Fund,Blue Star Limited,Other,INE472A01039,849058.0,14694.6468,0.0043,2025-12-31
Axis Mutual Fund,AXISTSF,Axis ELSS Tax Saver Fund,Coromandel International Limited,Other,INE169A01031,616673.0,13976.2769,0.0041,2025-12-31
Axis Mutual Fund,AXISTSF,Axis ELSS Tax Saver Fund,Premier Energies Limited,Other,INE0BS701011,1641930.0,13827.5135,0.004,2025-12-31
Axis Mutual Fund,AXISTSF,Axis ELSS Tax Saver Fund,Jindal Steel Limited,Other,INE749A01030,1299319.0,13692.2236,0.004,2025-12-31
Axis Mutual Fund,AXISTSF,Axis ELSS Tax Saver Fund,Solar Industries India Limited,Other,INE343H01029,107665.0,13191.1158,0.0038,2025-12-31
Axis Mutual Fund,AXISTSF,Axis ELSS Tax Saver Fund,Tata Motors Ltd,Other,INE1TAE01010,3165465.0,13152.5071,0.0038,2025-12-31
Axis Mutual Fund,AXISTSF,Axis ELSS Tax Saver Fund,Ather Energy Limited,Other,INE0LEZ01016,1692320.0,12772.7852,0.0037,2025-12-31
Axis Mutual Fund,AXISTSF,Axis ELSS Tax Saver Fund,Torrent Pharmaceuticals Limited,Other,INE685A01028,330930.0,12740.805,0.0037,2025-12-31
Axis Mutual Fund,AXISTSF,Axis ELSS Tax Saver Fund,Jyoti CNC Automation Ltd,Other,INE980O01024,1282277.0,12685.5664,0.0037,2025-12-31
Axis Mutual Fund,AXISTSF,Axis ELSS Tax Saver Fund,The Phoenix Mills Limited,Other,INE211B01039,665979.0,12343.9208,0.0036,2025-12-31
Axis Mutual Fund,AXISTSF,Axis ELSS Tax Saver Fund,Tata Steel Limited,Other,INE081A01020,6575245.0,11840.7012,0.0035,2025-12-31
Axis Mutual Fund,AXISTSF,Axis ELSS Tax Saver Fund,LG Electronics India Ltd,Other,INE324D01010,750479.0,11417.7875,0.0033,2025-12-31
Axis Mutual Fund,AXISTSF,Axis ELSS Tax Saver Fund,Samvardhana Motherson International Limited,Other,INE775A01035,9289965.0,11142.384,0.0033,2025-12-31
Axis Mutual Fund,AXISTSF,Axis ELSS Tax Saver Fund,Godrej Consumer Products Limited,Other,INE102D01028,885875.0,10827.1643,0.0032,2025-12-31
Axis Mutual Fund,AXISTSF,Axis ELSS Tax Saver Fund,Hitachi Energy India Limited,Other,INE07Y701011,58038.0,10626.7578,0.0031,2025-12-31
Axis Mutual Fund,AXISTSF,Axis ELSS Tax Saver Fund,Dixon Technologies (India) Limited,Other,INE935N01020,82130.0,9939.3726,0.0029,2025-12-31
Axis Mutual Fund,AXISTSF,Axis ELSS Tax Saver Fund,Tenneco Clean Air India Limited,Other,INE19RI01016,1852995.0,9411.3616,0.0027,2025-12-31
Axis Mutual Fund,AXISTSF,Axis ELSS Tax Saver Fund,Anthem Biosciences Limited,Other,INE0CZ201020,1440566.0,9385.2875,0.0027,2025-12-31
Axis Mutual Fund,AXISTSF,Axis ELSS Tax Saver Fund,REC Limited,Other,INE020B01018,2595316.0,9260.0875,0.0027,2025-12-31
Axis Mutual Fund,AXISTSF,Axis ELSS Tax Saver Fund,Godrej Properties Limited,Other,INE484J01027,461860.0,9257.5218,0.0027,2025-12-31
Axis Mutual Fund,AXISTSF,Axis ELSS Tax Saver Fund,Bharat Heavy Electricals Limited,Other,INE257A01026,3172117.0,9118.2503,0.0027,2025-12-31
Axis Mutual Fund,AXISTSF,Axis ELSS Tax Saver Fund,Tata Communications Limited,Other,INE151A01013,475571.0,8680.5975,0.0025,2025-12-31
Axis Mutual Fund,AXISTSF,Axis ELSS Tax Saver Fund,Hindalco Industries Limited,Other,INE038A01020,958886.0,8502.4422,0.0025,2025-12-31
Axis Mutual Fund,AXISTSF,Axis ELSS Tax Saver Fund,Tata Consumer Products Limited,Other,INE192A01025,706432.0,8420.6694,0.0025,2025-12-31
Axis Mutual Fund,AXISTSF,Axis ELSS Tax Saver Fund,HCL Technologies Limited,Other,INE860A01027,498479.0,8091.8096,0.0024,2025-12-31
Axis Mutual Fund,AXISTSF,Axis ELSS Tax Saver Fund,Siemens Energy India Limited,Other,INE1NPP01017,296919.0,7601.4233,0.0022,2025-12-31
Axis Mutual Fund,AXISTSF,Axis ELSS Tax Saver Fund,Krishna Institute Of Medical Sciences Limited,Other,INE967H01025,1196555.0,7282.2337,0.0021,2025-12-31
Axis Mutual Fund,AXISTSF,Axis ELSS Tax Saver Fund,Clean Science and Technology Limited,Other,INE227W01023,747849.0,6551.5312,0.0019,2025-12-31
Axis Mutual Fund,AXISTSF,Axis ELSS Tax Saver Fund,Kaynes Technology India Limited,Other,INE918Z01012,106696.0,4281.7105,0.0012,2025-12-31
Axis Mutual Fund,AXISTSF,Axis ELSS Tax Saver Fund,Bharat Petroleum Corporation Limited,Other,INE029A01011,1045991.0,4016.6054,0.0012,2025-12-31
Axis Mutual Fund,AXISTSF,Axis ELSS Tax Saver Fund,Crompton Greaves Consumer Electricals Limited,Other,INE299U01018,1588083.0,4005.9394,0.0012,2025-12-31
Axis Mutual Fund,AXISTSF,Axis ELSS Tax Saver Fund,HDB Financial Services Limited,Other,INE756I01012,506740.0,3879.3481,0.0011,2025-12-31
Axis Mutual Fund,AXISTSF,Axis ELSS Tax Saver Fund,Tata Capital Limited,Other,INE976I01016,1104003.0,3774.0343,0.0011,2025-12-31
Axis Mutual Fund,AXISTSF,Axis ELSS Tax Saver Fund,L&T Finance Limited,Other,INE498L01015,1133671.0,3581.8335,0.001,2025-12-31
Axis Mutual Fund,AXISTSF,Axis ELSS Tax Saver Fund,Havells India Limited,Other,INE176B01034,242401.0,3453.9718,0.001,2025-12-31
Axis Mutual Fund,AXISTSF,Axis ELSS Tax Saver Fund,Meesho Ltd,Other,INE0VDM01015,1817100.0,3274.7776,0.001,2025-12-31
Axis Mutual Fund,AXISTSF,Axis ELSS Tax Saver Fund,ICICI Prudential Life Insurance Company Limited,Other,INE726G01019,484520.0,3237.8049,0.0009,2025-12-31
Axis Mutual Fund,AXISTSF,Axis ELSS Tax Saver Fund,Lenskart Solutions Limited,Other,INE956O01016,510878.0,2302.5271,0.0007,2025-12-31
Axis Mutual Fund,AXISTSF,Axis ELSS Tax Saver Fund,Brigade Enterprises Limited,Other,INE791I01019,236471.0,2092.7684,0.0006,2025-12-31
Axis Mutual Fund,AXISTSF,Axis ELSS Tax Saver Fund,Kwality Walls (India) Limited,Other,INE2KCE01013,1579415.0,634.9248,0.0002,2025-12-31
Axis Mutual Fund,AXISTSF,Axis ELSS Tax Saver Fund,6% TVS Motor Co Non Conv Rede Pref Shares 01SEP26 **,Other,INE494B04019,4838996.0,492.9001,0.0001,2025-12-31
Axis Mutual Fund,AXISUSF,Axis Ultra Short Duration Fund,7.78% Bajaj Housing Finance Limited (26/05/2026) **,Other,INE377Y07425,1500.0,15048.72,0.0281,2025-12-31
Axis Mutual Fund,AXISUSF,Axis Ultra Short Duration Fund,8.15% Godrej Properties Limited (03/07/2026),Other,INE484J08048,14000.0,14026.88,0.0262,2025-12-31
Axis Mutual Fund,AXISUSF,Axis Ultra Short Duration Fund,8.43% Tata Projects Limited (06/02/2026) **,Other,INE725H08154,12900.0,12921.6204,0.0241,2025-12-31
Axis Mutual Fund,AXISUSF,Axis Ultra Short Duration Fund,7.86% Karnataka State Development Loans (15/03/2027),Other,IN1920160117,11500000.0,11745.6285,0.0219,2025-12-31
Axis Mutual Fund,AXISUSF,Axis Ultra Short Duration Fund,7.9237% Bajaj Housing Finance Limited (16/03/2026) **,Other,INE377Y07375,1100.0,11032.626,0.0206,2025-12-31
Axis Mutual Fund,AXISUSF,Axis Ultra Short Duration Fund,7.59% Small Industries Dev Bank of India (10/02/2026) **,Other,INE556F08KG3,10500.0,10516.5165,0.0196,2025-12-31
Axis Mutual Fund,AXISUSF,Axis Ultra Short Duration Fund,7.29% Bihar State Development Loans (28/12/2026),Other,IN1320160139,9940400.0,10078.5219,0.0188,2025-12-31
Axis Mutual Fund,AXISUSF,Axis Ultra Short Duration Fund,8.05% Muthoot Finance Limited (25/11/2027),Other,INE414G07JQ6,10000.0,10067.91,0.0188,2025-12-31
Axis Mutual Fund,AXISUSF,Axis Ultra Short Duration Fund,9% Piramal Finance Limited (28/06/2027) **,Other,INE202B07JT0,10000.0,10050.54,0.0188,2025-12-31
Axis Mutual Fund,AXISUSF,Axis Ultra Short Duration Fund,8.25% Narayana Hrudayalaya Limited (19/03/2029) **,Other,INE410P08016,10000.0,10043.28,0.0188,2025-12-31
Axis Mutual Fund,AXISUSF,Axis Ultra Short Duration Fund,7.1% Torrent Power Limited (11/03/2026) **,Other,INE813H07184,1000.0,10004.22,0.0187,2025-12-31
Axis Mutual Fund,AXISUSF,Axis Ultra Short Duration Fund,7.74% Tamilnadu State Development Loans (01/03/2027),Other,IN3120161309,9000000.0,9174.33,0.0171,2025-12-31
Axis Mutual Fund,AXISUSF,Axis Ultra Short Duration Fund,7.62% Tamilnadu State Development Loans (29/03/2027),Other,IN3120161424,8500000.0,8663.115,0.0162,2025-12-31
Axis Mutual Fund,AXISUSF,Axis Ultra Short Duration Fund,7.69% LIC Housing Finance Limited (11/12/2026) **,Other,INE115A07RA9,7500.0,7550.07,0.0141,2025-12-31
Axis Mutual Fund,AXISUSF,Axis Ultra Short Duration Fund,7.50% National Bank For Agriculture and Rural Development (31/08/2026) **,Other,INE261F08EA6,7500.0,7527.5775,0.0141,2025-12-31
Axis Mutual Fund,AXISUSF,Axis Ultra Short Duration Fund,7.44% Small Industries Dev Bank of India (04/09/2026) **,Other,INE556F08KI9,7500.0,7525.755,0.0141,2025-12-31
Axis Mutual Fund,AXISUSF,Axis Ultra Short Duration Fund,7.14% Gujarat State Development Loans (11/01/2027),Other,IN1520160178,7000000.0,7079.254,0.0132,2025-12-31
Axis Mutual Fund,AXISUSF,Axis Ultra Short Duration Fund,8.30% Godrej Industries Limited (12/06/2026) **,Other,INE233A08071,6000.0,6025.968,0.0113,2025-12-31
Axis Mutual Fund,AXISUSF,Axis Ultra Short Duration Fund,8.02% Mindspace Business Parks REIT (13/04/2026) **,Other,INE0CCU07074,6000.0,6020.856,0.0112,2025-12-31
Axis Mutual Fund,AXISUSF,Axis Ultra Short Duration Fund,7.54% Small Industries Dev Bank of India (12/01/2026) **,Other,INE556F08KF5,600.0,6002.46,0.0112,2025-12-31
Axis Mutual Fund,AXISUSF,Axis Ultra Short Duration Fund,9.95% IndoStar Capital Finance Limited (27/05/2026) **,Other,INE896L07AI0,5500.0,5532.362,0.0103,2025-12-31
Axis Mutual Fund,AXISUSF,Axis Ultra Short Duration Fund,9.75% Nuvama Wealth Finance Limited (17/01/2028) **,Other,INE918K07PU7,5500.0,5516.3075,0.0103,2025-12-31
Axis Mutual Fund,AXISUSF,Axis Ultra Short Duration Fund,7.97% Mankind Pharma Limited (16/11/2027) **,Other,INE634S07033,5000.0,5057.48,0.0094,2025-12-31
Axis Mutual Fund,AXISUSF,Axis Ultra Short Duration Fund,7.8% National Bank For Agriculture and Rural Development (15/03/2027),Other,INE261F08EF5,5000.0,5053.75,0.0094,2025-12-31
Axis Mutual Fund,AXISUSF,Axis Ultra Short Duration Fund,7.75% Mindspace Business Parks REIT (30/06/2026) **,Other,INE0CCU07082,5000.0,5023.775,0.0094,2025-12-31
Axis Mutual Fund,AXISUSF,Axis Ultra Short Duration Fund,7.58% National Bank For Agriculture and Rural Development (31/07/2026),Other,INE261F08DX0,5000.0,5017.085,0.0094,2025-12-31
Axis Mutual Fund,AXISUSF,Axis Ultra Short Duration Fund,7.43% Small Industries Dev Bank of India (31/08/2026) **,Other,INE556F08KH1,5000.0,5016.42,0.0094,2025-12-31
Axis Mutual Fund,AXISUSF,Axis Ultra Short Duration Fund,9.25% SK Finance Limited (24/10/2027) **,Other,INE124N07762,5000.0,5011.105,0.0094,2025-12-31
Axis Mutual Fund,AXISUSF,Axis Ultra Short Duration Fund,7.55% Poonawalla Fincorp Limited (25/03/2027) **,Other,INE511C07946,5000.0,5000.575,0.0093,2025-12-31
Axis Mutual Fund,AXISUSF,Axis Ultra Short Duration Fund,8.75% 360 One Prime Limited (10/09/2027) **,Other,INE248U07GA9,5000.0,5000.29,0.0093,2025-12-31
Axis Mutual Fund,AXISUSF,Axis Ultra Short Duration Fund,8.75% Shriram Finance Limited (15/06/2026) **,Other,INE721A07RH9,4800.0,4830.9168,0.009,2025-12-31
Axis Mutual Fund,AXISUSF,Axis Ultra Short Duration Fund,7.57% National Bank For Agriculture and Rural Development (19/03/2026) **,Other,INE261F08DW2,4000.0,4008.904,0.0075,2025-12-31
Axis Mutual Fund,AXISUSF,Axis Ultra Short Duration Fund,7.99% Mankind Pharma Limited (16/04/2026) **,Other,INE634S07017,3500.0,3508.0535,0.0066,2025-12-31
Axis Mutual Fund,AXISUSF,Axis Ultra Short Duration Fund,7.7201% LIC Housing Finance Limited (12/02/2026) **,Other,INE115A07QB9,350.0,3504.452,0.0065,2025-12-31
Axis Mutual Fund,AXISUSF,Axis Ultra Short Duration Fund,8.38% Rajasthan State Development Loans (27/01/2026),Other,IN2920150231,3000000.0,3006.093,0.0056,2025-12-31
Axis Mutual Fund,AXISUSF,Axis Ultra Short Duration Fund,9.10% Shriram Finance Limited (18/03/2027) **,Other,INE721A07RZ1,2500.0,2549.26,0.0048,2025-12-31
Axis Mutual Fund,AXISUSF,Axis Ultra Short Duration Fund,8.52% Muthoot Finance Limited (07/04/2028) **,Other,INE414G07JN3,2500.0,2536.0375,0.0047,2025-12-31
Axis Mutual Fund,AXISUSF,Axis Ultra Short Duration Fund,8.75% Godrej Finance Limited (18/01/2027) **,Other,INE02KN07022,2500.0,2530.45,0.0047,2025-12-31
Axis Mutual Fund,AXISUSF,Axis Ultra Short Duration Fund,8.36% Godrej Industries Limited (28/08/2026) **,Other,INE233A08121,2500.0,2511.28,0.0047,2025-12-31
Axis Mutual Fund,AXISUSF,Axis Ultra Short Duration Fund,7.49% National Bank For Agriculture and Rural Development (15/10/2026),Other,INE261F08EB4,2500.0,2510.845,0.0047,2025-12-31
Axis Mutual Fund,AXISUSF,Axis Ultra Short Duration Fund,8.95% Phoenix Arc Pvt Limited (23/03/2028) **,Other,INE163K07147,2500.0,2505.6375,0.0047,2025-12-31
Axis Mutual Fund,AXISUSF,Axis Ultra Short Duration Fund,8.95% Phoenix Arc Pvt Limited (22/12/2028) **,Other,INE163K07162,2500.0,2504.765,0.0047,2025-12-31
Axis Mutual Fund,AXISUSF,Axis Ultra Short Duration Fund,7.27% Tata Capital Housing Finance Limited (25/04/2028) **,Other,INE033L07IN3,2500.0,2504.32,0.0047,2025-12-31
Axis Mutual Fund,AXISUSF,Axis Ultra Short Duration Fund,6.8% Embassy Office Parks REIT (07/09/2026) **,Other,INE041007068,250.0,2498.345,0.0047,2025-12-31
Axis Mutual Fund,AXISUSF,Axis Ultra Short Duration Fund,8.32% Torrent Power Limited (28/02/2027) **,Other,INE813H07382,1900.0,1922.6043,0.0036,2025-12-31
Axis Mutual Fund,AXISUSF,Axis Ultra Short Duration Fund,8.20% Tata Projects Limited (27/04/2026) **,Other,INE725H08121,1500.0,1503.0855,0.0028,2025-12-31
Axis Mutual Fund,AXISUSF,Axis Ultra Short Duration Fund,7.62% Tamilnadu State Development Loans (09/08/2026),Other,IN3120160087,1000000.0,1011.078,0.0019,2025-12-31
Axis Mutual Fund,AXISUSF,Axis Ultra Short Duration Fund,8.4% Nirma Limited (07/04/2026) **,Other,INE091A07216,1000.0,1001.773,0.0019,2025-12-31
Axis Mutual Fund,AXISUSF,Axis Ultra Short Duration Fund,7.64% Uttar Pradesh State Development Loans (29/03/2027),Other,IN3320160358,500000.0,509.593,0.001,2025-12-31
Axis Mutual Fund,AXISUSF,Axis Ultra Short Duration Fund,7.63% Andhra Pradesh State Development Loans (09/08/2026),Other,IN1020160066,500000.0,505.5045,0.0009,2025-12-31
Axis Mutual Fund,AXISUSF,Axis Ultra Short Duration Fund,9.4% IndoStar Capital Finance Limited (18/06/2027) **,Other,INE896L07AL4,500.0,502.495,0.0009,2025-12-31
Axis Mutual Fund,AXISUSF,Axis Ultra Short Duration Fund,7.27% Sundaram Home Finance Limited (24/05/2027) **,Other,INE667F07JA5,500.0,501.173,0.0009,2025-12-31
Axis Mutual Fund,AXISUSF,Axis Ultra Short Duration Fund,7.7954% Reliance Life Sciences Private Limited (08/05/2026) ** #,Other,INE11LM07023,250.0,2508.175,0.0047,2025-12-31
Axis Mutual Fund,AXISUSF,Axis Ultra Short Duration Fund,Liquid Gold Series (20/01/2028) **,Other,INE2JYU15015,90.0,6773.9973,0.0126,2025-12-31
Axis Mutual Fund,AXISUSF,Axis Ultra Short Duration Fund,Liquid Gold Series (20/10/2027) **,Other,INE29DX15014,1157.0,6765.1106,0.0126,2025-12-31
Axis Mutual Fund,AXISUSF,Axis Ultra Short Duration Fund,Sansar Trust (25/04/2031) **,Other,INE1WMT15017,500000000.0,5005.5,0.0093,2025-12-31
Axis Mutual Fund,AXISUSF,Axis Ultra Short Duration Fund,India Universal Trust (21/11/2026) **,Other,INE1CBK15011,85.0,3027.5009,0.0057,2025-12-31
Axis Mutual Fund,AXISUSF,Axis Ultra Short Duration Fund,India Universal Trust (20/09/2026) **,Other,INE16J715019,100.0,2527.8261,0.0047,2025-12-31
Axis Mutual Fund,AXISUSF,Axis Ultra Short Duration Fund,Sansar Trust (25/06/2030) **,Other,INE0YWN15017,500000000.0,1888.0,0.0035,2025-12-31
Axis Mutual Fund,AXISUSF,Axis Ultra Short Duration Fund,National Bank For Agriculture and Rural Development (24/03/2026) **,Other,INE261F16991,5000.0,24668.05,0.0461,2025-12-31
Axis Mutual Fund,AXISUSF,Axis Ultra Short Duration Fund,Union Bank of India (20/05/2026) **,Other,INE692A16KF2,5000.0,24406.55,0.0456,2025-12-31
Axis Mutual Fund,AXISUSF,Axis Ultra Short Duration Fund,HDFC Bank Limited (04/06/2026) **,Other,INE040A16HT1,4000.0,19476.94,0.0364,2025-12-31
Axis Mutual Fund,AXISUSF,Axis Ultra Short Duration Fund,HDFC Bank Limited (24/03/2026),Other,INE040A16GS5,3300.0,16283.8005,0.0304,2025-12-31
Axis Mutual Fund,AXISUSF,Axis Ultra Short Duration Fund,Small Industries Dev Bank of India (27/02/2026),Other,INE556F16BB6,3000.0,14860.755,0.0277,2025-12-31
Axis Mutual Fund,AXISUSF,Axis Ultra Short Duration Fund,Bank of India (10/03/2026) **,Other,INE084A16EK5,3000.0,14834.595,0.0277,2025-12-31
Axis Mutual Fund,AXISUSF,Axis Ultra Short Duration Fund,Kotak Mahindra Bank Limited (18/05/2026) **,Other,INE237AD6059,3000.0,14652.69,0.0274,2025-12-31
Axis Mutual Fund,AXISUSF,Axis Ultra Short Duration Fund,Canara Bank (29/05/2026) **,Other,INE476A16F03,3000.0,14624.64,0.0273,2025-12-31
Axis Mutual Fund,AXISUSF,Axis Ultra Short Duration Fund,Kotak Mahindra Bank Limited (31/08/2026) **,Other,INE237AD6075,3000.0,14383.935,0.0269,2025-12-31
Axis Mutual Fund,AXISUSF,Axis Ultra Short Duration Fund,HDFC Bank Limited (13/11/2026) **,Other,INE040A16HW5,3000.0,14188.065,0.0265,2025-12-31
Axis Mutual Fund,AXISUSF,Axis Ultra Short Duration Fund,IndusInd Bank Limited (12/03/2026) **,Other,INE095A167B3,2000.0,9883.34,0.0185,2025-12-31
Axis Mutual Fund,AXISUSF,Axis Ultra Short Duration Fund,Small Industries Dev Bank of India (25/03/2026) **,Other,INE556F16BF7,2000.0,9865.51,0.0184,2025-12-31
Axis Mutual Fund,AXISUSF,Axis Ultra Short Duration Fund,Indian Bank (30/04/2026) **,Other,INE562A16PQ3,2000.0,9797.8,0.0183,2025-12-31
Axis Mutual Fund,AXISUSF,Axis Ultra Short Duration Fund,Canara Bank (12/03/2026) **,Other,INE476A16B23,1000.0,4943.825,0.0092,2025-12-31
Axis Mutual Fund,AXISUSF,Axis Ultra Short Duration Fund,Canara Bank (18/03/2026),Other,INE476A16B64,1000.0,4938.465,0.0092,2025-12-31
Axis Mutual Fund,AXISUSF,Axis Ultra Short Duration Fund,Bank of Baroda (13/03/2026) **,Other,INE028A16IC0,500.0,2471.5625,0.0046,2025-12-31
Axis Mutual Fund,AXISUSF,Axis Ultra Short Duration Fund,Union Bank of India (27/02/2026) **,Other,INE692A16IX9,400.0,1981.664,0.0037,2025-12-31
Axis Mutual Fund,AXISUSF,Axis Ultra Short Duration Fund,ICICI Securities Limited (02/03/2026) **,Other,INE763G14C61,2500.0,12368.25,0.0231,2025-12-31
Axis Mutual Fund,AXISUSF,Axis Ultra Short Duration Fund,Godrej Housing Finance Limited (13/02/2026) **,Other,INE02JD14591,2000.0,9927.81,0.0185,2025-12-31
Axis Mutual Fund,AXISUSF,Axis Ultra Short Duration Fund,Infina Finance Private Limited (22/05/2026) **,Other,INE879F14KU8,2000.0,9730.12,0.0182,2025-12-31
Axis Mutual Fund,AXISUSF,Axis Ultra Short Duration Fund,HSBC InvestDirect Financial Services (India) Limited (08/05/2026) **,Other,INE790I14GR5,1000.0,4879.705,0.0091,2025-12-31
Axis Mutual Fund,AXISUSF,Axis Ultra Short Duration Fund,182 Days Tbill (MD 30/04/2026),Other,IN002025Y313,25000000.0,24570.625,0.0459,2025-12-31
Axis Mutual Fund,AXISUSF,Axis Ultra Short Duration Fund,182 Days Tbill (MD 26/03/2026),Other,IN002025Y263,18000000.0,17789.166,0.0332,2025-12-31
Axis Mutual Fund,AXISUSF,Axis Ultra Short Duration Fund,SBI - Corporate Debt Market Development Fund (CDMDF) - Class A2,Other,INF0RQ622028,15086.78,1743.0952,0.0033,2025-12-31
Axis Mutual Fund,AXISVAL,Axis Value Fund,HDFC Bank Limited,Other,INE040A01034,1005395.0,9965.4752,0.0726,2025-12-31
Axis Mutual Fund,AXISVAL,Axis Value Fund,ICICI Bank Limited,Other,INE090A01021,610945.0,8204.3804,0.0598,2025-12-31
Axis Mutual Fund,AXISVAL,Axis Value Fund,Reliance Industries Limited,Other,INE002A01018,459467.0,7215.4698,0.0526,2025-12-31
Axis Mutual Fund,AXISVAL,Axis Value Fund,State Bank of India,Other,INE062A01020,469633.0,4612.7353,0.0336,2025-12-31
Axis Mutual Fund,AXISVAL,Axis Value Fund,Infosys Limited,Other,INE009A01021,281290.0,4543.9587,0.0331,2025-12-31
Axis Mutual Fund,AXISVAL,Axis Value Fund,Bharti Airtel Limited,Other,INE397D01024,203554.0,4286.033,0.0312,2025-12-31
Axis Mutual Fund,AXISVAL,Axis Value Fund,Larsen & Toubro Limited,Other,INE018A01030,85369.0,3486.0431,0.0254,2025-12-31
Axis Mutual Fund,AXISVAL,Axis Value Fund,Mahindra & Mahindra Limited,Other,INE101A01026,80614.0,2990.1345,0.0218,2025-12-31
Axis Mutual Fund,AXISVAL,Axis Value Fund,NTPC Limited,Other,INE733E01010,873642.0,2879.0872,0.021,2025-12-31
Axis Mutual Fund,AXISVAL,Axis Value Fund,Shriram Finance Limited,Other,INE721A01047,248910.0,2479.6414,0.0181,2025-12-31
Axis Mutual Fund,AXISVAL,Axis Value Fund,Kotak Mahindra Bank Limited,Other,INE237A01028,104905.0,2309.064,0.0168,2025-12-31
Axis Mutual Fund,AXISVAL,Axis Value Fund,Tech Mahindra Limited,Other,INE669C01036,140415.0,2233.8622,0.0163,2025-12-31
Axis Mutual Fund,AXISVAL,Axis Value Fund,Sun Pharmaceutical Industries Limited,Other,INE044A01036,127142.0,2186.461,0.0159,2025-12-31
Axis Mutual Fund,AXISVAL,Axis Value Fund,Bharat Electronics Limited,Other,INE263A01024,522302.0,2087.1188,0.0152,2025-12-31
Axis Mutual Fund,AXISVAL,Axis Value Fund,Multi Commodity Exchange of India Limited,Other,INE745G01035,18179.0,2024.4134,0.0148,2025-12-31
Axis Mutual Fund,AXISVAL,Axis Value Fund,Fortis Healthcare Limited,Other,INE061F01013,222390.0,1965.9276,0.0143,2025-12-31
Axis Mutual Fund,AXISVAL,Axis Value Fund,Minda Corporation Limited,Other,INE842C01021,309571.0,1777.2471,0.013,2025-12-31
Axis Mutual Fund,AXISVAL,Axis Value Fund,HDFC Life Insurance Company Limited,Other,INE795G01014,234159.0,1755.8413,0.0128,2025-12-31
Axis Mutual Fund,AXISVAL,Axis Value Fund,Bharat Petroleum Corporation Limited,Other,INE029A01011,442568.0,1699.4611,0.0124,2025-12-31
Axis Mutual Fund,AXISVAL,Axis Value Fund,GE Vernova T&D India Limited,Other,INE200A01026,53987.0,1691.1428,0.0123,2025-12-31
Axis Mutual Fund,AXISVAL,Axis Value Fund,Premier Energies Limited,Other,INE0BS701011,200690.0,1690.1108,0.0123,2025-12-31
Axis Mutual Fund,AXISVAL,Axis Value Fund,RBL Bank Limited,Other,INE976G01028,514295.0,1624.1436,0.0118,2025-12-31
Axis Mutual Fund,AXISVAL,Axis Value Fund,The Federal Bank Limited,Other,INE171A01029,598721.0,1599.1838,0.0117,2025-12-31
Axis Mutual Fund,AXISVAL,Axis Value Fund,UltraTech Cement Limited,Other,INE481G01011,12986.0,1530.2702,0.0112,2025-12-31
Axis Mutual Fund,AXISVAL,Axis Value Fund,PNB Housing Finance Limited,Other,INE572E01012,152427.0,1450.3429,0.0106,2025-12-31
Axis Mutual Fund,AXISVAL,Axis Value Fund,Laurus Labs Limited,Other,INE947Q01028,128857.0,1427.7356,0.0104,2025-12-31
Axis Mutual Fund,AXISVAL,Axis Value Fund,TVS Motor Company Limited,Other,INE494B01023,37811.0,1406.4936,0.0102,2025-12-31
Axis Mutual Fund,AXISVAL,Axis Value Fund,Varun Beverages Limited,Other,INE200M01039,286842.0,1405.0955,0.0102,2025-12-31
Axis Mutual Fund,AXISVAL,Axis Value Fund,City Union Bank Limited,Other,INE491A01021,477921.0,1389.7943,0.0101,2025-12-31
Axis Mutual Fund,AXISVAL,Axis Value Fund,SBI Life Insurance Company Limited,Other,INE123W01016,67510.0,1373.761,0.01,2025-12-31
Axis Mutual Fund,AXISVAL,Axis Value Fund,ITC Limited,Other,INE154A01025,324288.0,1306.8806,0.0095,2025-12-31
Axis Mutual Fund,AXISVAL,Axis Value Fund,CG Power and Industrial Solutions Limited,Other,INE067A01029,194083.0,1257.4638,0.0092,2025-12-31
Axis Mutual Fund,AXISVAL,Axis Value Fund,Jindal Steel Limited,Other,INE749A01030,118794.0,1251.8512,0.0091,2025-12-31
Axis Mutual Fund,AXISVAL,Axis Value Fund,Bajaj Finserv Limited,Other,INE918I01026,60928.0,1242.8703,0.0091,2025-12-31
Axis Mutual Fund,AXISVAL,Axis Value Fund,Granules India Limited,Other,INE101D01020,203827.0,1219.9046,0.0089,2025-12-31
Axis Mutual Fund,AXISVAL,Axis Value Fund,Tata Consultancy Services Limited,Other,INE467B01029,36525.0,1171.0646,0.0085,2025-12-31
Axis Mutual Fund,AXISVAL,Axis Value Fund,Bharat Heavy Electricals Limited,Other,INE257A01026,399635.0,1148.7508,0.0084,2025-12-31
Axis Mutual Fund,AXISVAL,Axis Value Fund,Vedanta Limited,Other,INE205A01025,188740.0,1140.7446,0.0083,2025-12-31
Axis Mutual Fund,AXISVAL,Axis Value Fund,Apar Industries Limited,Other,INE372A01015,13304.0,1113.2122,0.0081,2025-12-31
Axis Mutual Fund,AXISVAL,Axis Value Fund,Karur Vysya Bank Limited,Other,INE036D01028,420473.0,1109.3339,0.0081,2025-12-31
Axis Mutual Fund,AXISVAL,Axis Value Fund,Bajaj Finance Limited,Other,INE296A01032,110338.0,1088.8154,0.0079,2025-12-31
Axis Mutual Fund,AXISVAL,Axis Value Fund,Maruti Suzuki India Limited,Other,INE585B01010,6397.0,1068.1071,0.0078,2025-12-31
Axis Mutual Fund,AXISVAL,Axis Value Fund,JB Chemicals & Pharmaceuticals Limited,Other,INE572A01036,57844.0,1052.5873,0.0077,2025-12-31
Axis Mutual Fund,AXISVAL,Axis Value Fund,Sona BLW Precision Forgings Limited,Other,INE073K01018,219357.0,1051.5975,0.0077,2025-12-31
Axis Mutual Fund,AXISVAL,Axis Value Fund,Torrent Pharmaceuticals Limited,Other,INE685A01028,26209.0,1009.0465,0.0074,2025-12-31
Axis Mutual Fund,AXISVAL,Axis Value Fund,The Phoenix Mills Limited,Other,INE211B01039,53182.0,985.7284,0.0072,2025-12-31
Axis Mutual Fund,AXISVAL,Axis Value Fund,Lupin Limited,Other,INE326A01037,46510.0,981.1285,0.0071,2025-12-31
Axis Mutual Fund,AXISVAL,Axis Value Fund,Ashok Leyland Limited,Other,INE208A01029,546667.0,979.5726,0.0071,2025-12-31
Axis Mutual Fund,AXISVAL,Axis Value Fund,Apollo Hospitals Enterprise Limited,Other,INE437A01024,13698.0,964.6817,0.007,2025-12-31
Axis Mutual Fund,AXISVAL,Axis Value Fund,Tata Capital Limited,Other,INE976I01016,280174.0,957.7748,0.007,2025-12-31
Axis Mutual Fund,AXISVAL,Axis Value Fund,Cipla Limited,Other,INE059A01026,61718.0,932.7441,0.0068,2025-12-31
Axis Mutual Fund,AXISVAL,Axis Value Fund,Jyoti CNC Automation Ltd,Other,INE980O01024,89277.0,883.2174,0.0064,2025-12-31
Axis Mutual Fund,AXISVAL,Axis Value Fund,Vishal Mega Mart Limited,Other,INE01EA01019,637903.0,869.9083,0.0063,2025-12-31
Axis Mutual Fund,AXISVAL,Axis Value Fund,Craftsman Automation Limited,Other,INE00LO01017,11205.0,861.6085,0.0063,2025-12-31
Axis Mutual Fund,AXISVAL,Axis Value Fund,Hyundai Motor India Ltd,Other,INE0V6F01027,37245.0,855.8901,0.0062,2025-12-31
Axis Mutual Fund,AXISVAL,Axis Value Fund,Tata Motors Ltd,Other,INE1TAE01010,201618.0,837.7228,0.0061,2025-12-31
Axis Mutual Fund,AXISVAL,Axis Value Fund,Sansera Engineering Limited,Other,INE953O01021,48472.0,812.8754,0.0059,2025-12-31
Axis Mutual Fund,AXISVAL,Axis Value Fund,Vijaya Diagnostic Centre Limited,Other,INE043W01024,75784.0,804.0682,0.0059,2025-12-31
Axis Mutual Fund,AXISVAL,Axis Value Fund,India Shelter Finance Corporation Limited,Other,INE922K01024,98454.0,791.4225,0.0058,2025-12-31
Axis Mutual Fund,AXISVAL,Axis Value Fund,Coforge Limited,Other,INE591G01025,42637.0,709.0533,0.0052,2025-12-31
Axis Mutual Fund,AXISVAL,Axis Value Fund,Cholamandalam Investment and Finance Company Ltd,Other,INE121A01024,41523.0,706.8045,0.0052,2025-12-31
Axis Mutual Fund,AXISVAL,Axis Value Fund,Indus Towers Limited,Other,INE121J01017,163860.0,686.1638,0.005,2025-12-31
Axis Mutual Fund,AXISVAL,Axis Value Fund,Welspun Corp Limited,Other,INE191B01025,84081.0,684.7557,0.005,2025-12-31
Axis Mutual Fund,AXISVAL,Axis Value Fund,Aditya Infotech Limited,Other,INE819V01029,45698.0,681.0373,0.005,2025-12-31
Axis Mutual Fund,AXISVAL,Axis Value Fund,Indian Bank,Other,INE562A01011,78407.0,656.4626,0.0048,2025-12-31
Axis Mutual Fund,AXISVAL,Axis Value Fund,L&T Finance Limited,Other,INE498L01015,207732.0,656.3293,0.0048,2025-12-31
Axis Mutual Fund,AXISVAL,Axis Value Fund,Samvardhana Motherson International Limited,Other,INE775A01035,541451.0,649.4163,0.0047,2025-12-31
Axis Mutual Fund,AXISVAL,Axis Value Fund,Gabriel India Limited,Other,INE524A01029,61297.0,618.9771,0.0045,2025-12-31
Axis Mutual Fund,AXISVAL,Axis Value Fund,Hindustan Aeronautics Limited,Other,INE066F01020,13721.0,602.1735,0.0044,2025-12-31
Axis Mutual Fund,AXISVAL,Axis Value Fund,Cholamandalam Financial Holdings Limited,Other,INE149A01033,32479.0,588.8118,0.0043,2025-12-31
Axis Mutual Fund,AXISVAL,Axis Value Fund,Prestige Estates Projects Limited,Other,INE811K01011,36677.0,584.9248,0.0043,2025-12-31
Axis Mutual Fund,AXISVAL,Axis Value Fund,Bajaj Auto Limited,Other,INE917I01010,6227.0,581.7886,0.0042,2025-12-31
Axis Mutual Fund,AXISVAL,Axis Value Fund,eClerx Services Limited,Other,INE738I01010,12039.0,565.2672,0.0041,2025-12-31
Axis Mutual Fund,AXISVAL,Axis Value Fund,Anant Raj Limited,Other,INE242C01024,103033.0,563.8996,0.0041,2025-12-31
Axis Mutual Fund,AXISVAL,Axis Value Fund,Firstsource Solutions Limited,Other,INE684F01012,166467.0,558.9962,0.0041,2025-12-31
Axis Mutual Fund,AXISVAL,Axis Value Fund,Birlasoft Limited,Other,INE836A01035,128747.0,557.8608,0.0041,2025-12-31
Axis Mutual Fund,AXISVAL,Axis Value Fund,Healthcare Global Enterprises Limited,Other,INE075I01017,78545.0,519.9679,0.0038,2025-12-31
Axis Mutual Fund,AXISVAL,Axis Value Fund,Krishna Institute Of Medical Sciences Limited,Other,INE967H01025,84750.0,515.7885,0.0038,2025-12-31
Axis Mutual Fund,AXISVAL,Axis Value Fund,Ujjivan Small Finance Bank Limited,Other,INE551W01018,973221.0,515.7098,0.0038,2025-12-31
Axis Mutual Fund,AXISVAL,Axis Value Fund,PG Electroplast Limited,Other,INE457L01029,89548.0,515.1696,0.0038,2025-12-31
Axis Mutual Fund,AXISVAL,Axis Value Fund,Onesource Specialty Pharma Limited,Other,INE013P01021,27974.0,506.4972,0.0037,2025-12-31
Axis Mutual Fund,AXISVAL,Axis Value Fund,Brigade Enterprises Limited,Other,INE791I01019,56934.0,503.8659,0.0037,2025-12-31
Axis Mutual Fund,AXISVAL,Axis Value Fund,Solar Industries India Limited,Other,INE343H01029,4056.0,496.9411,0.0036,2025-12-31
Axis Mutual Fund,AXISVAL,Axis Value Fund,Tata Steel Limited,Other,INE081A01020,265971.0,478.9606,0.0035,2025-12-31
Axis Mutual Fund,AXISVAL,Axis Value Fund,KFin Technologies Limited,Other,INE138Y01010,41513.0,449.1707,0.0033,2025-12-31
Axis Mutual Fund,AXISVAL,Axis Value Fund,Sagility Limited,Other,INE0W2G01015,825644.0,429.5,0.0031,2025-12-31
Axis Mutual Fund,AXISVAL,Axis Value Fund,Hindalco Industries Limited,Other,INE038A01020,44397.0,393.6682,0.0029,2025-12-31
Axis Mutual Fund,AXISVAL,Axis Value Fund,Kaynes Technology India Limited,Other,INE918Z01012,8320.0,333.8816,0.0024,2025-12-31
Axis Mutual Fund,AXISVAL,Axis Value Fund,K.P.R. Mill Limited,Other,INE930H01031,35105.0,330.8295,0.0024,2025-12-31
Axis Mutual Fund,AXISVAL,Axis Value Fund,Oil & Natural Gas Corporation Limited,Other,INE213A01029,137050.0,329.4408,0.0024,2025-12-31
Axis Mutual Fund,AXISVAL,Axis Value Fund,LG Electronics India Ltd,Other,INE324D01010,20852.0,317.2423,0.0023,2025-12-31
Axis Mutual Fund,AXISVAL,Axis Value Fund,Mrs. Bectors Food Specialities Limited,Other,INE495P01020,113370.0,261.2045,0.0019,2025-12-31
Axis Mutual Fund,AXISVAL,Axis Value Fund,UNO Minda Limited,Other,INE405E01023,18624.0,239.4674,0.0017,2025-12-31
Axis Mutual Fund,AXISVAL,Axis Value Fund,Wipro Limited,Other,INE075A01022,83925.0,220.9577,0.0016,2025-12-31
Axis Mutual Fund,AXISVAL,Axis Value Fund,Dixon Technologies (India) Limited,Other,INE935N01020,1636.0,197.9887,0.0014,2025-12-31
Axis Mutual Fund,AXISVAL,Axis Value Fund,Atlanta Electricals Ltd,Other,INE0Z4F01028,13091.0,115.1223,0.0008,2025-12-31
Axis Mutual Fund,AXISVAL,Axis Value Fund,6% TVS Motor Co Non Conv Rede Pref Shares 01SEP26 **,Other,INE494B04019,128024.0,13.0405,0.0001,2025-12-31
Axis Mutual Fund,AXISVIF,Axis Nifty500 Value 50 Index Fund,Tata Steel Limited,Equity,INE081A01020,328595.0,591.7339,0.0524,2025-12-31
Axis Mutual Fund,AXISVIF,Axis Nifty500 Value 50 Index Fund,Oil & Natural Gas Corporation Limited,Equity,INE213A01029,236958.0,569.5996,0.0504,2025-12-31
Axis Mutual Fund,AXISVIF,Axis Nifty500 Value 50 Index Fund,Tata Motors Passenger Vehicles Limited,Equity,INE155A01022,154626.0,568.0186,0.0503,2025-12-31
Axis Mutual Fund,AXISVIF,Axis Nifty500 Value 50 Index Fund,NTPC Limited,Equity,INE733E01010,171460.0,565.0464,0.05,2025-12-31
Axis Mutual Fund,AXISVIF,Axis Nifty500 Value 50 Index Fund,State Bank of India,Equity,INE062A01020,57516.0,564.9222,0.05,2025-12-31
Axis Mutual Fund,AXISVIF,Axis Nifty500 Value 50 Index Fund,Hindalco Industries Limited,Equity,INE038A01020,63675.0,564.6062,0.05,2025-12-31
Axis Mutual Fund,AXISVIF,Axis Nifty500 Value 50 Index Fund,Vedanta Limited,Equity,INE205A01025,92490.0,559.0096,0.0495,2025-12-31
Axis Mutual Fund,AXISVIF,Axis Nifty500 Value 50 Index Fund,Grasim Industries Limited,Equity,INE047A01021,19721.0,557.9071,0.0494,2025-12-31
Axis Mutual Fund,AXISVIF,Axis Nifty500 Value 50 Index Fund,Power Grid Corporation of India Limited,Equity,INE752E01010,209306.0,553.8237,0.049,2025-12-31
Axis Mutual Fund,AXISVIF,Axis Nifty500 Value 50 Index Fund,Coal India Limited,Equity,INE522F01014,137748.0,549.6145,0.0487,2025-12-31
Axis Mutual Fund,AXISVIF,Axis Nifty500 Value 50 Index Fund,Bharat Petroleum Corporation Limited,Equity,INE029A01011,126873.0,487.1923,0.0431,2025-12-31
Axis Mutual Fund,AXISVIF,Axis Nifty500 Value 50 Index Fund,Indian Oil Corporation Limited,Equity,INE242A01010,267891.0,445.9314,0.0395,2025-12-31
Axis Mutual Fund,AXISVIF,Axis Nifty500 Value 50 Index Fund,Hindustan Petroleum Corporation Limited,Equity,INE094A01015,69752.0,348.0974,0.0308,2025-12-31
Axis Mutual Fund,AXISVIF,Axis Nifty500 Value 50 Index Fund,Power Finance Corporation Limited,Equity,INE134E01011,88117.0,313.1678,0.0277,2025-12-31
Axis Mutual Fund,AXISVIF,Axis Nifty500 Value 50 Index Fund,Bank of Baroda,Equity,INE028A01039,82040.0,242.7564,0.0215,2025-12-31
Axis Mutual Fund,AXISVIF,Axis Nifty500 Value 50 Index Fund,GAIL (India) Limited,Equity,INE129A01019,133395.0,229.6528,0.0203,2025-12-31
Axis Mutual Fund,AXISVIF,Axis Nifty500 Value 50 Index Fund,REC Limited,Equity,INE020B01018,62437.0,222.7752,0.0197,2025-12-31
Axis Mutual Fund,AXISVIF,Axis Nifty500 Value 50 Index Fund,Canara Bank,Equity,INE476A01022,137812.0,213.4846,0.0189,2025-12-31
Axis Mutual Fund,AXISVIF,Axis Nifty500 Value 50 Index Fund,IndusInd Bank Limited,Equity,INE095A01012,23049.0,199.1895,0.0176,2025-12-31
Axis Mutual Fund,AXISVIF,Axis Nifty500 Value 50 Index Fund,UPL Limited,Equity,INE628A01036,24940.0,198.3104,0.0176,2025-12-31
Axis Mutual Fund,AXISVIF,Axis Nifty500 Value 50 Index Fund,Aster DM Healthcare Limited,Equity,INE914M01019,31231.0,192.6484,0.0171,2025-12-31
Axis Mutual Fund,AXISVIF,Axis Nifty500 Value 50 Index Fund,NMDC Limited,Equity,INE584A01023,226099.0,188.0465,0.0167,2025-12-31
Axis Mutual Fund,AXISVIF,Axis Nifty500 Value 50 Index Fund,Redington Limited,Equity,INE891D01026,68119.0,185.5221,0.0164,2025-12-31
Axis Mutual Fund,AXISVIF,Axis Nifty500 Value 50 Index Fund,National Aluminium Company Limited,Equity,INE139A01034,57451.0,180.5685,0.016,2025-12-31
Axis Mutual Fund,AXISVIF,Axis Nifty500 Value 50 Index Fund,Punjab National Bank,Equity,INE160A01022,140810.0,174.013,0.0154,2025-12-31
Axis Mutual Fund,AXISVIF,Axis Nifty500 Value 50 Index Fund,Steel Authority of India Limited,Equity,INE114A01011,113427.0,166.7263,0.0148,2025-12-31
Axis Mutual Fund,AXISVIF,Axis Nifty500 Value 50 Index Fund,The Federal Bank Limited,Equity,INE171A01029,57576.0,153.7855,0.0136,2025-12-31
Axis Mutual Fund,AXISVIF,Axis Nifty500 Value 50 Index Fund,Union Bank of India,Equity,INE692A01016,90387.0,138.9791,0.0123,2025-12-31
Axis Mutual Fund,AXISVIF,Axis Nifty500 Value 50 Index Fund,Oil India Limited,Equity,INE274J01014,24122.0,102.3617,0.0091,2025-12-31
Axis Mutual Fund,AXISVIF,Axis Nifty500 Value 50 Index Fund,Petronet LNG Limited,Equity,INE347G01014,34822.0,98.9293,0.0088,2025-12-31
Axis Mutual Fund,AXISVIF,Axis Nifty500 Value 50 Index Fund,The Great Eastern Shipping Company Limited,Equity,INE017A01032,7928.0,89.5071,0.0079,2025-12-31
Axis Mutual Fund,AXISVIF,Axis Nifty500 Value 50 Index Fund,Indian Bank,Equity,INE562A01011,10625.0,88.9578,0.0079,2025-12-31
Axis Mutual Fund,AXISVIF,Axis Nifty500 Value 50 Index Fund,Karur Vysya Bank Limited,Equity,INE036D01028,30120.0,79.4656,0.007,2025-12-31
Axis Mutual Fund,AXISVIF,Axis Nifty500 Value 50 Index Fund,Bank of India,Equity,INE084A01016,54685.0,78.6644,0.007,2025-12-31
Axis Mutual Fund,AXISVIF,Axis Nifty500 Value 50 Index Fund,LIC Housing Finance Limited,Equity,INE115A01026,13083.0,70.5893,0.0063,2025-12-31
Axis Mutual Fund,AXISVIF,Axis Nifty500 Value 50 Index Fund,CESC Limited,Equity,INE486A01021,40011.0,67.0424,0.0059,2025-12-31
Axis Mutual Fund,AXISVIF,Axis Nifty500 Value 50 Index Fund,Reliance Power Limited,Equity,INE614G01033,189627.0,66.085,0.0059,2025-12-31
Axis Mutual Fund,AXISVIF,Axis Nifty500 Value 50 Index Fund,Tata Chemicals Limited,Equity,INE092A01019,8474.0,64.8727,0.0057,2025-12-31
Axis Mutual Fund,AXISVIF,Axis Nifty500 Value 50 Index Fund,IRB Infrastructure Developers Limited,Equity,INE821I01022,153115.0,64.3849,0.0057,2025-12-31
Axis Mutual Fund,AXISVIF,Axis Nifty500 Value 50 Index Fund,Zee Entertainment Enterprises Limited,Equity,INE256A01028,67248.0,60.4963,0.0054,2025-12-31
Axis Mutual Fund,AXISVIF,Axis Nifty500 Value 50 Index Fund,Cholamandalam Financial Holdings Limited,Equity,INE149A01033,3255.0,59.0099,0.0052,2025-12-31
Axis Mutual Fund,AXISVIF,Axis Nifty500 Value 50 Index Fund,RBL Bank Limited,Equity,INE976G01028,17372.0,54.8608,0.0049,2025-12-31
Axis Mutual Fund,AXISVIF,Axis Nifty500 Value 50 Index Fund,Reliance Infrastructure Limited,Equity,INE036A01016,28686.0,47.1999,0.0042,2025-12-31
Axis Mutual Fund,AXISVIF,Axis Nifty500 Value 50 Index Fund,NCC Limited,Equity,INE868B01028,25931.0,41.6037,0.0037,2025-12-31
Axis Mutual Fund,AXISVIF,Axis Nifty500 Value 50 Index Fund,Manappuram Finance Limited,Equity,INE522D01027,13188.0,40.6916,0.0036,2025-12-31
Axis Mutual Fund,AXISVIF,Axis Nifty500 Value 50 Index Fund,Bandhan Bank Limited,Equity,INE545U01014,26730.0,38.9777,0.0035,2025-12-31
Axis Mutual Fund,AXISVIF,Axis Nifty500 Value 50 Index Fund,Bank of Maharashtra,Equity,INE457A01014,60004.0,37.2325,0.0033,2025-12-31
Axis Mutual Fund,AXISVIF,Axis Nifty500 Value 50 Index Fund,Chambal Fertilizers & Chemicals Limited,Equity,INE085A01013,7481.0,36.0659,0.0032,2025-12-31
Axis Mutual Fund,AXISVIF,Axis Nifty500 Value 50 Index Fund,Sammaan Capital Limited,Equity,INE148I01020,24381.0,35.5085,0.0031,2025-12-31
Axis Mutual Fund,AXISVIF,Axis Nifty500 Value 50 Index Fund,Mahanagar Gas Limited,Equity,INE002S01010,1687.0,19.166,0.0017,2025-12-31
